condition,trial,sample,logical_neuron,replica,physical_coordinate,nominal_input_s,first_spike_s,fired,spike_count
ttfs_M1_local-pool_dedicated,0,0,0,0,0,2.1e-05,,0,0
ttfs_M1_local-pool_dedicated,0,0,1,0,128,2.1e-05,,0,0
ttfs_M1_local-pool_dedicated,0,0,2,0,256,2.4999999999999998e-05,,0,0
ttfs_M1_local-pool_dedicated,0,0,3,0,384,2.4999999999999998e-05,,0,0
ttfs_M1_local-pool_dedicated,0,0,4,0,1,2.4999999999999998e-05,,0,0
ttfs_M1_local-pool_dedicated,0,0,5,0,129,2.1e-05,,0,0
ttfs_M1_local-pool_dedicated,0,0,6,0,257,2.4999999999999998e-05,3.0647999999999995e-05,1,1
ttfs_M1_local-pool_dedicated,0,0,7,0,385,2.4999999999999998e-05,,0,0
ttfs_M1_local-pool_dedicated,0,0,8,0,2,2.4999999999999998e-05,3.1768e-05,1,1
ttfs_M1_local-pool_dedicated,0,0,9,0,130,2.2e-05,,0,0
ttfs_M1_local-pool_dedicated,0,0,10,0,258,2.4999999999999998e-05,,0,0
ttfs_M1_local-pool_dedicated,0,0,11,0,386,2.4999999999999998e-05,3.197599999999999e-05,1,1
ttfs_M1_local-pool_dedicated,0,0,12,0,3,2.4999999999999998e-05,3.1088e-05,1,1
ttfs_M1_local-pool_dedicated,0,0,13,0,131,2.2e-05,,0,0
ttfs_M1_local-pool_dedicated,0,0,14,0,259,1.9999999999999998e-05,,0,0
ttfs_M1_local-pool_dedicated,0,0,15,0,387,2.4999999999999998e-05,3.0879999999999996e-05,1,1
ttfs_M1_local-pool_dedicated,0,0,16,0,4,1.9999999999999998e-05,2.3727999999999997e-05,1,1
ttfs_M1_local-pool_dedicated,0,0,17,0,132,2.4999999999999998e-05,3.2319999999999995e-05,1,1
ttfs_M1_local-pool_dedicated,0,0,18,0,260,2.2e-05,,0,0
ttfs_M1_local-pool_dedicated,0,0,19,0,388,1.9999999999999998e-05,2.5111999999999996e-05,1,1
ttfs_M1_local-pool_dedicated,0,0,20,0,5,2.2e-05,2.8743999999999994e-05,1,1
ttfs_M1_local-pool_dedicated,0,0,21,0,133,2.1e-05,2.6255999999999997e-05,1,1
ttfs_M1_local-pool_dedicated,0,0,22,0,261,2.4e-05,,0,0
ttfs_M1_local-pool_dedicated,0,0,23,0,389,1.9999999999999998e-05,2.5775999999999995e-05,1,1
ttfs_M1_local-pool_dedicated,0,0,24,0,6,2.4999999999999998e-05,3.064e-05,1,1
ttfs_M1_local-pool_dedicated,0,0,25,0,134,2.4999999999999998e-05,3.208e-05,1,1
ttfs_M1_local-pool_dedicated,0,0,26,0,262,2.4999999999999998e-05,3.0303999999999996e-05,1,1
ttfs_M1_local-pool_dedicated,0,0,27,0,390,2.4999999999999998e-05,2.9847999999999996e-05,1,1
ttfs_M1_local-pool_dedicated,0,0,28,0,7,2.4999999999999998e-05,3.0223999999999997e-05,1,1
ttfs_M1_local-pool_dedicated,0,0,29,0,135,2.4999999999999998e-05,2.9943999999999997e-05,1,1
ttfs_M1_local-pool_dedicated,0,1,0,0,0,1.9999999999999998e-05,,0,0
ttfs_M1_local-pool_dedicated,0,1,1,0,128,1.9999999999999998e-05,,0,0
ttfs_M1_local-pool_dedicated,0,1,2,0,256,2.4999999999999998e-05,,0,0
ttfs_M1_local-pool_dedicated,0,1,3,0,384,2.4999999999999998e-05,,0,0
ttfs_M1_local-pool_dedicated,0,1,4,0,1,2.4999999999999998e-05,,0,0
ttfs_M1_local-pool_dedicated,0,1,5,0,129,2.1e-05,,0,0
ttfs_M1_local-pool_dedicated,0,1,6,0,257,2.2e-05,2.7647999999999997e-05,1,1
ttfs_M1_local-pool_dedicated,0,1,7,0,385,2.4999999999999998e-05,,0,0
ttfs_M1_local-pool_dedicated,0,1,8,0,2,2.4999999999999998e-05,3.0912e-05,1,1
ttfs_M1_local-pool_dedicated,0,1,9,0,130,2.2e-05,,0,0
ttfs_M1_local-pool_dedicated,0,1,10,0,258,2.4999999999999998e-05,,0,0
ttfs_M1_local-pool_dedicated,0,1,11,0,386,2.4e-05,,0,0
ttfs_M1_local-pool_dedicated,0,1,12,0,3,2.4999999999999998e-05,3.0816e-05,1,1
ttfs_M1_local-pool_dedicated,0,1,13,0,131,2.1e-05,,0,0
ttfs_M1_local-pool_dedicated,0,1,14,0,259,2.2e-05,,0,0
ttfs_M1_local-pool_dedicated,0,1,15,0,387,2.4999999999999998e-05,3.0487999999999997e-05,1,1
ttfs_M1_local-pool_dedicated,0,1,16,0,4,2.2e-05,2.5551999999999995e-05,1,1
ttfs_M1_local-pool_dedicated,0,1,17,0,132,2.2e-05,,0,0
ttfs_M1_local-pool_dedicated,0,1,18,0,260,2.1e-05,,0,0
ttfs_M1_local-pool_dedicated,0,1,19,0,388,2.2e-05,2.6679999999999995e-05,1,1
ttfs_M1_local-pool_dedicated,0,1,20,0,5,2.1e-05,,0,0
ttfs_M1_local-pool_dedicated,0,1,21,0,133,1.9999999999999998e-05,,0,0
ttfs_M1_local-pool_dedicated,0,1,22,0,261,2.4e-05,3.0879999999999996e-05,1,1
ttfs_M1_local-pool_dedicated,0,1,23,0,389,2.4999999999999998e-05,3.0567999999999996e-05,1,1
ttfs_M1_local-pool_dedicated,0,1,24,0,6,2.4999999999999998e-05,3.0343999999999996e-05,1,1
ttfs_M1_local-pool_dedicated,0,1,25,0,134,2.2e-05,,0,0
ttfs_M1_local-pool_dedicated,0,1,26,0,262,2.4999999999999998e-05,3.0191999999999995e-05,1,1
ttfs_M1_local-pool_dedicated,0,1,27,0,390,2.4999999999999998e-05,2.9655999999999995e-05,1,1
ttfs_M1_local-pool_dedicated,0,1,28,0,7,2.4999999999999998e-05,3.0135999999999994e-05,1,1
ttfs_M1_local-pool_dedicated,0,1,29,0,135,2.4999999999999998e-05,2.9791999999999995e-05,1,1
ttfs_M1_local-pool_dedicated,0,2,0,0,0,2.1e-05,,0,0
ttfs_M1_local-pool_dedicated,0,2,1,0,128,2.2e-05,,0,0
ttfs_M1_local-pool_dedicated,0,2,2,0,256,2.4999999999999998e-05,,0,0
ttfs_M1_local-pool_dedicated,0,2,3,0,384,2.4999999999999998e-05,,0,0
ttfs_M1_local-pool_dedicated,0,2,4,0,1,2.4999999999999998e-05,,0,0
ttfs_M1_local-pool_dedicated,0,2,5,0,129,2.2e-05,,0,0
ttfs_M1_local-pool_dedicated,0,2,6,0,257,2.4999999999999998e-05,3.0359999999999994e-05,1,1
ttfs_M1_local-pool_dedicated,0,2,7,0,385,2.4999999999999998e-05,3.395999999999999e-05,1,1
ttfs_M1_local-pool_dedicated,0,2,8,0,2,2.4999999999999998e-05,3.0687999999999995e-05,1,1
ttfs_M1_local-pool_dedicated,0,2,9,0,130,2.2e-05,,0,0
ttfs_M1_local-pool_dedicated,0,2,10,0,258,2.4999999999999998e-05,3.3872e-05,1,1
ttfs_M1_local-pool_dedicated,0,2,11,0,386,2.2e-05,,0,0
ttfs_M1_local-pool_dedicated,0,2,12,0,3,2.4999999999999998e-05,3.0544e-05,1,1
ttfs_M1_local-pool_dedicated,0,2,13,0,131,2.2e-05,,0,0
ttfs_M1_local-pool_dedicated,0,2,14,0,259,2.3e-05,,0,0
ttfs_M1_local-pool_dedicated,0,2,15,0,387,2.4e-05,3.1144e-05,1,1
ttfs_M1_local-pool_dedicated,0,2,16,0,4,2.3e-05,2.6479999999999997e-05,1,1
ttfs_M1_local-pool_dedicated,0,2,17,0,132,2.4e-05,,0,0
ttfs_M1_local-pool_dedicated,0,2,18,0,260,2.2e-05,2.8479999999999995e-05,1,1
ttfs_M1_local-pool_dedicated,0,2,19,0,388,2.2e-05,2.8751999999999995e-05,1,1
ttfs_M1_local-pool_dedicated,0,2,20,0,5,2.2e-05,,0,0
ttfs_M1_local-pool_dedicated,0,2,21,0,133,2.1e-05,,0,0
ttfs_M1_local-pool_dedicated,0,2,22,0,261,2.2e-05,,0,0
ttfs_M1_local-pool_dedicated,0,2,23,0,389,2.4999999999999998e-05,3.0415999999999995e-05,1,1
ttfs_M1_local-pool_dedicated,0,2,24,0,6,2.4999999999999998e-05,3.0215999999999997e-05,1,1
ttfs_M1_local-pool_dedicated,0,2,25,0,134,2.3e-05,,0,0
ttfs_M1_local-pool_dedicated,0,2,26,0,262,2.4999999999999998e-05,3.0191999999999995e-05,1,1
ttfs_M1_local-pool_dedicated,0,2,27,0,390,2.4999999999999998e-05,2.9647999999999995e-05,1,1
ttfs_M1_local-pool_dedicated,0,2,28,0,7,2.4999999999999998e-05,2.9831999999999995e-05,1,1
ttfs_M1_local-pool_dedicated,0,2,29,0,135,2.4999999999999998e-05,2.9775999999999994e-05,1,1
ttfs_M1_local-pool_dedicated,0,3,0,0,0,2.1e-05,2.5783999999999996e-05,1,1
ttfs_M1_local-pool_dedicated,0,3,1,0,128,2.4999999999999998e-05,,0,0
ttfs_M1_local-pool_dedicated,0,3,2,0,256,2.4e-05,,0,0
ttfs_M1_local-pool_dedicated,0,3,3,0,384,2.4999999999999998e-05,,0,0
ttfs_M1_local-pool_dedicated,0,3,4,0,1,2.4999999999999998e-05,,0,0
ttfs_M1_local-pool_dedicated,0,3,5,0,129,2.4e-05,,0,0
ttfs_M1_local-pool_dedicated,0,3,6,0,257,2.4e-05,,0,0
ttfs_M1_local-pool_dedicated,0,3,7,0,385,2.4999999999999998e-05,,0,0
ttfs_M1_local-pool_dedicated,0,3,8,0,2,2.4999999999999998e-05,3.3304e-05,1,1
ttfs_M1_local-pool_dedicated,0,3,9,0,130,2.4e-05,,0,0
ttfs_M1_local-pool_dedicated,0,3,10,0,258,2.4999999999999998e-05,,0,0
ttfs_M1_local-pool_dedicated,0,3,11,0,386,1.9999999999999998e-05,2.4879999999999996e-05,1,1
ttfs_M1_local-pool_dedicated,0,3,12,0,3,2.3e-05,,0,0
ttfs_M1_local-pool_dedicated,0,3,13,0,131,2.4e-05,,0,0
ttfs_M1_local-pool_dedicated,0,3,14,0,259,2.4999999999999998e-05,3.2927999999999994e-05,1,1
ttfs_M1_local-pool_dedicated,0,3,15,0,387,2.4999999999999998e-05,3.1663999999999994e-05,1,1
ttfs_M1_local-pool_dedicated,0,3,16,0,4,2.4999999999999998e-05,2.9695999999999995e-05,1,1
ttfs_M1_local-pool_dedicated,0,3,17,0,132,2.4999999999999998e-05,3.3391999999999995e-05,1,1
ttfs_M1_local-pool_dedicated,0,3,18,0,260,2.4999999999999998e-05,3.0343999999999996e-05,1,1
ttfs_M1_local-pool_dedicated,0,3,19,0,388,2.4999999999999998e-05,3.0047999999999994e-05,1,1
ttfs_M1_local-pool_dedicated,0,3,20,0,5,2.4e-05,,0,0
ttfs_M1_local-pool_dedicated,0,3,21,0,133,2.3e-05,,0,0
ttfs_M1_local-pool_dedicated,0,3,22,0,261,2.2e-05,,0,0
ttfs_M1_local-pool_dedicated,0,3,23,0,389,2.4999999999999998e-05,3.1039999999999994e-05,1,1
ttfs_M1_local-pool_dedicated,0,3,24,0,6,2.4999999999999998e-05,3.0535999999999994e-05,1,1
ttfs_M1_local-pool_dedicated,0,3,25,0,134,2.4e-05,,0,0
ttfs_M1_local-pool_dedicated,0,3,26,0,262,2.4999999999999998e-05,3.0544e-05,1,1
ttfs_M1_local-pool_dedicated,0,3,27,0,390,2.4999999999999998e-05,3.0127999999999997e-05,1,1
ttfs_M1_local-pool_dedicated,0,3,28,0,7,2.4999999999999998e-05,3.0167999999999996e-05,1,1
ttfs_M1_local-pool_dedicated,0,3,29,0,135,2.4999999999999998e-05,2.9999999999999994e-05,1,1
ttfs_M1_local-pool_dedicated,0,4,0,0,0,2.3e-05,,0,0
ttfs_M1_local-pool_dedicated,0,4,1,0,128,2.4999999999999998e-05,,0,0
ttfs_M1_local-pool_dedicated,0,4,2,0,256,2.4999999999999998e-05,,0,0
ttfs_M1_local-pool_dedicated,0,4,3,0,384,2.4999999999999998e-05,,0,0
ttfs_M1_local-pool_dedicated,0,4,4,0,1,2.4999999999999998e-05,,0,0
ttfs_M1_local-pool_dedicated,0,4,5,0,129,2.4e-05,,0,0
ttfs_M1_local-pool_dedicated,0,4,6,0,257,2.4999999999999998e-05,3.1583999999999994e-05,1,1
ttfs_M1_local-pool_dedicated,0,4,7,0,385,2.4999999999999998e-05,,0,0
ttfs_M1_local-pool_dedicated,0,4,8,0,2,2.4999999999999998e-05,3.3072e-05,1,1
ttfs_M1_local-pool_dedicated,0,4,9,0,130,2.4e-05,,0,0
ttfs_M1_local-pool_dedicated,0,4,10,0,258,2.4999999999999998e-05,,0,0
ttfs_M1_local-pool_dedicated,0,4,11,0,386,1.9999999999999998e-05,2.4807999999999997e-05,1,1
ttfs_M1_local-pool_dedicated,0,4,12,0,3,2.4e-05,,0,0
ttfs_M1_local-pool_dedicated,0,4,13,0,131,2.4e-05,,0,0
ttfs_M1_local-pool_dedicated,0,4,14,0,259,2.4999999999999998e-05,3.2976e-05,1,1
ttfs_M1_local-pool_dedicated,0,4,15,0,387,2.4999999999999998e-05,3.1599999999999996e-05,1,1
ttfs_M1_local-pool_dedicated,0,4,16,0,4,2.4999999999999998e-05,2.9751999999999996e-05,1,1
ttfs_M1_local-pool_dedicated,0,4,17,0,132,2.4999999999999998e-05,3.3384e-05,1,1
ttfs_M1_local-pool_dedicated,0,4,18,0,260,2.4e-05,,0,0
ttfs_M1_local-pool_dedicated,0,4,19,0,388,2.4999999999999998e-05,3.0511999999999995e-05,1,1
ttfs_M1_local-pool_dedicated,0,4,20,0,5,2.4e-05,,0,0
ttfs_M1_local-pool_dedicated,0,4,21,0,133,2.2e-05,,0,0
ttfs_M1_local-pool_dedicated,0,4,22,0,261,2.1e-05,2.5871999999999996e-05,1,1
ttfs_M1_local-pool_dedicated,0,4,23,0,389,2.4999999999999998e-05,3.1175999999999994e-05,1,1
ttfs_M1_local-pool_dedicated,0,4,24,0,6,2.4999999999999998e-05,3.056e-05,1,1
ttfs_M1_local-pool_dedicated,0,4,25,0,134,2.4999999999999998e-05,3.228799999999999e-05,1,1
ttfs_M1_local-pool_dedicated,0,4,26,0,262,2.4999999999999998e-05,3.0423999999999995e-05,1,1
ttfs_M1_local-pool_dedicated,0,4,27,0,390,2.4999999999999998e-05,3.0231999999999994e-05,1,1
ttfs_M1_local-pool_dedicated,0,4,28,0,7,2.4999999999999998e-05,3.0567999999999996e-05,1,1
ttfs_M1_local-pool_dedicated,0,4,29,0,135,2.4999999999999998e-05,3.0191999999999995e-05,1,1
ttfs_M1_local-pool_dedicated,0,5,0,0,0,1.7e-05,2.104e-05,1,1
ttfs_M1_local-pool_dedicated,0,5,1,0,128,1.9999999999999998e-05,,0,0
ttfs_M1_local-pool_dedicated,0,5,2,0,256,2.4e-05,,0,0
ttfs_M1_local-pool_dedicated,0,5,3,0,384,2.4999999999999998e-05,,0,0
ttfs_M1_local-pool_dedicated,0,5,4,0,1,2.4e-05,,0,0
ttfs_M1_local-pool_dedicated,0,5,5,0,129,1.9999999999999998e-05,,0,0
ttfs_M1_local-pool_dedicated,0,5,6,0,257,1.8999999999999998e-05,2.3727999999999997e-05,1,1
ttfs_M1_local-pool_dedicated,0,5,7,0,385,2.4999999999999998e-05,,0,0
ttfs_M1_local-pool_dedicated,0,5,8,0,2,2.4999999999999998e-05,3.1095999999999995e-05,1,1
ttfs_M1_local-pool_dedicated,0,5,9,0,130,2.2e-05,,0,0
ttfs_M1_local-pool_dedicated,0,5,10,0,258,2.4999999999999998e-05,,0,0
ttfs_M1_local-pool_dedicated,0,5,11,0,386,2.4e-05,3.1344e-05,1,1
ttfs_M1_local-pool_dedicated,0,5,12,0,3,2.4999999999999998e-05,3.0879999999999996e-05,1,1
ttfs_M1_local-pool_dedicated,0,5,13,0,131,1.9999999999999998e-05,,0,0
ttfs_M1_local-pool_dedicated,0,5,14,0,259,2.2e-05,,0,0
ttfs_M1_local-pool_dedicated,0,5,15,0,387,2.4999999999999998e-05,3.0399999999999997e-05,1,1
ttfs_M1_local-pool_dedicated,0,5,16,0,4,2.2e-05,2.5631999999999998e-05,1,1
ttfs_M1_local-pool_dedicated,0,5,17,0,132,1.9999999999999998e-05,,0,0
ttfs_M1_local-pool_dedicated,0,5,18,0,260,2.2e-05,2.6999999999999996e-05,1,1
ttfs_M1_local-pool_dedicated,0,5,19,0,388,2.2e-05,2.6543999999999995e-05,1,1
ttfs_M1_local-pool_dedicated,0,5,20,0,5,2.2e-05,2.8111999999999994e-05,1,1
ttfs_M1_local-pool_dedicated,0,5,21,0,133,1.9999999999999998e-05,2.5567999999999996e-05,1,1
ttfs_M1_local-pool_dedicated,0,5,22,0,261,2.4999999999999998e-05,3.0535999999999994e-05,1,1
ttfs_M1_local-pool_dedicated,0,5,23,0,389,2.4999999999999998e-05,3.0584e-05,1,1
ttfs_M1_local-pool_dedicated,0,5,24,0,6,2.4999999999999998e-05,3.0095999999999994e-05,1,1
ttfs_M1_local-pool_dedicated,0,5,25,0,134,1.9999999999999998e-05,,0,0
ttfs_M1_local-pool_dedicated,0,5,26,0,262,2.4999999999999998e-05,3.0247999999999996e-05,1,1
ttfs_M1_local-pool_dedicated,0,5,27,0,390,2.4999999999999998e-05,2.9607999999999995e-05,1,1
ttfs_M1_local-pool_dedicated,0,5,28,0,7,2.4999999999999998e-05,2.9887999999999996e-05,1,1
ttfs_M1_local-pool_dedicated,0,5,29,0,135,2.4999999999999998e-05,2.9759999999999996e-05,1,1
ttfs_M1_local-pool_dedicated,0,6,0,0,0,2.1e-05,,0,0
ttfs_M1_local-pool_dedicated,0,6,1,0,128,2.1e-05,,0,0
ttfs_M1_local-pool_dedicated,0,6,2,0,256,2.4999999999999998e-05,,0,0
ttfs_M1_local-pool_dedicated,0,6,3,0,384,2.4999999999999998e-05,,0,0
ttfs_M1_local-pool_dedicated,0,6,4,0,1,2.4999999999999998e-05,,0,0
ttfs_M1_local-pool_dedicated,0,6,5,0,129,2.2e-05,,0,0
ttfs_M1_local-pool_dedicated,0,6,6,0,257,2.4999999999999998e-05,3.0952e-05,1,1
ttfs_M1_local-pool_dedicated,0,6,7,0,385,2.4999999999999998e-05,,0,0
ttfs_M1_local-pool_dedicated,0,6,8,0,2,2.4999999999999998e-05,3.2103999999999996e-05,1,1
ttfs_M1_local-pool_dedicated,0,6,9,0,130,2.2e-05,,0,0
ttfs_M1_local-pool_dedicated,0,6,10,0,258,2.4999999999999998e-05,,0,0
ttfs_M1_local-pool_dedicated,0,6,11,0,386,2.4999999999999998e-05,3.1672e-05,1,1
ttfs_M1_local-pool_dedicated,0,6,12,0,3,2.4999999999999998e-05,3.1008e-05,1,1
ttfs_M1_local-pool_dedicated,0,6,13,0,131,2.2e-05,,0,0
ttfs_M1_local-pool_dedicated,0,6,14,0,259,2.1e-05,,0,0
ttfs_M1_local-pool_dedicated,0,6,15,0,387,2.4999999999999998e-05,3.057599999999999e-05,1,1
ttfs_M1_local-pool_dedicated,0,6,16,0,4,1.9999999999999998e-05,2.4191999999999998e-05,1,1
ttfs_M1_local-pool_dedicated,0,6,17,0,132,2.4999999999999998e-05,3.1855999999999995e-05,1,1
ttfs_M1_local-pool_dedicated,0,6,18,0,260,2.2e-05,2.6119999999999997e-05,1,1
ttfs_M1_local-pool_dedicated,0,6,19,0,388,1.9999999999999998e-05,2.4711999999999997e-05,1,1
ttfs_M1_local-pool_dedicated,0,6,20,0,5,2.2e-05,2.6855999999999995e-05,1,1
ttfs_M1_local-pool_dedicated,0,6,21,0,133,2.1e-05,,0,0
ttfs_M1_local-pool_dedicated,0,6,22,0,261,2.4e-05,,0,0
ttfs_M1_local-pool_dedicated,0,6,23,0,389,2.1e-05,,0,0
ttfs_M1_local-pool_dedicated,0,6,24,0,6,2.4999999999999998e-05,3.0696e-05,1,1
ttfs_M1_local-pool_dedicated,0,6,25,0,134,2.4999999999999998e-05,3.1991999999999995e-05,1,1
ttfs_M1_local-pool_dedicated,0,6,26,0,262,2.4999999999999998e-05,3.0591999999999994e-05,1,1
ttfs_M1_local-pool_dedicated,0,6,27,0,390,2.4999999999999998e-05,3.0063999999999995e-05,1,1
ttfs_M1_local-pool_dedicated,0,6,28,0,7,2.4999999999999998e-05,3.0319999999999994e-05,1,1
ttfs_M1_local-pool_dedicated,0,6,29,0,135,2.4999999999999998e-05,2.9951999999999997e-05,1,1
ttfs_M1_local-pool_dedicated,0,7,0,0,0,2.2e-05,,0,0
ttfs_M1_local-pool_dedicated,0,7,1,0,128,2.4999999999999998e-05,,0,0
ttfs_M1_local-pool_dedicated,0,7,2,0,256,2.3e-05,,0,0
ttfs_M1_local-pool_dedicated,0,7,3,0,384,2.4999999999999998e-05,,0,0
ttfs_M1_local-pool_dedicated,0,7,4,0,1,2.4999999999999998e-05,,0,0
ttfs_M1_local-pool_dedicated,0,7,5,0,129,2.4e-05,,0,0
ttfs_M1_local-pool_dedicated,0,7,6,0,257,2.4999999999999998e-05,,0,0
ttfs_M1_local-pool_dedicated,0,7,7,0,385,2.4999999999999998e-05,,0,0
ttfs_M1_local-pool_dedicated,0,7,8,0,2,2.4999999999999998e-05,,0,0
ttfs_M1_local-pool_dedicated,0,7,9,0,130,2.4e-05,,0,0
ttfs_M1_local-pool_dedicated,0,7,10,0,258,2.4999999999999998e-05,,0,0
ttfs_M1_local-pool_dedicated,0,7,11,0,386,2.2e-05,,0,0
ttfs_M1_local-pool_dedicated,0,7,12,0,3,2.2e-05,,0,0
ttfs_M1_local-pool_dedicated,0,7,13,0,131,2.4e-05,,0,0
ttfs_M1_local-pool_dedicated,0,7,14,0,259,2.4999999999999998e-05,3.4784e-05,1,1
ttfs_M1_local-pool_dedicated,0,7,15,0,387,2.4999999999999998e-05,3.3192e-05,1,1
ttfs_M1_local-pool_dedicated,0,7,16,0,4,2.4999999999999998e-05,2.9999999999999994e-05,1,1
ttfs_M1_local-pool_dedicated,0,7,17,0,132,2.4999999999999998e-05,3.497599999999999e-05,1,1
ttfs_M1_local-pool_dedicated,0,7,18,0,260,2.4999999999999998e-05,3.0544e-05,1,1
ttfs_M1_local-pool_dedicated,0,7,19,0,388,2.4e-05,,0,0
ttfs_M1_local-pool_dedicated,0,7,20,0,5,2.4999999999999998e-05,3.1383999999999996e-05,1,1
ttfs_M1_local-pool_dedicated,0,7,21,0,133,2.4e-05,,0,0
ttfs_M1_local-pool_dedicated,0,7,22,0,261,2.2e-05,,0,0
ttfs_M1_local-pool_dedicated,0,7,23,0,389,2.4999999999999998e-05,3.0856e-05,1,1
ttfs_M1_local-pool_dedicated,0,7,24,0,6,2.4999999999999998e-05,3.0839999999999996e-05,1,1
ttfs_M1_local-pool_dedicated,0,7,25,0,134,2.4999999999999998e-05,3.1599999999999996e-05,1,1
ttfs_M1_local-pool_dedicated,0,7,26,0,262,2.4999999999999998e-05,3.0799999999999996e-05,1,1
ttfs_M1_local-pool_dedicated,0,7,27,0,390,2.4999999999999998e-05,3.0015999999999995e-05,1,1
ttfs_M1_local-pool_dedicated,0,7,28,0,7,2.4999999999999998e-05,3.0624e-05,1,1
ttfs_M1_local-pool_dedicated,0,7,29,0,135,2.4999999999999998e-05,3.0191999999999995e-05,1,1
ttfs_M1_local-pool_dedicated,0,8,0,0,0,2.4e-05,,0,0
ttfs_M1_local-pool_dedicated,0,8,1,0,128,2.4999999999999998e-05,,0,0
ttfs_M1_local-pool_dedicated,0,8,2,0,256,2.4999999999999998e-05,,0,0
ttfs_M1_local-pool_dedicated,0,8,3,0,384,2.4999999999999998e-05,,0,0
ttfs_M1_local-pool_dedicated,0,8,4,0,1,2.4999999999999998e-05,,0,0
ttfs_M1_local-pool_dedicated,0,8,5,0,129,2.4999999999999998e-05,,0,0
ttfs_M1_local-pool_dedicated,0,8,6,0,257,2.4999999999999998e-05,,0,0
ttfs_M1_local-pool_dedicated,0,8,7,0,385,2.4999999999999998e-05,,0,0
ttfs_M1_local-pool_dedicated,0,8,8,0,2,2.4999999999999998e-05,3.4943999999999996e-05,1,1
ttfs_M1_local-pool_dedicated,0,8,9,0,130,2.4999999999999998e-05,,0,0
ttfs_M1_local-pool_dedicated,0,8,10,0,258,2.4999999999999998e-05,,0,0
ttfs_M1_local-pool_dedicated,0,8,11,0,386,1.9999999999999998e-05,2.4703999999999996e-05,1,1
ttfs_M1_local-pool_dedicated,0,8,12,0,3,2.1e-05,2.5303999999999997e-05,1,1
ttfs_M1_local-pool_dedicated,0,8,13,0,131,2.4999999999999998e-05,,0,0
ttfs_M1_local-pool_dedicated,0,8,14,0,259,2.4999999999999998e-05,3.4095999999999993e-05,1,1
ttfs_M1_local-pool_dedicated,0,8,15,0,387,2.4e-05,,0,0
ttfs_M1_local-pool_dedicated,0,8,16,0,4,2.4999999999999998e-05,3.0151999999999995e-05,1,1
ttfs_M1_local-pool_dedicated,0,8,17,0,132,2.4999999999999998e-05,,0,0
ttfs_M1_local-pool_dedicated,0,8,18,0,260,2.4999999999999998e-05,3.0816e-05,1,1
ttfs_M1_local-pool_dedicated,0,8,19,0,388,2.4999999999999998e-05,3.0912e-05,1,1
ttfs_M1_local-pool_dedicated,0,8,20,0,5,2.4999999999999998e-05,3.1344e-05,1,1
ttfs_M1_local-pool_dedicated,0,8,21,0,133,2.4e-05,,0,0
ttfs_M1_local-pool_dedicated,0,8,22,0,261,1.9999999999999998e-05,2.4255999999999996e-05,1,1
ttfs_M1_local-pool_dedicated,0,8,23,0,389,2.4999999999999998e-05,3.136e-05,1,1
ttfs_M1_local-pool_dedicated,0,8,24,0,6,2.4999999999999998e-05,3.1144e-05,1,1
ttfs_M1_local-pool_dedicated,0,8,25,0,134,2.4999999999999998e-05,3.1935999999999994e-05,1,1
ttfs_M1_local-pool_dedicated,0,8,26,0,262,2.4999999999999998e-05,3.092799999999999e-05,1,1
ttfs_M1_local-pool_dedicated,0,8,27,0,390,2.4999999999999998e-05,3.0567999999999996e-05,1,1
ttfs_M1_local-pool_dedicated,0,8,28,0,7,2.4999999999999998e-05,3.0647999999999995e-05,1,1
ttfs_M1_local-pool_dedicated,0,8,29,0,135,2.4999999999999998e-05,3.0551999999999995e-05,1,1
ttfs_M1_local-pool_dedicated,0,9,0,0,0,2.1e-05,,0,0
ttfs_M1_local-pool_dedicated,0,9,1,0,128,2.2e-05,,0,0
ttfs_M1_local-pool_dedicated,0,9,2,0,256,2.4999999999999998e-05,,0,0
ttfs_M1_local-pool_dedicated,0,9,3,0,384,2.4999999999999998e-05,,0,0
ttfs_M1_local-pool_dedicated,0,9,4,0,1,2.4999999999999998e-05,,0,0
ttfs_M1_local-pool_dedicated,0,9,5,0,129,2.2e-05,,0,0
ttfs_M1_local-pool_dedicated,0,9,6,0,257,2.4999999999999998e-05,3.123999999999999e-05,1,1
ttfs_M1_local-pool_dedicated,0,9,7,0,385,2.4999999999999998e-05,,0,0
ttfs_M1_local-pool_dedicated,0,9,8,0,2,2.4999999999999998e-05,3.1184e-05,1,1
ttfs_M1_local-pool_dedicated,0,9,9,0,130,2.2e-05,,0,0
ttfs_M1_local-pool_dedicated,0,9,10,0,258,2.4999999999999998e-05,,0,0
ttfs_M1_local-pool_dedicated,0,9,11,0,386,2.4999999999999998e-05,3.151199999999999e-05,1,1
ttfs_M1_local-pool_dedicated,0,9,12,0,3,2.4999999999999998e-05,3.096799999999999e-05,1,1
ttfs_M1_local-pool_dedicated,0,9,13,0,131,2.2e-05,,0,0
ttfs_M1_local-pool_dedicated,0,9,14,0,259,2.1e-05,,0,0
ttfs_M1_local-pool_dedicated,0,9,15,0,387,2.4999999999999998e-05,3.084799999999999e-05,1,1
ttfs_M1_local-pool_dedicated,0,9,16,0,4,1.9999999999999998e-05,2.3751999999999996e-05,1,1
ttfs_M1_local-pool_dedicated,0,9,17,0,132,2.4999999999999998e-05,3.1815999999999995e-05,1,1
ttfs_M1_local-pool_dedicated,0,9,18,0,260,2.2e-05,2.6015999999999996e-05,1,1
ttfs_M1_local-pool_dedicated,0,9,19,0,388,1.9999999999999998e-05,2.4743999999999996e-05,1,1
ttfs_M1_local-pool_dedicated,0,9,20,0,5,2.2e-05,2.7759999999999995e-05,1,1
ttfs_M1_local-pool_dedicated,0,9,21,0,133,2.1e-05,,0,0
ttfs_M1_local-pool_dedicated,0,9,22,0,261,2.3e-05,2.9119999999999996e-05,1,1
ttfs_M1_local-pool_dedicated,0,9,23,0,389,2.1e-05,,0,0
ttfs_M1_local-pool_dedicated,0,9,24,0,6,2.4999999999999998e-05,3.0527999999999996e-05,1,1
ttfs_M1_local-pool_dedicated,0,9,25,0,134,2.4999999999999998e-05,3.164799999999999e-05,1,1
ttfs_M1_local-pool_dedicated,0,9,26,0,262,2.4999999999999998e-05,3.0255999999999996e-05,1,1
ttfs_M1_local-pool_dedicated,0,9,27,0,390,2.4999999999999998e-05,2.9983999999999996e-05,1,1
ttfs_M1_local-pool_dedicated,0,9,28,0,7,2.4999999999999998e-05,3.0143999999999995e-05,1,1
ttfs_M1_local-pool_dedicated,0,9,29,0,135,2.4999999999999998e-05,2.9967999999999995e-05,1,1
ttfs_M1_local-pool_dedicated,0,10,0,0,0,2.2e-05,,0,0
ttfs_M1_local-pool_dedicated,0,10,1,0,128,2.4999999999999998e-05,,0,0
ttfs_M1_local-pool_dedicated,0,10,2,0,256,2.4e-05,,0,0
ttfs_M1_local-pool_dedicated,0,10,3,0,384,2.4999999999999998e-05,,0,0
ttfs_M1_local-pool_dedicated,0,10,4,0,1,2.4999999999999998e-05,,0,0
ttfs_M1_local-pool_dedicated,0,10,5,0,129,2.4e-05,,0,0
ttfs_M1_local-pool_dedicated,0,10,6,0,257,2.4999999999999998e-05,3.3159999999999994e-05,1,1
ttfs_M1_local-pool_dedicated,0,10,7,0,385,2.4999999999999998e-05,,0,0
ttfs_M1_local-pool_dedicated,0,10,8,0,2,2.4999999999999998e-05,3.2448e-05,1,1
ttfs_M1_local-pool_dedicated,0,10,9,0,130,2.4999999999999998e-05,3.4847999999999996e-05,1,1
ttfs_M1_local-pool_dedicated,0,10,10,0,258,2.4999999999999998e-05,,0,0
ttfs_M1_local-pool_dedicated,0,10,11,0,386,2.2e-05,,0,0
ttfs_M1_local-pool_dedicated,0,10,12,0,3,1.9999999999999998e-05,2.4671999999999997e-05,1,1
ttfs_M1_local-pool_dedicated,0,10,13,0,131,2.4e-05,,0,0
ttfs_M1_local-pool_dedicated,0,10,14,0,259,2.4999999999999998e-05,3.2488e-05,1,1
ttfs_M1_local-pool_dedicated,0,10,15,0,387,2.4e-05,,0,0
ttfs_M1_local-pool_dedicated,0,10,16,0,4,2.4999999999999998e-05,2.9759999999999996e-05,1,1
ttfs_M1_local-pool_dedicated,0,10,17,0,132,2.4999999999999998e-05,3.3919999999999994e-05,1,1
ttfs_M1_local-pool_dedicated,0,10,18,0,260,2.4999999999999998e-05,3.0415999999999995e-05,1,1
ttfs_M1_local-pool_dedicated,0,10,19,0,388,2.2e-05,,0,0
ttfs_M1_local-pool_dedicated,0,10,20,0,5,2.4999999999999998e-05,3.1119999999999993e-05,1,1
ttfs_M1_local-pool_dedicated,0,10,21,0,133,2.4e-05,,0,0
ttfs_M1_local-pool_dedicated,0,10,22,0,261,2.1e-05,2.6119999999999997e-05,1,1
ttfs_M1_local-pool_dedicated,0,10,23,0,389,2.4999999999999998e-05,3.0816e-05,1,1
ttfs_M1_local-pool_dedicated,0,10,24,0,6,2.4999999999999998e-05,3.0495999999999994e-05,1,1
ttfs_M1_local-pool_dedicated,0,10,25,0,134,2.4999999999999998e-05,3.1503999999999995e-05,1,1
ttfs_M1_local-pool_dedicated,0,10,26,0,262,2.4999999999999998e-05,3.0879999999999996e-05,1,1
ttfs_M1_local-pool_dedicated,0,10,27,0,390,2.4999999999999998e-05,3.0287999999999995e-05,1,1
ttfs_M1_local-pool_dedicated,0,10,28,0,7,2.4999999999999998e-05,3.0487999999999997e-05,1,1
ttfs_M1_local-pool_dedicated,0,10,29,0,135,2.4999999999999998e-05,3.0119999999999996e-05,1,1
ttfs_M1_local-pool_dedicated,0,11,0,0,0,2.2e-05,,0,0
ttfs_M1_local-pool_dedicated,0,11,1,0,128,2.4999999999999998e-05,,0,0
ttfs_M1_local-pool_dedicated,0,11,2,0,256,2.4e-05,,0,0
ttfs_M1_local-pool_dedicated,0,11,3,0,384,2.4999999999999998e-05,,0,0
ttfs_M1_local-pool_dedicated,0,11,4,0,1,2.4999999999999998e-05,,0,0
ttfs_M1_local-pool_dedicated,0,11,5,0,129,2.4e-05,,0,0
ttfs_M1_local-pool_dedicated,0,11,6,0,257,2.4e-05,,0,0
ttfs_M1_local-pool_dedicated,0,11,7,0,385,2.4999999999999998e-05,,0,0
ttfs_M1_local-pool_dedicated,0,11,8,0,2,2.4999999999999998e-05,3.115999999999999e-05,1,1
ttfs_M1_local-pool_dedicated,0,11,9,0,130,2.4e-05,,0,0
ttfs_M1_local-pool_dedicated,0,11,10,0,258,2.4999999999999998e-05,,0,0
ttfs_M1_local-pool_dedicated,0,11,11,0,386,1.8999999999999998e-05,2.3743999999999995e-05,1,1
ttfs_M1_local-pool_dedicated,0,11,12,0,3,2.2e-05,,0,0
ttfs_M1_local-pool_dedicated,0,11,13,0,131,2.4e-05,,0,0
ttfs_M1_local-pool_dedicated,0,11,14,0,259,2.4999999999999998e-05,3.1639999999999995e-05,1,1
ttfs_M1_local-pool_dedicated,0,11,15,0,387,2.4999999999999998e-05,3.1503999999999995e-05,1,1
ttfs_M1_local-pool_dedicated,0,11,16,0,4,2.4999999999999998e-05,2.9423999999999995e-05,1,1
ttfs_M1_local-pool_dedicated,0,11,17,0,132,2.4e-05,,0,0
ttfs_M1_local-pool_dedicated,0,11,18,0,260,2.4999999999999998e-05,3.0223999999999997e-05,1,1
ttfs_M1_local-pool_dedicated,0,11,19,0,388,2.4999999999999998e-05,3.0183999999999994e-05,1,1
ttfs_M1_local-pool_dedicated,0,11,20,0,5,2.4999999999999998e-05,3.0736e-05,1,1
ttfs_M1_local-pool_dedicated,0,11,21,0,133,2.3e-05,,0,0
ttfs_M1_local-pool_dedicated,0,11,22,0,261,2.2e-05,,0,0
ttfs_M1_local-pool_dedicated,0,11,23,0,389,2.4999999999999998e-05,3.057599999999999e-05,1,1
ttfs_M1_local-pool_dedicated,0,11,24,0,6,2.4999999999999998e-05,3.0167999999999996e-05,1,1
ttfs_M1_local-pool_dedicated,0,11,25,0,134,2.3e-05,,0,0
ttfs_M1_local-pool_dedicated,0,11,26,0,262,2.4e-05,,0,0
ttfs_M1_local-pool_dedicated,0,11,27,0,390,2.4999999999999998e-05,3.0095999999999994e-05,1,1
ttfs_M1_local-pool_dedicated,0,11,28,0,7,2.4999999999999998e-05,3.0031999999999996e-05,1,1
ttfs_M1_local-pool_dedicated,0,11,29,0,135,2.4999999999999998e-05,3.0007999999999995e-05,1,1
ttfs_M1_local-pool_dedicated,1,0,0,0,0,2.1e-05,,0,0
ttfs_M1_local-pool_dedicated,1,0,1,0,128,2.1e-05,,0,0
ttfs_M1_local-pool_dedicated,1,0,2,0,256,2.4999999999999998e-05,,0,0
ttfs_M1_local-pool_dedicated,1,0,3,0,384,2.4999999999999998e-05,,0,0
ttfs_M1_local-pool_dedicated,1,0,4,0,1,2.4999999999999998e-05,,0,0
ttfs_M1_local-pool_dedicated,1,0,5,0,129,2.1e-05,,0,0
ttfs_M1_local-pool_dedicated,1,0,6,0,257,2.4999999999999998e-05,3.1752e-05,1,1
ttfs_M1_local-pool_dedicated,1,0,7,0,385,2.4999999999999998e-05,,0,0
ttfs_M1_local-pool_dedicated,1,0,8,0,2,2.4999999999999998e-05,3.1559999999999996e-05,1,1
ttfs_M1_local-pool_dedicated,1,0,9,0,130,2.2e-05,,0,0
ttfs_M1_local-pool_dedicated,1,0,10,0,258,2.4999999999999998e-05,,0,0
ttfs_M1_local-pool_dedicated,1,0,11,0,386,2.4999999999999998e-05,3.1864e-05,1,1
ttfs_M1_local-pool_dedicated,1,0,12,0,3,2.4999999999999998e-05,3.0872e-05,1,1
ttfs_M1_local-pool_dedicated,1,0,13,0,131,2.2e-05,,0,0
ttfs_M1_local-pool_dedicated,1,0,14,0,259,1.9999999999999998e-05,,0,0
ttfs_M1_local-pool_dedicated,1,0,15,0,387,2.4999999999999998e-05,3.0647999999999995e-05,1,1
ttfs_M1_local-pool_dedicated,1,0,16,0,4,1.9999999999999998e-05,2.3431999999999995e-05,1,1
ttfs_M1_local-pool_dedicated,1,0,17,0,132,2.4999999999999998e-05,3.178399999999999e-05,1,1
ttfs_M1_local-pool_dedicated,1,0,18,0,260,2.2e-05,,0,0
ttfs_M1_local-pool_dedicated,1,0,19,0,388,1.9999999999999998e-05,,0,0
ttfs_M1_local-pool_dedicated,1,0,20,0,5,2.2e-05,2.7239999999999997e-05,1,1
ttfs_M1_local-pool_dedicated,1,0,21,0,133,2.1e-05,2.6295999999999997e-05,1,1
ttfs_M1_local-pool_dedicated,1,0,22,0,261,2.4e-05,,0,0
ttfs_M1_local-pool_dedicated,1,0,23,0,389,1.9999999999999998e-05,2.5503999999999995e-05,1,1
ttfs_M1_local-pool_dedicated,1,0,24,0,6,2.4999999999999998e-05,3.06e-05,1,1
ttfs_M1_local-pool_dedicated,1,0,25,0,134,2.4999999999999998e-05,3.1311999999999994e-05,1,1
ttfs_M1_local-pool_dedicated,1,0,26,0,262,2.4999999999999998e-05,3.0327999999999995e-05,1,1
ttfs_M1_local-pool_dedicated,1,0,27,0,390,2.4999999999999998e-05,3.0031999999999996e-05,1,1
ttfs_M1_local-pool_dedicated,1,0,28,0,7,2.4999999999999998e-05,3.0167999999999996e-05,1,1
ttfs_M1_local-pool_dedicated,1,0,29,0,135,2.4999999999999998e-05,3.0087999999999997e-05,1,1
ttfs_M1_local-pool_dedicated,1,1,0,0,0,1.9999999999999998e-05,,0,0
ttfs_M1_local-pool_dedicated,1,1,1,0,128,1.9999999999999998e-05,,0,0
ttfs_M1_local-pool_dedicated,1,1,2,0,256,2.4999999999999998e-05,,0,0
ttfs_M1_local-pool_dedicated,1,1,3,0,384,2.4999999999999998e-05,,0,0
ttfs_M1_local-pool_dedicated,1,1,4,0,1,2.4999999999999998e-05,,0,0
ttfs_M1_local-pool_dedicated,1,1,5,0,129,2.1e-05,,0,0
ttfs_M1_local-pool_dedicated,1,1,6,0,257,2.2e-05,3.0087999999999997e-05,1,1
ttfs_M1_local-pool_dedicated,1,1,7,0,385,2.4999999999999998e-05,3.432e-05,1,1
ttfs_M1_local-pool_dedicated,1,1,8,0,2,2.4999999999999998e-05,3.0872e-05,1,1
ttfs_M1_local-pool_dedicated,1,1,9,0,130,2.2e-05,,0,0
ttfs_M1_local-pool_dedicated,1,1,10,0,258,2.4999999999999998e-05,,0,0
ttfs_M1_local-pool_dedicated,1,1,11,0,386,2.4e-05,,0,0
ttfs_M1_local-pool_dedicated,1,1,12,0,3,2.4999999999999998e-05,3.0767999999999994e-05,1,1
ttfs_M1_local-pool_dedicated,1,1,13,0,131,2.1e-05,,0,0
ttfs_M1_local-pool_dedicated,1,1,14,0,259,2.2e-05,,0,0
ttfs_M1_local-pool_dedicated,1,1,15,0,387,2.4999999999999998e-05,3.0544e-05,1,1
ttfs_M1_local-pool_dedicated,1,1,16,0,4,2.2e-05,2.5503999999999995e-05,1,1
ttfs_M1_local-pool_dedicated,1,1,17,0,132,2.2e-05,,0,0
ttfs_M1_local-pool_dedicated,1,1,18,0,260,2.1e-05,,0,0
ttfs_M1_local-pool_dedicated,1,1,19,0,388,2.2e-05,2.6879999999999997e-05,1,1
ttfs_M1_local-pool_dedicated,1,1,20,0,5,2.1e-05,,0,0
ttfs_M1_local-pool_dedicated,1,1,21,0,133,1.9999999999999998e-05,,0,0
ttfs_M1_local-pool_dedicated,1,1,22,0,261,2.4e-05,3.14e-05,1,1
ttfs_M1_local-pool_dedicated,1,1,23,0,389,2.4999999999999998e-05,3.0832e-05,1,1
ttfs_M1_local-pool_dedicated,1,1,24,0,6,2.4999999999999998e-05,3.0303999999999996e-05,1,1
ttfs_M1_local-pool_dedicated,1,1,25,0,134,2.2e-05,,0,0
ttfs_M1_local-pool_dedicated,1,1,26,0,262,2.4999999999999998e-05,3.0215999999999997e-05,1,1
ttfs_M1_local-pool_dedicated,1,1,27,0,390,2.4999999999999998e-05,2.9679999999999997e-05,1,1
ttfs_M1_local-pool_dedicated,1,1,28,0,7,2.4999999999999998e-05,2.9943999999999997e-05,1,1
ttfs_M1_local-pool_dedicated,1,1,29,0,135,2.4999999999999998e-05,2.9671999999999996e-05,1,1
ttfs_M1_local-pool_dedicated,1,2,0,0,0,2.1e-05,,0,0
ttfs_M1_local-pool_dedicated,1,2,1,0,128,2.2e-05,,0,0
ttfs_M1_local-pool_dedicated,1,2,2,0,256,2.4999999999999998e-05,,0,0
ttfs_M1_local-pool_dedicated,1,2,3,0,384,2.4999999999999998e-05,,0,0
ttfs_M1_local-pool_dedicated,1,2,4,0,1,2.4999999999999998e-05,,0,0
ttfs_M1_local-pool_dedicated,1,2,5,0,129,2.2e-05,,0,0
ttfs_M1_local-pool_dedicated,1,2,6,0,257,2.4999999999999998e-05,3.0279999999999995e-05,1,1
ttfs_M1_local-pool_dedicated,1,2,7,0,385,2.4999999999999998e-05,3.3576e-05,1,1
ttfs_M1_local-pool_dedicated,1,2,8,0,2,2.4999999999999998e-05,3.0856e-05,1,1
ttfs_M1_local-pool_dedicated,1,2,9,0,130,2.2e-05,,0,0
ttfs_M1_local-pool_dedicated,1,2,10,0,258,2.4999999999999998e-05,3.3839999999999994e-05,1,1
ttfs_M1_local-pool_dedicated,1,2,11,0,386,2.2e-05,,0,0
ttfs_M1_local-pool_dedicated,1,2,12,0,3,2.4999999999999998e-05,3.0295999999999996e-05,1,1
ttfs_M1_local-pool_dedicated,1,2,13,0,131,2.2e-05,,0,0
ttfs_M1_local-pool_dedicated,1,2,14,0,259,2.3e-05,,0,0
ttfs_M1_local-pool_dedicated,1,2,15,0,387,2.4e-05,3.1135999999999995e-05,1,1
ttfs_M1_local-pool_dedicated,1,2,16,0,4,2.3e-05,2.6471999999999997e-05,1,1
ttfs_M1_local-pool_dedicated,1,2,17,0,132,2.4e-05,,0,0
ttfs_M1_local-pool_dedicated,1,2,18,0,260,2.2e-05,,0,0
ttfs_M1_local-pool_dedicated,1,2,19,0,388,2.2e-05,,0,0
ttfs_M1_local-pool_dedicated,1,2,20,0,5,2.2e-05,,0,0
ttfs_M1_local-pool_dedicated,1,2,21,0,133,2.1e-05,,0,0
ttfs_M1_local-pool_dedicated,1,2,22,0,261,2.2e-05,,0,0
ttfs_M1_local-pool_dedicated,1,2,23,0,389,2.4999999999999998e-05,3.0287999999999995e-05,1,1
ttfs_M1_local-pool_dedicated,1,2,24,0,6,2.4999999999999998e-05,3.0271999999999994e-05,1,1
ttfs_M1_local-pool_dedicated,1,2,25,0,134,2.3e-05,,0,0
ttfs_M1_local-pool_dedicated,1,2,26,0,262,2.4999999999999998e-05,3.0319999999999994e-05,1,1
ttfs_M1_local-pool_dedicated,1,2,27,0,390,2.4999999999999998e-05,2.9567999999999995e-05,1,1
ttfs_M1_local-pool_dedicated,1,2,28,0,7,2.4999999999999998e-05,2.9895999999999996e-05,1,1
ttfs_M1_local-pool_dedicated,1,2,29,0,135,2.4999999999999998e-05,2.9895999999999996e-05,1,1
ttfs_M1_local-pool_dedicated,1,3,0,0,0,2.1e-05,2.5695999999999996e-05,1,1
ttfs_M1_local-pool_dedicated,1,3,1,0,128,2.4999999999999998e-05,,0,0
ttfs_M1_local-pool_dedicated,1,3,2,0,256,2.4e-05,,0,0
ttfs_M1_local-pool_dedicated,1,3,3,0,384,2.4999999999999998e-05,,0,0
ttfs_M1_local-pool_dedicated,1,3,4,0,1,2.4999999999999998e-05,,0,0
ttfs_M1_local-pool_dedicated,1,3,5,0,129,2.4e-05,,0,0
ttfs_M1_local-pool_dedicated,1,3,6,0,257,2.4e-05,,0,0
ttfs_M1_local-pool_dedicated,1,3,7,0,385,2.4999999999999998e-05,,0,0
ttfs_M1_local-pool_dedicated,1,3,8,0,2,2.4999999999999998e-05,3.284e-05,1,1
ttfs_M1_local-pool_dedicated,1,3,9,0,130,2.4e-05,,0,0
ttfs_M1_local-pool_dedicated,1,3,10,0,258,2.4999999999999998e-05,,0,0
ttfs_M1_local-pool_dedicated,1,3,11,0,386,1.9999999999999998e-05,2.4703999999999996e-05,1,1
ttfs_M1_local-pool_dedicated,1,3,12,0,3,2.3e-05,,0,0
ttfs_M1_local-pool_dedicated,1,3,13,0,131,2.4e-05,,0,0
ttfs_M1_local-pool_dedicated,1,3,14,0,259,2.4999999999999998e-05,3.2959999999999996e-05,1,1
ttfs_M1_local-pool_dedicated,1,3,15,0,387,2.4999999999999998e-05,3.1623999999999994e-05,1,1
ttfs_M1_local-pool_dedicated,1,3,16,0,4,2.4999999999999998e-05,2.9559999999999995e-05,1,1
ttfs_M1_local-pool_dedicated,1,3,17,0,132,2.4999999999999998e-05,3.2823999999999996e-05,1,1
ttfs_M1_local-pool_dedicated,1,3,18,0,260,2.4999999999999998e-05,2.9991999999999997e-05,1,1
ttfs_M1_local-pool_dedicated,1,3,19,0,388,2.4999999999999998e-05,3.0287999999999995e-05,1,1
ttfs_M1_local-pool_dedicated,1,3,20,0,5,2.4e-05,,0,0
ttfs_M1_local-pool_dedicated,1,3,21,0,133,2.3e-05,,0,0
ttfs_M1_local-pool_dedicated,1,3,22,0,261,2.2e-05,,0,0
ttfs_M1_local-pool_dedicated,1,3,23,0,389,2.4999999999999998e-05,3.061599999999999e-05,1,1
ttfs_M1_local-pool_dedicated,1,3,24,0,6,2.4999999999999998e-05,3.0359999999999994e-05,1,1
ttfs_M1_local-pool_dedicated,1,3,25,0,134,2.4e-05,,0,0
ttfs_M1_local-pool_dedicated,1,3,26,0,262,2.4999999999999998e-05,3.0351999999999997e-05,1,1
ttfs_M1_local-pool_dedicated,1,3,27,0,390,2.4999999999999998e-05,2.9863999999999997e-05,1,1
ttfs_M1_local-pool_dedicated,1,3,28,0,7,2.4999999999999998e-05,3.0151999999999995e-05,1,1
ttfs_M1_local-pool_dedicated,1,3,29,0,135,2.4999999999999998e-05,3.0191999999999995e-05,1,1
ttfs_M1_local-pool_dedicated,1,4,0,0,0,2.3e-05,,0,0
ttfs_M1_local-pool_dedicated,1,4,1,0,128,2.4999999999999998e-05,,0,0
ttfs_M1_local-pool_dedicated,1,4,2,0,256,2.4999999999999998e-05,,0,0
ttfs_M1_local-pool_dedicated,1,4,3,0,384,2.4999999999999998e-05,,0,0
ttfs_M1_local-pool_dedicated,1,4,4,0,1,2.4999999999999998e-05,,0,0
ttfs_M1_local-pool_dedicated,1,4,5,0,129,2.4e-05,,0,0
ttfs_M1_local-pool_dedicated,1,4,6,0,257,2.4999999999999998e-05,3.295199999999999e-05,1,1
ttfs_M1_local-pool_dedicated,1,4,7,0,385,2.4999999999999998e-05,,0,0
ttfs_M1_local-pool_dedicated,1,4,8,0,2,2.4999999999999998e-05,3.3023999999999994e-05,1,1
ttfs_M1_local-pool_dedicated,1,4,9,0,130,2.4e-05,,0,0
ttfs_M1_local-pool_dedicated,1,4,10,0,258,2.4999999999999998e-05,,0,0
ttfs_M1_local-pool_dedicated,1,4,11,0,386,1.9999999999999998e-05,2.4423999999999995e-05,1,1
ttfs_M1_local-pool_dedicated,1,4,12,0,3,2.4e-05,,0,0
ttfs_M1_local-pool_dedicated,1,4,13,0,131,2.4e-05,,0,0
ttfs_M1_local-pool_dedicated,1,4,14,0,259,2.4999999999999998e-05,3.2751999999999994e-05,1,1
ttfs_M1_local-pool_dedicated,1,4,15,0,387,2.4999999999999998e-05,3.1944e-05,1,1
ttfs_M1_local-pool_dedicated,1,4,16,0,4,2.4999999999999998e-05,2.9559999999999995e-05,1,1
ttfs_M1_local-pool_dedicated,1,4,17,0,132,2.4999999999999998e-05,3.287199999999999e-05,1,1
ttfs_M1_local-pool_dedicated,1,4,18,0,260,2.4e-05,,0,0
ttfs_M1_local-pool_dedicated,1,4,19,0,388,2.4999999999999998e-05,3.056e-05,1,1
ttfs_M1_local-pool_dedicated,1,4,20,0,5,2.4e-05,,0,0
ttfs_M1_local-pool_dedicated,1,4,21,0,133,2.2e-05,,0,0
ttfs_M1_local-pool_dedicated,1,4,22,0,261,2.1e-05,2.5487999999999997e-05,1,1
ttfs_M1_local-pool_dedicated,1,4,23,0,389,2.4999999999999998e-05,3.0959999999999995e-05,1,1
ttfs_M1_local-pool_dedicated,1,4,24,0,6,2.4999999999999998e-05,3.079199999999999e-05,1,1
ttfs_M1_local-pool_dedicated,1,4,25,0,134,2.4999999999999998e-05,3.1791999999999996e-05,1,1
ttfs_M1_local-pool_dedicated,1,4,26,0,262,2.4999999999999998e-05,3.0319999999999994e-05,1,1
ttfs_M1_local-pool_dedicated,1,4,27,0,390,2.4999999999999998e-05,3.0023999999999996e-05,1,1
ttfs_M1_local-pool_dedicated,1,4,28,0,7,2.4999999999999998e-05,3.0487999999999997e-05,1,1
ttfs_M1_local-pool_dedicated,1,4,29,0,135,2.4999999999999998e-05,3.0079999999999997e-05,1,1
ttfs_M1_local-pool_dedicated,1,5,0,0,0,1.7e-05,2.1239999999999997e-05,1,1
ttfs_M1_local-pool_dedicated,1,5,1,0,128,1.9999999999999998e-05,,0,0
ttfs_M1_local-pool_dedicated,1,5,2,0,256,2.4e-05,,0,0
ttfs_M1_local-pool_dedicated,1,5,3,0,384,2.4999999999999998e-05,,0,0
ttfs_M1_local-pool_dedicated,1,5,4,0,1,2.4e-05,,0,0
ttfs_M1_local-pool_dedicated,1,5,5,0,129,1.9999999999999998e-05,,0,0
ttfs_M1_local-pool_dedicated,1,5,6,0,257,1.8999999999999998e-05,2.4247999999999996e-05,1,1
ttfs_M1_local-pool_dedicated,1,5,7,0,385,2.4999999999999998e-05,,0,0
ttfs_M1_local-pool_dedicated,1,5,8,0,2,2.4999999999999998e-05,3.1264e-05,1,1
ttfs_M1_local-pool_dedicated,1,5,9,0,130,2.2e-05,,0,0
ttfs_M1_local-pool_dedicated,1,5,10,0,258,2.4999999999999998e-05,,0,0
ttfs_M1_local-pool_dedicated,1,5,11,0,386,2.4e-05,3.1831999999999996e-05,1,1
ttfs_M1_local-pool_dedicated,1,5,12,0,3,2.4999999999999998e-05,3.0544e-05,1,1
ttfs_M1_local-pool_dedicated,1,5,13,0,131,1.9999999999999998e-05,,0,0
ttfs_M1_local-pool_dedicated,1,5,14,0,259,2.2e-05,,0,0
ttfs_M1_local-pool_dedicated,1,5,15,0,387,2.4999999999999998e-05,3.0736e-05,1,1
ttfs_M1_local-pool_dedicated,1,5,16,0,4,2.2e-05,2.5567999999999996e-05,1,1
ttfs_M1_local-pool_dedicated,1,5,17,0,132,1.9999999999999998e-05,,0,0
ttfs_M1_local-pool_dedicated,1,5,18,0,260,2.2e-05,2.6687999999999996e-05,1,1
ttfs_M1_local-pool_dedicated,1,5,19,0,388,2.2e-05,2.6583999999999995e-05,1,1
ttfs_M1_local-pool_dedicated,1,5,20,0,5,2.2e-05,2.7999999999999996e-05,1,1
ttfs_M1_local-pool_dedicated,1,5,21,0,133,1.9999999999999998e-05,2.5639999999999995e-05,1,1
ttfs_M1_local-pool_dedicated,1,5,22,0,261,2.4999999999999998e-05,3.0463999999999995e-05,1,1
ttfs_M1_local-pool_dedicated,1,5,23,0,389,2.4999999999999998e-05,3.0263999999999997e-05,1,1
ttfs_M1_local-pool_dedicated,1,5,24,0,6,2.4999999999999998e-05,3.0111999999999996e-05,1,1
ttfs_M1_local-pool_dedicated,1,5,25,0,134,1.9999999999999998e-05,,0,0
ttfs_M1_local-pool_dedicated,1,5,26,0,262,2.4999999999999998e-05,3.0183999999999994e-05,1,1
ttfs_M1_local-pool_dedicated,1,5,27,0,390,2.4999999999999998e-05,2.9983999999999996e-05,1,1
ttfs_M1_local-pool_dedicated,1,5,28,0,7,2.4999999999999998e-05,2.9855999999999997e-05,1,1
ttfs_M1_local-pool_dedicated,1,5,29,0,135,2.4999999999999998e-05,2.9863999999999997e-05,1,1
ttfs_M1_local-pool_dedicated,1,6,0,0,0,2.1e-05,,0,0
ttfs_M1_local-pool_dedicated,1,6,1,0,128,2.1e-05,,0,0
ttfs_M1_local-pool_dedicated,1,6,2,0,256,2.4999999999999998e-05,,0,0
ttfs_M1_local-pool_dedicated,1,6,3,0,384,2.4999999999999998e-05,,0,0
ttfs_M1_local-pool_dedicated,1,6,4,0,1,2.4999999999999998e-05,,0,0
ttfs_M1_local-pool_dedicated,1,6,5,0,129,2.2e-05,,0,0
ttfs_M1_local-pool_dedicated,1,6,6,0,257,2.4999999999999998e-05,3.2336e-05,1,1
ttfs_M1_local-pool_dedicated,1,6,7,0,385,2.4999999999999998e-05,,0,0
ttfs_M1_local-pool_dedicated,1,6,8,0,2,2.4999999999999998e-05,3.0959999999999995e-05,1,1
ttfs_M1_local-pool_dedicated,1,6,9,0,130,2.2e-05,,0,0
ttfs_M1_local-pool_dedicated,1,6,10,0,258,2.4999999999999998e-05,,0,0
ttfs_M1_local-pool_dedicated,1,6,11,0,386,2.4999999999999998e-05,3.1991999999999995e-05,1,1
ttfs_M1_local-pool_dedicated,1,6,12,0,3,2.4999999999999998e-05,3.1175999999999994e-05,1,1
ttfs_M1_local-pool_dedicated,1,6,13,0,131,2.2e-05,,0,0
ttfs_M1_local-pool_dedicated,1,6,14,0,259,2.1e-05,,0,0
ttfs_M1_local-pool_dedicated,1,6,15,0,387,2.4999999999999998e-05,3.0671999999999994e-05,1,1
ttfs_M1_local-pool_dedicated,1,6,16,0,4,1.9999999999999998e-05,2.3695999999999998e-05,1,1
ttfs_M1_local-pool_dedicated,1,6,17,0,132,2.4999999999999998e-05,3.2111999999999993e-05,1,1
ttfs_M1_local-pool_dedicated,1,6,18,0,260,2.2e-05,2.5839999999999997e-05,1,1
ttfs_M1_local-pool_dedicated,1,6,19,0,388,1.9999999999999998e-05,2.4983999999999997e-05,1,1
ttfs_M1_local-pool_dedicated,1,6,20,0,5,2.2e-05,2.7887999999999995e-05,1,1
ttfs_M1_local-pool_dedicated,1,6,21,0,133,2.1e-05,,0,0
ttfs_M1_local-pool_dedicated,1,6,22,0,261,2.4e-05,,0,0
ttfs_M1_local-pool_dedicated,1,6,23,0,389,2.1e-05,2.7487999999999995e-05,1,1
ttfs_M1_local-pool_dedicated,1,6,24,0,6,2.4999999999999998e-05,3.051999999999999e-05,1,1
ttfs_M1_local-pool_dedicated,1,6,25,0,134,2.4999999999999998e-05,3.1079999999999994e-05,1,1
ttfs_M1_local-pool_dedicated,1,6,26,0,262,2.4999999999999998e-05,3.0624e-05,1,1
ttfs_M1_local-pool_dedicated,1,6,27,0,390,2.4999999999999998e-05,3.0103999999999995e-05,1,1
ttfs_M1_local-pool_dedicated,1,6,28,0,7,2.4999999999999998e-05,3.0039999999999997e-05,1,1
ttfs_M1_local-pool_dedicated,1,6,29,0,135,2.4999999999999998e-05,3.0047999999999994e-05,1,1
ttfs_M1_local-pool_dedicated,1,7,0,0,0,2.2e-05,,0,0
ttfs_M1_local-pool_dedicated,1,7,1,0,128,2.4999999999999998e-05,,0,0
ttfs_M1_local-pool_dedicated,1,7,2,0,256,2.3e-05,,0,0
ttfs_M1_local-pool_dedicated,1,7,3,0,384,2.4999999999999998e-05,,0,0
ttfs_M1_local-pool_dedicated,1,7,4,0,1,2.4999999999999998e-05,,0,0
ttfs_M1_local-pool_dedicated,1,7,5,0,129,2.4e-05,,0,0
ttfs_M1_local-pool_dedicated,1,7,6,0,257,2.4999999999999998e-05,,0,0
ttfs_M1_local-pool_dedicated,1,7,7,0,385,2.4999999999999998e-05,,0,0
ttfs_M1_local-pool_dedicated,1,7,8,0,2,2.4999999999999998e-05,3.4008e-05,1,1
ttfs_M1_local-pool_dedicated,1,7,9,0,130,2.4e-05,,0,0
ttfs_M1_local-pool_dedicated,1,7,10,0,258,2.4999999999999998e-05,,0,0
ttfs_M1_local-pool_dedicated,1,7,11,0,386,2.2e-05,,0,0
ttfs_M1_local-pool_dedicated,1,7,12,0,3,2.2e-05,,0,0
ttfs_M1_local-pool_dedicated,1,7,13,0,131,2.4e-05,,0,0
ttfs_M1_local-pool_dedicated,1,7,14,0,259,2.4999999999999998e-05,3.3736e-05,1,1
ttfs_M1_local-pool_dedicated,1,7,15,0,387,2.4999999999999998e-05,3.2303999999999994e-05,1,1
ttfs_M1_local-pool_dedicated,1,7,16,0,4,2.4999999999999998e-05,2.9911999999999994e-05,1,1
ttfs_M1_local-pool_dedicated,1,7,17,0,132,2.4999999999999998e-05,3.3623999999999995e-05,1,1
ttfs_M1_local-pool_dedicated,1,7,18,0,260,2.4999999999999998e-05,3.0391999999999996e-05,1,1
ttfs_M1_local-pool_dedicated,1,7,19,0,388,2.4e-05,,0,0
ttfs_M1_local-pool_dedicated,1,7,20,0,5,2.4999999999999998e-05,3.1271999999999995e-05,1,1
ttfs_M1_local-pool_dedicated,1,7,21,0,133,2.4e-05,,0,0
ttfs_M1_local-pool_dedicated,1,7,22,0,261,2.2e-05,,0,0
ttfs_M1_local-pool_dedicated,1,7,23,0,389,2.4999999999999998e-05,3.1144e-05,1,1
ttfs_M1_local-pool_dedicated,1,7,24,0,6,2.4999999999999998e-05,3.079199999999999e-05,1,1
ttfs_M1_local-pool_dedicated,1,7,25,0,134,2.4999999999999998e-05,3.1496e-05,1,1
ttfs_M1_local-pool_dedicated,1,7,26,0,262,2.4999999999999998e-05,3.057599999999999e-05,1,1
ttfs_M1_local-pool_dedicated,1,7,27,0,390,2.4999999999999998e-05,3.0359999999999994e-05,1,1
ttfs_M1_local-pool_dedicated,1,7,28,0,7,2.4999999999999998e-05,3.0375999999999995e-05,1,1
ttfs_M1_local-pool_dedicated,1,7,29,0,135,2.4999999999999998e-05,3.0263999999999997e-05,1,1
ttfs_M1_local-pool_dedicated,1,8,0,0,0,2.4e-05,,0,0
ttfs_M1_local-pool_dedicated,1,8,1,0,128,2.4999999999999998e-05,,0,0
ttfs_M1_local-pool_dedicated,1,8,2,0,256,2.4999999999999998e-05,,0,0
ttfs_M1_local-pool_dedicated,1,8,3,0,384,2.4999999999999998e-05,,0,0
ttfs_M1_local-pool_dedicated,1,8,4,0,1,2.4999999999999998e-05,,0,0
ttfs_M1_local-pool_dedicated,1,8,5,0,129,2.4999999999999998e-05,,0,0
ttfs_M1_local-pool_dedicated,1,8,6,0,257,2.4999999999999998e-05,,0,0
ttfs_M1_local-pool_dedicated,1,8,7,0,385,2.4999999999999998e-05,,0,0
ttfs_M1_local-pool_dedicated,1,8,8,0,2,2.4999999999999998e-05,,0,0
ttfs_M1_local-pool_dedicated,1,8,9,0,130,2.4999999999999998e-05,,0,0
ttfs_M1_local-pool_dedicated,1,8,10,0,258,2.4999999999999998e-05,,0,0
ttfs_M1_local-pool_dedicated,1,8,11,0,386,1.9999999999999998e-05,2.4919999999999995e-05,1,1
ttfs_M1_local-pool_dedicated,1,8,12,0,3,2.1e-05,2.5055999999999995e-05,1,1
ttfs_M1_local-pool_dedicated,1,8,13,0,131,2.4999999999999998e-05,,0,0
ttfs_M1_local-pool_dedicated,1,8,14,0,259,2.4999999999999998e-05,3.3752e-05,1,1
ttfs_M1_local-pool_dedicated,1,8,15,0,387,2.4e-05,,0,0
ttfs_M1_local-pool_dedicated,1,8,16,0,4,2.4999999999999998e-05,3.0143999999999995e-05,1,1
ttfs_M1_local-pool_dedicated,1,8,17,0,132,2.4999999999999998e-05,,0,0
ttfs_M1_local-pool_dedicated,1,8,18,0,260,2.4999999999999998e-05,3.0743999999999996e-05,1,1
ttfs_M1_local-pool_dedicated,1,8,19,0,388,2.4999999999999998e-05,3.0624e-05,1,1
ttfs_M1_local-pool_dedicated,1,8,20,0,5,2.4999999999999998e-05,3.1888e-05,1,1
ttfs_M1_local-pool_dedicated,1,8,21,0,133,2.4e-05,,0,0
ttfs_M1_local-pool_dedicated,1,8,22,0,261,1.9999999999999998e-05,2.4559999999999995e-05,1,1
ttfs_M1_local-pool_dedicated,1,8,23,0,389,2.4999999999999998e-05,3.1583999999999994e-05,1,1
ttfs_M1_local-pool_dedicated,1,8,24,0,6,2.4999999999999998e-05,3.1119999999999993e-05,1,1
ttfs_M1_local-pool_dedicated,1,8,25,0,134,2.4999999999999998e-05,3.1695999999999996e-05,1,1
ttfs_M1_local-pool_dedicated,1,8,26,0,262,2.4999999999999998e-05,3.0671999999999994e-05,1,1
ttfs_M1_local-pool_dedicated,1,8,27,0,390,2.4999999999999998e-05,3.0431999999999996e-05,1,1
ttfs_M1_local-pool_dedicated,1,8,28,0,7,2.4999999999999998e-05,3.0503999999999995e-05,1,1
ttfs_M1_local-pool_dedicated,1,8,29,0,135,2.4999999999999998e-05,3.0359999999999994e-05,1,1
ttfs_M1_local-pool_dedicated,1,9,0,0,0,2.1e-05,,0,0
ttfs_M1_local-pool_dedicated,1,9,1,0,128,2.2e-05,,0,0
ttfs_M1_local-pool_dedicated,1,9,2,0,256,2.4999999999999998e-05,,0,0
ttfs_M1_local-pool_dedicated,1,9,3,0,384,2.4999999999999998e-05,,0,0
ttfs_M1_local-pool_dedicated,1,9,4,0,1,2.4999999999999998e-05,,0,0
ttfs_M1_local-pool_dedicated,1,9,5,0,129,2.2e-05,,0,0
ttfs_M1_local-pool_dedicated,1,9,6,0,257,2.4999999999999998e-05,3.168799999999999e-05,1,1
ttfs_M1_local-pool_dedicated,1,9,7,0,385,2.4999999999999998e-05,,0,0
ttfs_M1_local-pool_dedicated,1,9,8,0,2,2.4999999999999998e-05,3.1583999999999994e-05,1,1
ttfs_M1_local-pool_dedicated,1,9,9,0,130,2.2e-05,,0,0
ttfs_M1_local-pool_dedicated,1,9,10,0,258,2.4999999999999998e-05,,0,0
ttfs_M1_local-pool_dedicated,1,9,11,0,386,2.4999999999999998e-05,3.160799999999999e-05,1,1
ttfs_M1_local-pool_dedicated,1,9,12,0,3,2.4999999999999998e-05,3.084799999999999e-05,1,1
ttfs_M1_local-pool_dedicated,1,9,13,0,131,2.2e-05,,0,0
ttfs_M1_local-pool_dedicated,1,9,14,0,259,2.1e-05,,0,0
ttfs_M1_local-pool_dedicated,1,9,15,0,387,2.4999999999999998e-05,3.0647999999999995e-05,1,1
ttfs_M1_local-pool_dedicated,1,9,16,0,4,1.9999999999999998e-05,2.3583999999999996e-05,1,1
ttfs_M1_local-pool_dedicated,1,9,17,0,132,2.4999999999999998e-05,3.2071999999999994e-05,1,1
ttfs_M1_local-pool_dedicated,1,9,18,0,260,2.2e-05,2.7095999999999996e-05,1,1
ttfs_M1_local-pool_dedicated,1,9,19,0,388,1.9999999999999998e-05,2.5087999999999998e-05,1,1
ttfs_M1_local-pool_dedicated,1,9,20,0,5,2.2e-05,2.7823999999999997e-05,1,1
ttfs_M1_local-pool_dedicated,1,9,21,0,133,2.1e-05,,0,0
ttfs_M1_local-pool_dedicated,1,9,22,0,261,2.3e-05,2.9079999999999996e-05,1,1
ttfs_M1_local-pool_dedicated,1,9,23,0,389,2.1e-05,,0,0
ttfs_M1_local-pool_dedicated,1,9,24,0,6,2.4999999999999998e-05,3.0535999999999994e-05,1,1
ttfs_M1_local-pool_dedicated,1,9,25,0,134,2.4999999999999998e-05,3.1224e-05,1,1
ttfs_M1_local-pool_dedicated,1,9,26,0,262,2.4999999999999998e-05,3.0311999999999997e-05,1,1
ttfs_M1_local-pool_dedicated,1,9,27,0,390,2.4999999999999998e-05,2.9919999999999995e-05,1,1
ttfs_M1_local-pool_dedicated,1,9,28,0,7,2.4999999999999998e-05,2.9951999999999997e-05,1,1
ttfs_M1_local-pool_dedicated,1,9,29,0,135,2.4999999999999998e-05,3.0159999999999996e-05,1,1
ttfs_M1_local-pool_dedicated,1,10,0,0,0,2.2e-05,,0,0
ttfs_M1_local-pool_dedicated,1,10,1,0,128,2.4999999999999998e-05,,0,0
ttfs_M1_local-pool_dedicated,1,10,2,0,256,2.4e-05,,0,0
ttfs_M1_local-pool_dedicated,1,10,3,0,384,2.4999999999999998e-05,,0,0
ttfs_M1_local-pool_dedicated,1,10,4,0,1,2.4999999999999998e-05,,0,0
ttfs_M1_local-pool_dedicated,1,10,5,0,129,2.4e-05,,0,0
ttfs_M1_local-pool_dedicated,1,10,6,0,257,2.4999999999999998e-05,,0,0
ttfs_M1_local-pool_dedicated,1,10,7,0,385,2.4999999999999998e-05,,0,0
ttfs_M1_local-pool_dedicated,1,10,8,0,2,2.4999999999999998e-05,3.439199999999999e-05,1,1
ttfs_M1_local-pool_dedicated,1,10,9,0,130,2.4999999999999998e-05,,0,0
ttfs_M1_local-pool_dedicated,1,10,10,0,258,2.4999999999999998e-05,,0,0
ttfs_M1_local-pool_dedicated,1,10,11,0,386,2.2e-05,,0,0
ttfs_M1_local-pool_dedicated,1,10,12,0,3,1.9999999999999998e-05,2.4575999999999996e-05,1,1
ttfs_M1_local-pool_dedicated,1,10,13,0,131,2.4e-05,,0,0
ttfs_M1_local-pool_dedicated,1,10,14,0,259,2.4999999999999998e-05,3.2791999999999994e-05,1,1
ttfs_M1_local-pool_dedicated,1,10,15,0,387,2.4e-05,,0,0
ttfs_M1_local-pool_dedicated,1,10,16,0,4,2.4999999999999998e-05,3.0039999999999997e-05,1,1
ttfs_M1_local-pool_dedicated,1,10,17,0,132,2.4999999999999998e-05,3.5607999999999995e-05,1,1
ttfs_M1_local-pool_dedicated,1,10,18,0,260,2.4999999999999998e-05,3.0335999999999996e-05,1,1
ttfs_M1_local-pool_dedicated,1,10,19,0,388,2.2e-05,,0,0
ttfs_M1_local-pool_dedicated,1,10,20,0,5,2.4999999999999998e-05,3.1151999999999996e-05,1,1
ttfs_M1_local-pool_dedicated,1,10,21,0,133,2.4e-05,,0,0
ttfs_M1_local-pool_dedicated,1,10,22,0,261,2.1e-05,2.6487999999999998e-05,1,1
ttfs_M1_local-pool_dedicated,1,10,23,0,389,2.4999999999999998e-05,3.1255999999999993e-05,1,1
ttfs_M1_local-pool_dedicated,1,10,24,0,6,2.4999999999999998e-05,3.0703999999999996e-05,1,1
ttfs_M1_local-pool_dedicated,1,10,25,0,134,2.4999999999999998e-05,3.14e-05,1,1
ttfs_M1_local-pool_dedicated,1,10,26,0,262,2.4999999999999998e-05,3.0551999999999995e-05,1,1
ttfs_M1_local-pool_dedicated,1,10,27,0,390,2.4999999999999998e-05,3.0271999999999994e-05,1,1
ttfs_M1_local-pool_dedicated,1,10,28,0,7,2.4999999999999998e-05,3.0367999999999995e-05,1,1
ttfs_M1_local-pool_dedicated,1,10,29,0,135,2.4999999999999998e-05,3.0367999999999995e-05,1,1
ttfs_M1_local-pool_dedicated,1,11,0,0,0,2.2e-05,,0,0
ttfs_M1_local-pool_dedicated,1,11,1,0,128,2.4999999999999998e-05,,0,0
ttfs_M1_local-pool_dedicated,1,11,2,0,256,2.4e-05,,0,0
ttfs_M1_local-pool_dedicated,1,11,3,0,384,2.4999999999999998e-05,,0,0
ttfs_M1_local-pool_dedicated,1,11,4,0,1,2.4999999999999998e-05,,0,0
ttfs_M1_local-pool_dedicated,1,11,5,0,129,2.4e-05,,0,0
ttfs_M1_local-pool_dedicated,1,11,6,0,257,2.4e-05,,0,0
ttfs_M1_local-pool_dedicated,1,11,7,0,385,2.4999999999999998e-05,,0,0
ttfs_M1_local-pool_dedicated,1,11,8,0,2,2.4999999999999998e-05,3.2e-05,1,1
ttfs_M1_local-pool_dedicated,1,11,9,0,130,2.4e-05,,0,0
ttfs_M1_local-pool_dedicated,1,11,10,0,258,2.4999999999999998e-05,,0,0
ttfs_M1_local-pool_dedicated,1,11,11,0,386,1.8999999999999998e-05,2.3751999999999996e-05,1,1
ttfs_M1_local-pool_dedicated,1,11,12,0,3,2.2e-05,,0,0
ttfs_M1_local-pool_dedicated,1,11,13,0,131,2.4e-05,,0,0
ttfs_M1_local-pool_dedicated,1,11,14,0,259,2.4999999999999998e-05,3.1944e-05,1,1
ttfs_M1_local-pool_dedicated,1,11,15,0,387,2.4999999999999998e-05,3.1128e-05,1,1
ttfs_M1_local-pool_dedicated,1,11,16,0,4,2.4999999999999998e-05,2.9335999999999995e-05,1,1
ttfs_M1_local-pool_dedicated,1,11,17,0,132,2.4e-05,,0,0
ttfs_M1_local-pool_dedicated,1,11,18,0,260,2.4999999999999998e-05,3.0071999999999996e-05,1,1
ttfs_M1_local-pool_dedicated,1,11,19,0,388,2.4999999999999998e-05,3.0007999999999995e-05,1,1
ttfs_M1_local-pool_dedicated,1,11,20,0,5,2.4999999999999998e-05,3.0776e-05,1,1
ttfs_M1_local-pool_dedicated,1,11,21,0,133,2.3e-05,,0,0
ttfs_M1_local-pool_dedicated,1,11,22,0,261,2.2e-05,,0,0
ttfs_M1_local-pool_dedicated,1,11,23,0,389,2.4999999999999998e-05,3.071199999999999e-05,1,1
ttfs_M1_local-pool_dedicated,1,11,24,0,6,2.4999999999999998e-05,3.0247999999999996e-05,1,1
ttfs_M1_local-pool_dedicated,1,11,25,0,134,2.3e-05,,0,0
ttfs_M1_local-pool_dedicated,1,11,26,0,262,2.4e-05,,0,0
ttfs_M1_local-pool_dedicated,1,11,27,0,390,2.4999999999999998e-05,3.0135999999999994e-05,1,1
ttfs_M1_local-pool_dedicated,1,11,28,0,7,2.4999999999999998e-05,3.0015999999999995e-05,1,1
ttfs_M1_local-pool_dedicated,1,11,29,0,135,2.4999999999999998e-05,3.0127999999999997e-05,1,1
ttfs_M4_local-pool_dedicated,0,0,0,0,0,2.1e-05,2.6367999999999996e-05,1,1
ttfs_M4_local-pool_dedicated,0,0,0,1,1,2.1e-05,,0,0
ttfs_M4_local-pool_dedicated,0,0,0,2,2,2.1e-05,,0,0
ttfs_M4_local-pool_dedicated,0,0,0,3,3,2.1e-05,,0,0
ttfs_M4_local-pool_dedicated,0,0,1,0,128,2.1e-05,2.8095999999999997e-05,1,1
ttfs_M4_local-pool_dedicated,0,0,1,1,129,2.1e-05,,0,0
ttfs_M4_local-pool_dedicated,0,0,1,2,130,2.1e-05,,0,0
ttfs_M4_local-pool_dedicated,0,0,1,3,131,2.1e-05,,0,0
ttfs_M4_local-pool_dedicated,0,0,2,0,256,2.4999999999999998e-05,,0,0
ttfs_M4_local-pool_dedicated,0,0,2,1,257,2.4999999999999998e-05,3.2488e-05,1,1
ttfs_M4_local-pool_dedicated,0,0,2,2,258,2.4999999999999998e-05,,0,0
ttfs_M4_local-pool_dedicated,0,0,2,3,259,2.4999999999999998e-05,,0,0
ttfs_M4_local-pool_dedicated,0,0,3,0,384,2.4999999999999998e-05,,0,0
ttfs_M4_local-pool_dedicated,0,0,3,1,385,2.4999999999999998e-05,,0,0
ttfs_M4_local-pool_dedicated,0,0,3,2,386,2.4999999999999998e-05,,0,0
ttfs_M4_local-pool_dedicated,0,0,3,3,387,2.4999999999999998e-05,,0,0
ttfs_M4_local-pool_dedicated,0,0,4,0,4,2.4999999999999998e-05,3.061599999999999e-05,1,1
ttfs_M4_local-pool_dedicated,0,0,4,1,5,2.4999999999999998e-05,3.3712e-05,1,1
ttfs_M4_local-pool_dedicated,0,0,4,2,6,2.4999999999999998e-05,,0,0
ttfs_M4_local-pool_dedicated,0,0,4,3,7,2.4999999999999998e-05,,0,0
ttfs_M4_local-pool_dedicated,0,0,5,0,132,2.1e-05,,0,0
ttfs_M4_local-pool_dedicated,0,0,5,1,133,2.1e-05,2.6487999999999998e-05,1,1
ttfs_M4_local-pool_dedicated,0,0,5,2,134,2.1e-05,,0,0
ttfs_M4_local-pool_dedicated,0,0,5,3,135,2.1e-05,2.7815999999999996e-05,1,1
ttfs_M4_local-pool_dedicated,0,0,6,0,260,2.4999999999999998e-05,3.102399999999999e-05,1,1
ttfs_M4_local-pool_dedicated,0,0,6,1,261,2.4999999999999998e-05,3.2375999999999996e-05,1,1
ttfs_M4_local-pool_dedicated,0,0,6,2,262,2.4999999999999998e-05,,0,0
ttfs_M4_local-pool_dedicated,0,0,6,3,263,2.4999999999999998e-05,,0,0
ttfs_M4_local-pool_dedicated,0,0,7,0,388,2.4999999999999998e-05,3.2647999999999996e-05,1,1
ttfs_M4_local-pool_dedicated,0,0,7,1,389,2.4999999999999998e-05,,0,0
ttfs_M4_local-pool_dedicated,0,0,7,2,390,2.4999999999999998e-05,3.1079999999999994e-05,1,1
ttfs_M4_local-pool_dedicated,0,0,7,3,391,2.4999999999999998e-05,3.1799999999999994e-05,1,1
ttfs_M4_local-pool_dedicated,0,0,8,0,8,2.4999999999999998e-05,,0,0
ttfs_M4_local-pool_dedicated,0,0,8,1,9,2.4999999999999998e-05,,0,0
ttfs_M4_local-pool_dedicated,0,0,8,2,10,2.4999999999999998e-05,3.160799999999999e-05,1,1
ttfs_M4_local-pool_dedicated,0,0,8,3,11,2.4999999999999998e-05,,0,0
ttfs_M4_local-pool_dedicated,0,0,9,0,136,2.2e-05,,0,0
ttfs_M4_local-pool_dedicated,0,0,9,1,137,2.2e-05,2.7887999999999995e-05,1,1
ttfs_M4_local-pool_dedicated,0,0,9,2,138,2.2e-05,,0,0
ttfs_M4_local-pool_dedicated,0,0,9,3,139,2.2e-05,2.9311999999999997e-05,1,1
ttfs_M4_local-pool_dedicated,0,0,10,0,264,2.4999999999999998e-05,3.1088e-05,1,1
ttfs_M4_local-pool_dedicated,0,0,10,1,265,2.4999999999999998e-05,3.1775999999999995e-05,1,1
ttfs_M4_local-pool_dedicated,0,0,10,2,266,2.4999999999999998e-05,2.9863999999999997e-05,1,1
ttfs_M4_local-pool_dedicated,0,0,10,3,267,2.4999999999999998e-05,3.331999999999999e-05,1,1
ttfs_M4_local-pool_dedicated,0,0,11,0,392,2.4999999999999998e-05,3.3503999999999996e-05,1,1
ttfs_M4_local-pool_dedicated,0,0,11,1,393,2.4999999999999998e-05,3.1224e-05,1,1
ttfs_M4_local-pool_dedicated,0,0,11,2,394,2.4999999999999998e-05,3.1632e-05,1,1
ttfs_M4_local-pool_dedicated,0,0,11,3,395,2.4999999999999998e-05,3.259999999999999e-05,1,1
ttfs_M4_local-pool_dedicated,0,0,12,0,12,2.4999999999999998e-05,3.0471999999999996e-05,1,1
ttfs_M4_local-pool_dedicated,0,0,12,1,13,2.4999999999999998e-05,3.2383999999999994e-05,1,1
ttfs_M4_local-pool_dedicated,0,0,12,2,14,2.4999999999999998e-05,3.0271999999999994e-05,1,1
ttfs_M4_local-pool_dedicated,0,0,12,3,15,2.4999999999999998e-05,3.212e-05,1,1
ttfs_M4_local-pool_dedicated,0,0,13,0,140,2.2e-05,2.8271999999999996e-05,1,1
ttfs_M4_local-pool_dedicated,0,0,13,1,141,2.2e-05,2.6399999999999995e-05,1,1
ttfs_M4_local-pool_dedicated,0,0,13,2,142,2.2e-05,,0,0
ttfs_M4_local-pool_dedicated,0,0,13,3,143,2.2e-05,2.6231999999999996e-05,1,1
ttfs_M4_local-pool_dedicated,0,0,14,0,268,1.9999999999999998e-05,,0,0
ttfs_M4_local-pool_dedicated,0,0,14,1,269,1.9999999999999998e-05,,0,0
ttfs_M4_local-pool_dedicated,0,0,14,2,270,1.9999999999999998e-05,,0,0
ttfs_M4_local-pool_dedicated,0,0,14,3,271,1.9999999999999998e-05,2.3871999999999998e-05,1,1
ttfs_M4_local-pool_dedicated,0,0,15,0,396,2.4999999999999998e-05,3.1095999999999995e-05,1,1
ttfs_M4_local-pool_dedicated,0,0,15,1,397,2.4999999999999998e-05,2.9655999999999995e-05,1,1
ttfs_M4_local-pool_dedicated,0,0,15,2,398,2.4999999999999998e-05,3.123999999999999e-05,1,1
ttfs_M4_local-pool_dedicated,0,0,15,3,399,2.4999999999999998e-05,3.2279999999999996e-05,1,1
ttfs_M4_local-pool_dedicated,0,0,16,0,16,1.9999999999999998e-05,,0,0
ttfs_M4_local-pool_dedicated,0,0,16,1,17,1.9999999999999998e-05,,0,0
ttfs_M4_local-pool_dedicated,0,0,16,2,18,1.9999999999999998e-05,,0,0
ttfs_M4_local-pool_dedicated,0,0,16,3,19,1.9999999999999998e-05,,0,0
ttfs_M4_local-pool_dedicated,0,0,17,0,144,2.4999999999999998e-05,3.0776e-05,1,1
ttfs_M4_local-pool_dedicated,0,0,17,1,145,2.4999999999999998e-05,3.160799999999999e-05,1,1
ttfs_M4_local-pool_dedicated,0,0,17,2,146,2.4999999999999998e-05,3.098399999999999e-05,1,1
ttfs_M4_local-pool_dedicated,0,0,17,3,147,2.4999999999999998e-05,3.2024e-05,1,1
ttfs_M4_local-pool_dedicated,0,0,18,0,272,2.2e-05,2.5991999999999998e-05,1,1
ttfs_M4_local-pool_dedicated,0,0,18,1,273,2.2e-05,2.5703999999999996e-05,1,1
ttfs_M4_local-pool_dedicated,0,0,18,2,274,2.2e-05,2.6567999999999997e-05,1,1
ttfs_M4_local-pool_dedicated,0,0,18,3,275,2.2e-05,2.5711999999999997e-05,1,1
ttfs_M4_local-pool_dedicated,0,0,19,0,400,1.9999999999999998e-05,,0,0
ttfs_M4_local-pool_dedicated,0,0,19,1,401,1.9999999999999998e-05,,0,0
ttfs_M4_local-pool_dedicated,0,0,19,2,402,1.9999999999999998e-05,,0,0
ttfs_M4_local-pool_dedicated,0,0,19,3,403,1.9999999999999998e-05,,0,0
ttfs_M4_local-pool_dedicated,0,0,20,0,20,2.2e-05,,0,0
ttfs_M4_local-pool_dedicated,0,0,20,1,21,2.2e-05,2.8095999999999997e-05,1,1
ttfs_M4_local-pool_dedicated,0,0,20,2,22,2.2e-05,,0,0
ttfs_M4_local-pool_dedicated,0,0,20,3,23,2.2e-05,,0,0
ttfs_M4_local-pool_dedicated,0,0,21,0,148,2.1e-05,,0,0
ttfs_M4_local-pool_dedicated,0,0,21,1,149,2.1e-05,,0,0
ttfs_M4_local-pool_dedicated,0,0,21,2,150,2.1e-05,2.4591999999999998e-05,1,1
ttfs_M4_local-pool_dedicated,0,0,21,3,151,2.1e-05,2.5799999999999997e-05,1,1
ttfs_M4_local-pool_dedicated,0,0,22,0,276,2.4e-05,,0,0
ttfs_M4_local-pool_dedicated,0,0,22,1,277,2.4e-05,,0,0
ttfs_M4_local-pool_dedicated,0,0,22,2,278,2.4e-05,2.9727999999999997e-05,1,1
ttfs_M4_local-pool_dedicated,0,0,22,3,279,2.4e-05,,0,0
ttfs_M4_local-pool_dedicated,0,0,23,0,404,1.9999999999999998e-05,,0,0
ttfs_M4_local-pool_dedicated,0,0,23,1,405,1.9999999999999998e-05,2.5911999999999995e-05,1,1
ttfs_M4_local-pool_dedicated,0,0,23,2,406,1.9999999999999998e-05,2.5383999999999996e-05,1,1
ttfs_M4_local-pool_dedicated,0,0,23,3,407,1.9999999999999998e-05,,0,0
ttfs_M4_local-pool_dedicated,0,0,24,0,24,2.4999999999999998e-05,3.0255999999999996e-05,1,1
ttfs_M4_local-pool_dedicated,0,0,24,1,25,2.4999999999999998e-05,3.0247999999999996e-05,1,1
ttfs_M4_local-pool_dedicated,0,0,24,2,26,2.4999999999999998e-05,3.1055999999999995e-05,1,1
ttfs_M4_local-pool_dedicated,0,0,24,3,27,2.4999999999999998e-05,3.0872e-05,1,1
ttfs_M4_local-pool_dedicated,0,0,25,0,152,2.4999999999999998e-05,3.0119999999999996e-05,1,1
ttfs_M4_local-pool_dedicated,0,0,25,1,153,2.4999999999999998e-05,2.9743999999999995e-05,1,1
ttfs_M4_local-pool_dedicated,0,0,25,2,154,2.4999999999999998e-05,3.0663999999999996e-05,1,1
ttfs_M4_local-pool_dedicated,0,0,25,3,155,2.4999999999999998e-05,3.1015999999999996e-05,1,1
ttfs_M4_local-pool_dedicated,0,0,26,0,280,2.4999999999999998e-05,3.0151999999999995e-05,1,1
ttfs_M4_local-pool_dedicated,0,0,26,1,281,2.4999999999999998e-05,3.0175999999999997e-05,1,1
ttfs_M4_local-pool_dedicated,0,0,26,2,282,2.4999999999999998e-05,3.1344e-05,1,1
ttfs_M4_local-pool_dedicated,0,0,26,3,283,2.4999999999999998e-05,3.0263999999999997e-05,1,1
ttfs_M4_local-pool_dedicated,0,0,27,0,408,2.4999999999999998e-05,3.0832e-05,1,1
ttfs_M4_local-pool_dedicated,0,0,27,1,409,2.4999999999999998e-05,3.0992e-05,1,1
ttfs_M4_local-pool_dedicated,0,0,27,2,410,2.4999999999999998e-05,3.1599999999999996e-05,1,1
ttfs_M4_local-pool_dedicated,0,0,27,3,411,2.4999999999999998e-05,2.9703999999999995e-05,1,1
ttfs_M4_local-pool_dedicated,0,0,28,0,28,2.4999999999999998e-05,2.9863999999999997e-05,1,1
ttfs_M4_local-pool_dedicated,0,0,28,1,29,2.4999999999999998e-05,3.0191999999999995e-05,1,1
ttfs_M4_local-pool_dedicated,0,0,28,2,30,2.4999999999999998e-05,2.9775999999999994e-05,1,1
ttfs_M4_local-pool_dedicated,0,0,28,3,31,2.4999999999999998e-05,2.9807999999999996e-05,1,1
ttfs_M4_local-pool_dedicated,0,0,29,0,156,2.4999999999999998e-05,3.068e-05,1,1
ttfs_M4_local-pool_dedicated,0,0,29,1,157,2.4999999999999998e-05,2.9207999999999995e-05,1,1
ttfs_M4_local-pool_dedicated,0,0,29,2,158,2.4999999999999998e-05,3.0047999999999994e-05,1,1
ttfs_M4_local-pool_dedicated,0,0,29,3,159,2.4999999999999998e-05,2.9183999999999997e-05,1,1
ttfs_M4_local-pool_dedicated,0,1,0,0,0,1.9999999999999998e-05,,0,0
ttfs_M4_local-pool_dedicated,0,1,0,1,1,1.9999999999999998e-05,,0,0
ttfs_M4_local-pool_dedicated,0,1,0,2,2,1.9999999999999998e-05,,0,0
ttfs_M4_local-pool_dedicated,0,1,0,3,3,1.9999999999999998e-05,,0,0
ttfs_M4_local-pool_dedicated,0,1,1,0,128,1.9999999999999998e-05,,0,0
ttfs_M4_local-pool_dedicated,0,1,1,1,129,1.9999999999999998e-05,,0,0
ttfs_M4_local-pool_dedicated,0,1,1,2,130,1.9999999999999998e-05,,0,0
ttfs_M4_local-pool_dedicated,0,1,1,3,131,1.9999999999999998e-05,,0,0
ttfs_M4_local-pool_dedicated,0,1,2,0,256,2.4999999999999998e-05,,0,0
ttfs_M4_local-pool_dedicated,0,1,2,1,257,2.4999999999999998e-05,3.1519999999999996e-05,1,1
ttfs_M4_local-pool_dedicated,0,1,2,2,258,2.4999999999999998e-05,,0,0
ttfs_M4_local-pool_dedicated,0,1,2,3,259,2.4999999999999998e-05,3.5039999999999997e-05,1,1
ttfs_M4_local-pool_dedicated,0,1,3,0,384,2.4999999999999998e-05,,0,0
ttfs_M4_local-pool_dedicated,0,1,3,1,385,2.4999999999999998e-05,,0,0
ttfs_M4_local-pool_dedicated,0,1,3,2,386,2.4999999999999998e-05,,0,0
ttfs_M4_local-pool_dedicated,0,1,3,3,387,2.4999999999999998e-05,,0,0
ttfs_M4_local-pool_dedicated,0,1,4,0,4,2.4999999999999998e-05,2.9935999999999996e-05,1,1
ttfs_M4_local-pool_dedicated,0,1,4,1,5,2.4999999999999998e-05,3.1344e-05,1,1
ttfs_M4_local-pool_dedicated,0,1,4,2,6,2.4999999999999998e-05,3.4104e-05,1,1
ttfs_M4_local-pool_dedicated,0,1,4,3,7,2.4999999999999998e-05,3.3072e-05,1,1
ttfs_M4_local-pool_dedicated,0,1,5,0,132,2.1e-05,,0,0
ttfs_M4_local-pool_dedicated,0,1,5,1,133,2.1e-05,,0,0
ttfs_M4_local-pool_dedicated,0,1,5,2,134,2.1e-05,,0,0
ttfs_M4_local-pool_dedicated,0,1,5,3,135,2.1e-05,,0,0
ttfs_M4_local-pool_dedicated,0,1,6,0,260,2.2e-05,2.7903999999999996e-05,1,1
ttfs_M4_local-pool_dedicated,0,1,6,1,261,2.2e-05,,0,0
ttfs_M4_local-pool_dedicated,0,1,6,2,262,2.2e-05,,0,0
ttfs_M4_local-pool_dedicated,0,1,6,3,263,2.2e-05,,0,0
ttfs_M4_local-pool_dedicated,0,1,7,0,388,2.4999999999999998e-05,3.1327999999999995e-05,1,1
ttfs_M4_local-pool_dedicated,0,1,7,1,389,2.4999999999999998e-05,3.322399999999999e-05,1,1
ttfs_M4_local-pool_dedicated,0,1,7,2,390,2.4999999999999998e-05,3.0119999999999996e-05,1,1
ttfs_M4_local-pool_dedicated,0,1,7,3,391,2.4999999999999998e-05,3.0743999999999996e-05,1,1
ttfs_M4_local-pool_dedicated,0,1,8,0,8,2.4999999999999998e-05,3.353599999999999e-05,1,1
ttfs_M4_local-pool_dedicated,0,1,8,1,9,2.4999999999999998e-05,,0,0
ttfs_M4_local-pool_dedicated,0,1,8,2,10,2.4999999999999998e-05,3.079199999999999e-05,1,1
ttfs_M4_local-pool_dedicated,0,1,8,3,11,2.4999999999999998e-05,3.2415999999999996e-05,1,1
ttfs_M4_local-pool_dedicated,0,1,9,0,136,2.2e-05,,0,0
ttfs_M4_local-pool_dedicated,0,1,9,1,137,2.2e-05,,0,0
ttfs_M4_local-pool_dedicated,0,1,9,2,138,2.2e-05,,0,0
ttfs_M4_local-pool_dedicated,0,1,9,3,139,2.2e-05,,0,0
ttfs_M4_local-pool_dedicated,0,1,10,0,264,2.4999999999999998e-05,3.0439999999999997e-05,1,1
ttfs_M4_local-pool_dedicated,0,1,10,1,265,2.4999999999999998e-05,3.068e-05,1,1
ttfs_M4_local-pool_dedicated,0,1,10,2,266,2.4999999999999998e-05,2.9391999999999996e-05,1,1
ttfs_M4_local-pool_dedicated,0,1,10,3,267,2.4999999999999998e-05,3.2111999999999993e-05,1,1
ttfs_M4_local-pool_dedicated,0,1,11,0,392,2.4e-05,,0,0
ttfs_M4_local-pool_dedicated,0,1,11,1,393,2.4e-05,3.0896e-05,1,1
ttfs_M4_local-pool_dedicated,0,1,11,2,394,2.4e-05,,0,0
ttfs_M4_local-pool_dedicated,0,1,11,3,395,2.4e-05,,0,0
ttfs_M4_local-pool_dedicated,0,1,12,0,12,2.4999999999999998e-05,3.0079999999999997e-05,1,1
ttfs_M4_local-pool_dedicated,0,1,12,1,13,2.4999999999999998e-05,3.1416e-05,1,1
ttfs_M4_local-pool_dedicated,0,1,12,2,14,2.4999999999999998e-05,3.0191999999999995e-05,1,1
ttfs_M4_local-pool_dedicated,0,1,12,3,15,2.4999999999999998e-05,3.1855999999999995e-05,1,1
ttfs_M4_local-pool_dedicated,0,1,13,0,140,2.1e-05,,0,0
ttfs_M4_local-pool_dedicated,0,1,13,1,141,2.1e-05,,0,0
ttfs_M4_local-pool_dedicated,0,1,13,2,142,2.1e-05,,0,0
ttfs_M4_local-pool_dedicated,0,1,13,3,143,2.1e-05,2.6815999999999995e-05,1,1
ttfs_M4_local-pool_dedicated,0,1,14,0,268,2.2e-05,,0,0
ttfs_M4_local-pool_dedicated,0,1,14,1,269,2.2e-05,,0,0
ttfs_M4_local-pool_dedicated,0,1,14,2,270,2.2e-05,,0,0
ttfs_M4_local-pool_dedicated,0,1,14,3,271,2.2e-05,,0,0
ttfs_M4_local-pool_dedicated,0,1,15,0,396,2.4999999999999998e-05,3.0367999999999995e-05,1,1
ttfs_M4_local-pool_dedicated,0,1,15,1,397,2.4999999999999998e-05,2.9511999999999995e-05,1,1
ttfs_M4_local-pool_dedicated,0,1,15,2,398,2.4999999999999998e-05,3.0856e-05,1,1
ttfs_M4_local-pool_dedicated,0,1,15,3,399,2.4999999999999998e-05,3.132e-05,1,1
ttfs_M4_local-pool_dedicated,0,1,16,0,16,2.2e-05,,0,0
ttfs_M4_local-pool_dedicated,0,1,16,1,17,2.2e-05,,0,0
ttfs_M4_local-pool_dedicated,0,1,16,2,18,2.2e-05,,0,0
ttfs_M4_local-pool_dedicated,0,1,16,3,19,2.2e-05,,0,0
ttfs_M4_local-pool_dedicated,0,1,17,0,144,2.2e-05,2.8407999999999996e-05,1,1
ttfs_M4_local-pool_dedicated,0,1,17,1,145,2.2e-05,,0,0
ttfs_M4_local-pool_dedicated,0,1,17,2,146,2.2e-05,,0,0
ttfs_M4_local-pool_dedicated,0,1,17,3,147,2.2e-05,,0,0
ttfs_M4_local-pool_dedicated,0,1,18,0,272,2.1e-05,,0,0
ttfs_M4_local-pool_dedicated,0,1,18,1,273,2.1e-05,,0,0
ttfs_M4_local-pool_dedicated,0,1,18,2,274,2.1e-05,,0,0
ttfs_M4_local-pool_dedicated,0,1,18,3,275,2.1e-05,,0,0
ttfs_M4_local-pool_dedicated,0,1,19,0,400,2.2e-05,,0,0
ttfs_M4_local-pool_dedicated,0,1,19,1,401,2.2e-05,,0,0
ttfs_M4_local-pool_dedicated,0,1,19,2,402,2.2e-05,,0,0
ttfs_M4_local-pool_dedicated,0,1,19,3,403,2.2e-05,2.9111999999999995e-05,1,1
ttfs_M4_local-pool_dedicated,0,1,20,0,20,2.1e-05,,0,0
ttfs_M4_local-pool_dedicated,0,1,20,1,21,2.1e-05,,0,0
ttfs_M4_local-pool_dedicated,0,1,20,2,22,2.1e-05,,0,0
ttfs_M4_local-pool_dedicated,0,1,20,3,23,2.1e-05,,0,0
ttfs_M4_local-pool_dedicated,0,1,21,0,148,1.9999999999999998e-05,,0,0
ttfs_M4_local-pool_dedicated,0,1,21,1,149,1.9999999999999998e-05,,0,0
ttfs_M4_local-pool_dedicated,0,1,21,2,150,1.9999999999999998e-05,2.3879999999999995e-05,1,1
ttfs_M4_local-pool_dedicated,0,1,21,3,151,1.9999999999999998e-05,,0,0
ttfs_M4_local-pool_dedicated,0,1,22,0,276,2.4e-05,3.2432e-05,1,1
ttfs_M4_local-pool_dedicated,0,1,22,1,277,2.4e-05,3.2664e-05,1,1
ttfs_M4_local-pool_dedicated,0,1,22,2,278,2.4e-05,2.8903999999999996e-05,1,1
ttfs_M4_local-pool_dedicated,0,1,22,3,279,2.4e-05,3.1151999999999996e-05,1,1
ttfs_M4_local-pool_dedicated,0,1,23,0,404,2.4999999999999998e-05,3.1304e-05,1,1
ttfs_M4_local-pool_dedicated,0,1,23,1,405,2.4999999999999998e-05,3.0863999999999995e-05,1,1
ttfs_M4_local-pool_dedicated,0,1,23,2,406,2.4999999999999998e-05,3.0231999999999994e-05,1,1
ttfs_M4_local-pool_dedicated,0,1,23,3,407,2.4999999999999998e-05,3.064e-05,1,1
ttfs_M4_local-pool_dedicated,0,1,24,0,24,2.4999999999999998e-05,2.9999999999999994e-05,1,1
ttfs_M4_local-pool_dedicated,0,1,24,1,25,2.4999999999999998e-05,2.9775999999999994e-05,1,1
ttfs_M4_local-pool_dedicated,0,1,24,2,26,2.4999999999999998e-05,3.1215999999999994e-05,1,1
ttfs_M4_local-pool_dedicated,0,1,24,3,27,2.4999999999999998e-05,3.065599999999999e-05,1,1
ttfs_M4_local-pool_dedicated,0,1,25,0,152,2.2e-05,2.7751999999999995e-05,1,1
ttfs_M4_local-pool_dedicated,0,1,25,1,153,2.2e-05,2.6383999999999997e-05,1,1
ttfs_M4_local-pool_dedicated,0,1,25,2,154,2.2e-05,2.9823999999999994e-05,1,1
ttfs_M4_local-pool_dedicated,0,1,25,3,155,2.2e-05,2.9151999999999995e-05,1,1
ttfs_M4_local-pool_dedicated,0,1,26,0,280,2.4999999999999998e-05,2.9911999999999994e-05,1,1
ttfs_M4_local-pool_dedicated,0,1,26,1,281,2.4999999999999998e-05,2.9919999999999995e-05,1,1
ttfs_M4_local-pool_dedicated,0,1,26,2,282,2.4999999999999998e-05,3.0823999999999995e-05,1,1
ttfs_M4_local-pool_dedicated,0,1,26,3,283,2.4999999999999998e-05,3.0319999999999994e-05,1,1
ttfs_M4_local-pool_dedicated,0,1,27,0,408,2.4999999999999998e-05,3.0607999999999996e-05,1,1
ttfs_M4_local-pool_dedicated,0,1,27,1,409,2.4999999999999998e-05,3.0544e-05,1,1
ttfs_M4_local-pool_dedicated,0,1,27,2,410,2.4999999999999998e-05,3.1208e-05,1,1
ttfs_M4_local-pool_dedicated,0,1,27,3,411,2.4999999999999998e-05,2.9447999999999997e-05,1,1
ttfs_M4_local-pool_dedicated,0,1,28,0,28,2.4999999999999998e-05,2.9655999999999995e-05,1,1
ttfs_M4_local-pool_dedicated,0,1,28,1,29,2.4999999999999998e-05,2.9839999999999996e-05,1,1
ttfs_M4_local-pool_dedicated,0,1,28,2,30,2.4999999999999998e-05,2.9519999999999995e-05,1,1
ttfs_M4_local-pool_dedicated,0,1,28,3,31,2.4999999999999998e-05,2.9631999999999997e-05,1,1
ttfs_M4_local-pool_dedicated,0,1,29,0,156,2.4999999999999998e-05,3.0375999999999995e-05,1,1
ttfs_M4_local-pool_dedicated,0,1,29,1,157,2.4999999999999998e-05,2.8927999999999995e-05,1,1
ttfs_M4_local-pool_dedicated,0,1,29,2,158,2.4999999999999998e-05,2.9767999999999997e-05,1,1
ttfs_M4_local-pool_dedicated,0,1,29,3,159,2.4999999999999998e-05,2.9111999999999995e-05,1,1
ttfs_M4_local-pool_dedicated,0,2,0,0,0,2.1e-05,,0,0
ttfs_M4_local-pool_dedicated,0,2,0,1,1,2.1e-05,,0,0
ttfs_M4_local-pool_dedicated,0,2,0,2,2,2.1e-05,,0,0
ttfs_M4_local-pool_dedicated,0,2,0,3,3,2.1e-05,,0,0
ttfs_M4_local-pool_dedicated,0,2,1,0,128,2.2e-05,,0,0
ttfs_M4_local-pool_dedicated,0,2,1,1,129,2.2e-05,,0,0
ttfs_M4_local-pool_dedicated,0,2,1,2,130,2.2e-05,,0,0
ttfs_M4_local-pool_dedicated,0,2,1,3,131,2.2e-05,,0,0
ttfs_M4_local-pool_dedicated,0,2,2,0,256,2.4999999999999998e-05,,0,0
ttfs_M4_local-pool_dedicated,0,2,2,1,257,2.4999999999999998e-05,3.148e-05,1,1
ttfs_M4_local-pool_dedicated,0,2,2,2,258,2.4999999999999998e-05,,0,0
ttfs_M4_local-pool_dedicated,0,2,2,3,259,2.4999999999999998e-05,,0,0
ttfs_M4_local-pool_dedicated,0,2,3,0,384,2.4999999999999998e-05,,0,0
ttfs_M4_local-pool_dedicated,0,2,3,1,385,2.4999999999999998e-05,,0,0
ttfs_M4_local-pool_dedicated,0,2,3,2,386,2.4999999999999998e-05,3.2608e-05,1,1
ttfs_M4_local-pool_dedicated,0,2,3,3,387,2.4999999999999998e-05,3.3231999999999996e-05,1,1
ttfs_M4_local-pool_dedicated,0,2,4,0,4,2.4999999999999998e-05,2.9839999999999996e-05,1,1
ttfs_M4_local-pool_dedicated,0,2,4,1,5,2.4999999999999998e-05,3.1487999999999994e-05,1,1
ttfs_M4_local-pool_dedicated,0,2,4,2,6,2.4999999999999998e-05,3.327999999999999e-05,1,1
ttfs_M4_local-pool_dedicated,0,2,4,3,7,2.4999999999999998e-05,3.3832e-05,1,1
ttfs_M4_local-pool_dedicated,0,2,5,0,132,2.2e-05,,0,0
ttfs_M4_local-pool_dedicated,0,2,5,1,133,2.2e-05,,0,0
ttfs_M4_local-pool_dedicated,0,2,5,2,134,2.2e-05,,0,0
ttfs_M4_local-pool_dedicated,0,2,5,3,135,2.2e-05,,0,0
ttfs_M4_local-pool_dedicated,0,2,6,0,260,2.4999999999999998e-05,3.0159999999999996e-05,1,1
ttfs_M4_local-pool_dedicated,0,2,6,1,261,2.4999999999999998e-05,3.1951999999999995e-05,1,1
ttfs_M4_local-pool_dedicated,0,2,6,2,262,2.4999999999999998e-05,3.3328e-05,1,1
ttfs_M4_local-pool_dedicated,0,2,6,3,263,2.4999999999999998e-05,3.1632e-05,1,1
ttfs_M4_local-pool_dedicated,0,2,7,0,388,2.4999999999999998e-05,3.0463999999999995e-05,1,1
ttfs_M4_local-pool_dedicated,0,2,7,1,389,2.4999999999999998e-05,3.168799999999999e-05,1,1
ttfs_M4_local-pool_dedicated,0,2,7,2,390,2.4999999999999998e-05,3.0271999999999994e-05,1,1
ttfs_M4_local-pool_dedicated,0,2,7,3,391,2.4999999999999998e-05,3.0407999999999994e-05,1,1
ttfs_M4_local-pool_dedicated,0,2,8,0,8,2.4999999999999998e-05,3.2767999999999995e-05,1,1
ttfs_M4_local-pool_dedicated,0,2,8,1,9,2.4999999999999998e-05,3.204e-05,1,1
ttfs_M4_local-pool_dedicated,0,2,8,2,10,2.4999999999999998e-05,3.0687999999999995e-05,1,1
ttfs_M4_local-pool_dedicated,0,2,8,3,11,2.4999999999999998e-05,3.197599999999999e-05,1,1
ttfs_M4_local-pool_dedicated,0,2,9,0,136,2.2e-05,,0,0
ttfs_M4_local-pool_dedicated,0,2,9,1,137,2.2e-05,,0,0
ttfs_M4_local-pool_dedicated,0,2,9,2,138,2.2e-05,,0,0
ttfs_M4_local-pool_dedicated,0,2,9,3,139,2.2e-05,,0,0
ttfs_M4_local-pool_dedicated,0,2,10,0,264,2.4999999999999998e-05,3.0135999999999994e-05,1,1
ttfs_M4_local-pool_dedicated,0,2,10,1,265,2.4999999999999998e-05,3.0351999999999997e-05,1,1
ttfs_M4_local-pool_dedicated,0,2,10,2,266,2.4999999999999998e-05,2.9255999999999996e-05,1,1
ttfs_M4_local-pool_dedicated,0,2,10,3,267,2.4999999999999998e-05,3.197599999999999e-05,1,1
ttfs_M4_local-pool_dedicated,0,2,11,0,392,2.2e-05,,0,0
ttfs_M4_local-pool_dedicated,0,2,11,1,393,2.2e-05,,0,0
ttfs_M4_local-pool_dedicated,0,2,11,2,394,2.2e-05,,0,0
ttfs_M4_local-pool_dedicated,0,2,11,3,395,2.2e-05,,0,0
ttfs_M4_local-pool_dedicated,0,2,12,0,12,2.4999999999999998e-05,3.0047999999999994e-05,1,1
ttfs_M4_local-pool_dedicated,0,2,12,1,13,2.4999999999999998e-05,3.0975999999999996e-05,1,1
ttfs_M4_local-pool_dedicated,0,2,12,2,14,2.4999999999999998e-05,3.0063999999999995e-05,1,1
ttfs_M4_local-pool_dedicated,0,2,12,3,15,2.4999999999999998e-05,3.1208e-05,1,1
ttfs_M4_local-pool_dedicated,0,2,13,0,140,2.2e-05,,0,0
ttfs_M4_local-pool_dedicated,0,2,13,1,141,2.2e-05,,0,0
ttfs_M4_local-pool_dedicated,0,2,13,2,142,2.2e-05,,0,0
ttfs_M4_local-pool_dedicated,0,2,13,3,143,2.2e-05,,0,0
ttfs_M4_local-pool_dedicated,0,2,14,0,268,2.3e-05,,0,0
ttfs_M4_local-pool_dedicated,0,2,14,1,269,2.3e-05,,0,0
ttfs_M4_local-pool_dedicated,0,2,14,2,270,2.3e-05,,0,0
ttfs_M4_local-pool_dedicated,0,2,14,3,271,2.3e-05,2.6591999999999995e-05,1,1
ttfs_M4_local-pool_dedicated,0,2,15,0,396,2.4e-05,,0,0
ttfs_M4_local-pool_dedicated,0,2,15,1,397,2.4e-05,2.8967999999999994e-05,1,1
ttfs_M4_local-pool_dedicated,0,2,15,2,398,2.4e-05,,0,0
ttfs_M4_local-pool_dedicated,0,2,15,3,399,2.4e-05,,0,0
ttfs_M4_local-pool_dedicated,0,2,16,0,16,2.3e-05,,0,0
ttfs_M4_local-pool_dedicated,0,2,16,1,17,2.3e-05,,0,0
ttfs_M4_local-pool_dedicated,0,2,16,2,18,2.3e-05,,0,0
ttfs_M4_local-pool_dedicated,0,2,16,3,19,2.3e-05,3.0423999999999995e-05,1,1
ttfs_M4_local-pool_dedicated,0,2,17,0,144,2.4e-05,3.1447999999999994e-05,1,1
ttfs_M4_local-pool_dedicated,0,2,17,1,145,2.4e-05,,0,0
ttfs_M4_local-pool_dedicated,0,2,17,2,146,2.4e-05,3.242399999999999e-05,1,1
ttfs_M4_local-pool_dedicated,0,2,17,3,147,2.4e-05,,0,0
ttfs_M4_local-pool_dedicated,0,2,18,0,272,2.2e-05,2.8079999999999995e-05,1,1
ttfs_M4_local-pool_dedicated,0,2,18,1,273,2.2e-05,,0,0
ttfs_M4_local-pool_dedicated,0,2,18,2,274,2.2e-05,,0,0
ttfs_M4_local-pool_dedicated,0,2,18,3,275,2.2e-05,2.9135999999999997e-05,1,1
ttfs_M4_local-pool_dedicated,0,2,19,0,400,2.2e-05,,0,0
ttfs_M4_local-pool_dedicated,0,2,19,1,401,2.2e-05,,0,0
ttfs_M4_local-pool_dedicated,0,2,19,2,402,2.2e-05,,0,0
ttfs_M4_local-pool_dedicated,0,2,19,3,403,2.2e-05,,0,0
ttfs_M4_local-pool_dedicated,0,2,20,0,20,2.2e-05,,0,0
ttfs_M4_local-pool_dedicated,0,2,20,1,21,2.2e-05,,0,0
ttfs_M4_local-pool_dedicated,0,2,20,2,22,2.2e-05,,0,0
ttfs_M4_local-pool_dedicated,0,2,20,3,23,2.2e-05,,0,0
ttfs_M4_local-pool_dedicated,0,2,21,0,148,2.1e-05,,0,0
ttfs_M4_local-pool_dedicated,0,2,21,1,149,2.1e-05,,0,0
ttfs_M4_local-pool_dedicated,0,2,21,2,150,2.1e-05,2.4959999999999995e-05,1,1
ttfs_M4_local-pool_dedicated,0,2,21,3,151,2.1e-05,,0,0
ttfs_M4_local-pool_dedicated,0,2,22,0,276,2.2e-05,,0,0
ttfs_M4_local-pool_dedicated,0,2,22,1,277,2.2e-05,,0,0
ttfs_M4_local-pool_dedicated,0,2,22,2,278,2.2e-05,2.7343999999999998e-05,1,1
ttfs_M4_local-pool_dedicated,0,2,22,3,279,2.2e-05,,0,0
ttfs_M4_local-pool_dedicated,0,2,23,0,404,2.4999999999999998e-05,3.1071999999999997e-05,1,1
ttfs_M4_local-pool_dedicated,0,2,23,1,405,2.4999999999999998e-05,3.0823999999999995e-05,1,1
ttfs_M4_local-pool_dedicated,0,2,23,2,406,2.4999999999999998e-05,3.0239999999999995e-05,1,1
ttfs_M4_local-pool_dedicated,0,2,23,3,407,2.4999999999999998e-05,3.0903999999999994e-05,1,1
ttfs_M4_local-pool_dedicated,0,2,24,0,24,2.4999999999999998e-05,3.0023999999999996e-05,1,1
ttfs_M4_local-pool_dedicated,0,2,24,1,25,2.4999999999999998e-05,,0,0
ttfs_M4_local-pool_dedicated,0,2,24,2,26,2.4999999999999998e-05,3.0896e-05,1,1
ttfs_M4_local-pool_dedicated,0,2,24,3,27,2.4999999999999998e-05,3.0584e-05,1,1
ttfs_M4_local-pool_dedicated,0,2,25,0,152,2.3e-05,2.9839999999999996e-05,1,1
ttfs_M4_local-pool_dedicated,0,2,25,1,153,2.3e-05,2.8431999999999995e-05,1,1
ttfs_M4_local-pool_dedicated,0,2,25,2,154,2.3e-05,,0,0
ttfs_M4_local-pool_dedicated,0,2,25,3,155,2.3e-05,,0,0
ttfs_M4_local-pool_dedicated,0,2,26,0,280,2.4999999999999998e-05,3.0007999999999995e-05,1,1
ttfs_M4_local-pool_dedicated,0,2,26,1,281,2.4999999999999998e-05,3.0039999999999997e-05,1,1
ttfs_M4_local-pool_dedicated,0,2,26,2,282,2.4999999999999998e-05,3.1055999999999995e-05,1,1
ttfs_M4_local-pool_dedicated,0,2,26,3,283,2.4999999999999998e-05,3.0207999999999996e-05,1,1
ttfs_M4_local-pool_dedicated,0,2,27,0,408,2.4999999999999998e-05,3.0479999999999996e-05,1,1
ttfs_M4_local-pool_dedicated,0,2,27,1,409,2.4999999999999998e-05,3.0799999999999996e-05,1,1
ttfs_M4_local-pool_dedicated,0,2,27,2,410,2.4999999999999998e-05,3.1151999999999996e-05,1,1
ttfs_M4_local-pool_dedicated,0,2,27,3,411,2.4999999999999998e-05,2.9415999999999994e-05,1,1
ttfs_M4_local-pool_dedicated,0,2,28,0,28,2.4999999999999998e-05,2.9823999999999994e-05,1,1
ttfs_M4_local-pool_dedicated,0,2,28,1,29,2.4999999999999998e-05,2.9847999999999996e-05,1,1
ttfs_M4_local-pool_dedicated,0,2,28,2,30,2.4999999999999998e-05,2.9599999999999994e-05,1,1
ttfs_M4_local-pool_dedicated,0,2,28,3,31,2.4999999999999998e-05,2.9695999999999995e-05,1,1
ttfs_M4_local-pool_dedicated,0,2,29,0,156,2.4999999999999998e-05,3.0199999999999995e-05,1,1
ttfs_M4_local-pool_dedicated,0,2,29,1,157,2.4999999999999998e-05,2.8911999999999997e-05,1,1
ttfs_M4_local-pool_dedicated,0,2,29,2,158,2.4999999999999998e-05,2.9743999999999995e-05,1,1
ttfs_M4_local-pool_dedicated,0,2,29,3,159,2.4999999999999998e-05,2.9063999999999995e-05,1,1
ttfs_M4_local-pool_dedicated,0,3,0,0,0,2.1e-05,2.5247999999999996e-05,1,1
ttfs_M4_local-pool_dedicated,0,3,0,1,1,2.1e-05,,0,0
ttfs_M4_local-pool_dedicated,0,3,0,2,2,2.1e-05,2.6639999999999996e-05,1,1
ttfs_M4_local-pool_dedicated,0,3,0,3,3,2.1e-05,2.5911999999999995e-05,1,1
ttfs_M4_local-pool_dedicated,0,3,1,0,128,2.4999999999999998e-05,,0,0
ttfs_M4_local-pool_dedicated,0,3,1,1,129,2.4999999999999998e-05,,0,0
ttfs_M4_local-pool_dedicated,0,3,1,2,130,2.4999999999999998e-05,,0,0
ttfs_M4_local-pool_dedicated,0,3,1,3,131,2.4999999999999998e-05,,0,0
ttfs_M4_local-pool_dedicated,0,3,2,0,256,2.4e-05,,0,0
ttfs_M4_local-pool_dedicated,0,3,2,1,257,2.4e-05,,0,0
ttfs_M4_local-pool_dedicated,0,3,2,2,258,2.4e-05,,0,0
ttfs_M4_local-pool_dedicated,0,3,2,3,259,2.4e-05,,0,0
ttfs_M4_local-pool_dedicated,0,3,3,0,384,2.4999999999999998e-05,,0,0
ttfs_M4_local-pool_dedicated,0,3,3,1,385,2.4999999999999998e-05,,0,0
ttfs_M4_local-pool_dedicated,0,3,3,2,386,2.4999999999999998e-05,,0,0
ttfs_M4_local-pool_dedicated,0,3,3,3,387,2.4999999999999998e-05,,0,0
ttfs_M4_local-pool_dedicated,0,3,4,0,4,2.4999999999999998e-05,3.1663999999999994e-05,1,1
ttfs_M4_local-pool_dedicated,0,3,4,1,5,2.4999999999999998e-05,,0,0
ttfs_M4_local-pool_dedicated,0,3,4,2,6,2.4999999999999998e-05,,0,0
ttfs_M4_local-pool_dedicated,0,3,4,3,7,2.4999999999999998e-05,,0,0
ttfs_M4_local-pool_dedicated,0,3,5,0,132,2.4e-05,,0,0
ttfs_M4_local-pool_dedicated,0,3,5,1,133,2.4e-05,,0,0
ttfs_M4_local-pool_dedicated,0,3,5,2,134,2.4e-05,,0,0
ttfs_M4_local-pool_dedicated,0,3,5,3,135,2.4e-05,,0,0
ttfs_M4_local-pool_dedicated,0,3,6,0,260,2.4e-05,,0,0
ttfs_M4_local-pool_dedicated,0,3,6,1,261,2.4e-05,,0,0
ttfs_M4_local-pool_dedicated,0,3,6,2,262,2.4e-05,,0,0
ttfs_M4_local-pool_dedicated,0,3,6,3,263,2.4e-05,,0,0
ttfs_M4_local-pool_dedicated,0,3,7,0,388,2.4999999999999998e-05,,0,0
ttfs_M4_local-pool_dedicated,0,3,7,1,389,2.4999999999999998e-05,,0,0
ttfs_M4_local-pool_dedicated,0,3,7,2,390,2.4999999999999998e-05,3.2207999999999994e-05,1,1
ttfs_M4_local-pool_dedicated,0,3,7,3,391,2.4999999999999998e-05,3.2959999999999996e-05,1,1
ttfs_M4_local-pool_dedicated,0,3,8,0,8,2.4999999999999998e-05,,0,0
ttfs_M4_local-pool_dedicated,0,3,8,1,9,2.4999999999999998e-05,,0,0
ttfs_M4_local-pool_dedicated,0,3,8,2,10,2.4999999999999998e-05,3.2439999999999994e-05,1,1
ttfs_M4_local-pool_dedicated,0,3,8,3,11,2.4999999999999998e-05,,0,0
ttfs_M4_local-pool_dedicated,0,3,9,0,136,2.4e-05,,0,0
ttfs_M4_local-pool_dedicated,0,3,9,1,137,2.4e-05,,0,0
ttfs_M4_local-pool_dedicated,0,3,9,2,138,2.4e-05,,0,0
ttfs_M4_local-pool_dedicated,0,3,9,3,139,2.4e-05,,0,0
ttfs_M4_local-pool_dedicated,0,3,10,0,264,2.4999999999999998e-05,3.170399999999999e-05,1,1
ttfs_M4_local-pool_dedicated,0,3,10,1,265,2.4999999999999998e-05,3.2103999999999996e-05,1,1
ttfs_M4_local-pool_dedicated,0,3,10,2,266,2.4999999999999998e-05,3.0031999999999996e-05,1,1
ttfs_M4_local-pool_dedicated,0,3,10,3,267,2.4999999999999998e-05,,0,0
ttfs_M4_local-pool_dedicated,0,3,11,0,392,1.9999999999999998e-05,,0,0
ttfs_M4_local-pool_dedicated,0,3,11,1,393,1.9999999999999998e-05,2.4367999999999998e-05,1,1
ttfs_M4_local-pool_dedicated,0,3,11,2,394,1.9999999999999998e-05,2.5799999999999997e-05,1,1
ttfs_M4_local-pool_dedicated,0,3,11,3,395,1.9999999999999998e-05,2.5303999999999997e-05,1,1
ttfs_M4_local-pool_dedicated,0,3,12,0,12,2.3e-05,,0,0
ttfs_M4_local-pool_dedicated,0,3,12,1,13,2.3e-05,,0,0
ttfs_M4_local-pool_dedicated,0,3,12,2,14,2.3e-05,,0,0
ttfs_M4_local-pool_dedicated,0,3,12,3,15,2.3e-05,,0,0
ttfs_M4_local-pool_dedicated,0,3,13,0,140,2.4e-05,,0,0
ttfs_M4_local-pool_dedicated,0,3,13,1,141,2.4e-05,,0,0
ttfs_M4_local-pool_dedicated,0,3,13,2,142,2.4e-05,,0,0
ttfs_M4_local-pool_dedicated,0,3,13,3,143,2.4e-05,,0,0
ttfs_M4_local-pool_dedicated,0,3,14,0,268,2.4999999999999998e-05,3.254399999999999e-05,1,1
ttfs_M4_local-pool_dedicated,0,3,14,1,269,2.4999999999999998e-05,3.216e-05,1,1
ttfs_M4_local-pool_dedicated,0,3,14,2,270,2.4999999999999998e-05,3.3384e-05,1,1
ttfs_M4_local-pool_dedicated,0,3,14,3,271,2.4999999999999998e-05,2.9575999999999996e-05,1,1
ttfs_M4_local-pool_dedicated,0,3,15,0,396,2.4999999999999998e-05,,0,0
ttfs_M4_local-pool_dedicated,0,3,15,1,397,2.4999999999999998e-05,3.0535999999999994e-05,1,1
ttfs_M4_local-pool_dedicated,0,3,15,2,398,2.4999999999999998e-05,3.296799999999999e-05,1,1
ttfs_M4_local-pool_dedicated,0,3,15,3,399,2.4999999999999998e-05,,0,0
ttfs_M4_local-pool_dedicated,0,3,16,0,16,2.4999999999999998e-05,3.291199999999999e-05,1,1
ttfs_M4_local-pool_dedicated,0,3,16,1,17,2.4999999999999998e-05,3.2711999999999994e-05,1,1
ttfs_M4_local-pool_dedicated,0,3,16,2,18,2.4999999999999998e-05,3.1679999999999995e-05,1,1
ttfs_M4_local-pool_dedicated,0,3,16,3,19,2.4999999999999998e-05,3.115999999999999e-05,1,1
ttfs_M4_local-pool_dedicated,0,3,17,0,144,2.4999999999999998e-05,3.128e-05,1,1
ttfs_M4_local-pool_dedicated,0,3,17,1,145,2.4999999999999998e-05,3.1799999999999994e-05,1,1
ttfs_M4_local-pool_dedicated,0,3,17,2,146,2.4999999999999998e-05,3.195999999999999e-05,1,1
ttfs_M4_local-pool_dedicated,0,3,17,3,147,2.4999999999999998e-05,,0,0
ttfs_M4_local-pool_dedicated,0,3,18,0,272,2.4999999999999998e-05,3.0071999999999996e-05,1,1
ttfs_M4_local-pool_dedicated,0,3,18,1,273,2.4999999999999998e-05,3.0399999999999997e-05,1,1
ttfs_M4_local-pool_dedicated,0,3,18,2,274,2.4999999999999998e-05,3.0783999999999995e-05,1,1
ttfs_M4_local-pool_dedicated,0,3,18,3,275,2.4999999999999998e-05,2.9975999999999996e-05,1,1
ttfs_M4_local-pool_dedicated,0,3,19,0,400,2.4999999999999998e-05,3.2e-05,1,1
ttfs_M4_local-pool_dedicated,0,3,19,1,401,2.4999999999999998e-05,3.1231999999999995e-05,1,1
ttfs_M4_local-pool_dedicated,0,3,19,2,402,2.4999999999999998e-05,3.1695999999999996e-05,1,1
ttfs_M4_local-pool_dedicated,0,3,19,3,403,2.4999999999999998e-05,3.106399999999999e-05,1,1
ttfs_M4_local-pool_dedicated,0,3,20,0,20,2.4e-05,,0,0
ttfs_M4_local-pool_dedicated,0,3,20,1,21,2.4e-05,,0,0
ttfs_M4_local-pool_dedicated,0,3,20,2,22,2.4e-05,,0,0
ttfs_M4_local-pool_dedicated,0,3,20,3,23,2.4e-05,,0,0
ttfs_M4_local-pool_dedicated,0,3,21,0,148,2.3e-05,,0,0
ttfs_M4_local-pool_dedicated,0,3,21,1,149,2.3e-05,,0,0
ttfs_M4_local-pool_dedicated,0,3,21,2,150,2.3e-05,2.8239999999999997e-05,1,1
ttfs_M4_local-pool_dedicated,0,3,21,3,151,2.3e-05,,0,0
ttfs_M4_local-pool_dedicated,0,3,22,0,276,2.2e-05,,0,0
ttfs_M4_local-pool_dedicated,0,3,22,1,277,2.2e-05,,0,0
ttfs_M4_local-pool_dedicated,0,3,22,2,278,2.2e-05,2.7207999999999998e-05,1,1
ttfs_M4_local-pool_dedicated,0,3,22,3,279,2.2e-05,,0,0
ttfs_M4_local-pool_dedicated,0,3,23,0,404,2.4999999999999998e-05,3.147199999999999e-05,1,1
ttfs_M4_local-pool_dedicated,0,3,23,1,405,2.4999999999999998e-05,3.0703999999999996e-05,1,1
ttfs_M4_local-pool_dedicated,0,3,23,2,406,2.4999999999999998e-05,3.0631999999999994e-05,1,1
ttfs_M4_local-pool_dedicated,0,3,23,3,407,2.4999999999999998e-05,3.096799999999999e-05,1,1
ttfs_M4_local-pool_dedicated,0,3,24,0,24,2.4999999999999998e-05,3.0079999999999997e-05,1,1
ttfs_M4_local-pool_dedicated,0,3,24,1,25,2.4999999999999998e-05,3.0215999999999997e-05,1,1
ttfs_M4_local-pool_dedicated,0,3,24,2,26,2.4999999999999998e-05,3.0896e-05,1,1
ttfs_M4_local-pool_dedicated,0,3,24,3,27,2.4999999999999998e-05,3.079199999999999e-05,1,1
ttfs_M4_local-pool_dedicated,0,3,25,0,152,2.4e-05,,0,0
ttfs_M4_local-pool_dedicated,0,3,25,1,153,2.4e-05,3.2631999999999995e-05,1,1
ttfs_M4_local-pool_dedicated,0,3,25,2,154,2.4e-05,,0,0
ttfs_M4_local-pool_dedicated,0,3,25,3,155,2.4e-05,,0,0
ttfs_M4_local-pool_dedicated,0,3,26,0,280,2.4999999999999998e-05,3.0231999999999994e-05,1,1
ttfs_M4_local-pool_dedicated,0,3,26,1,281,2.4999999999999998e-05,3.0359999999999994e-05,1,1
ttfs_M4_local-pool_dedicated,0,3,26,2,282,2.4999999999999998e-05,3.1487999999999994e-05,1,1
ttfs_M4_local-pool_dedicated,0,3,26,3,283,2.4999999999999998e-05,3.0383999999999996e-05,1,1
ttfs_M4_local-pool_dedicated,0,3,27,0,408,2.4999999999999998e-05,3.0839999999999996e-05,1,1
ttfs_M4_local-pool_dedicated,0,3,27,1,409,2.4999999999999998e-05,3.0783999999999995e-05,1,1
ttfs_M4_local-pool_dedicated,0,3,27,2,410,2.4999999999999998e-05,3.115999999999999e-05,1,1
ttfs_M4_local-pool_dedicated,0,3,27,3,411,2.4999999999999998e-05,2.9655999999999995e-05,1,1
ttfs_M4_local-pool_dedicated,0,3,28,0,28,2.4999999999999998e-05,3.0039999999999997e-05,1,1
ttfs_M4_local-pool_dedicated,0,3,28,1,29,2.4999999999999998e-05,3.0335999999999996e-05,1,1
ttfs_M4_local-pool_dedicated,0,3,28,2,30,2.4999999999999998e-05,3.0151999999999995e-05,1,1
ttfs_M4_local-pool_dedicated,0,3,28,3,31,2.4999999999999998e-05,2.9799999999999996e-05,1,1
ttfs_M4_local-pool_dedicated,0,3,29,0,156,2.4999999999999998e-05,3.057599999999999e-05,1,1
ttfs_M4_local-pool_dedicated,0,3,29,1,157,2.4999999999999998e-05,2.9247999999999995e-05,1,1
ttfs_M4_local-pool_dedicated,0,3,29,2,158,2.4999999999999998e-05,2.9863999999999997e-05,1,1
ttfs_M4_local-pool_dedicated,0,3,29,3,159,2.4999999999999998e-05,2.9447999999999997e-05,1,1
ttfs_M4_local-pool_dedicated,0,4,0,0,0,2.3e-05,,0,0
ttfs_M4_local-pool_dedicated,0,4,0,1,1,2.3e-05,,0,0
ttfs_M4_local-pool_dedicated,0,4,0,2,2,2.3e-05,,0,0
ttfs_M4_local-pool_dedicated,0,4,0,3,3,2.3e-05,,0,0
ttfs_M4_local-pool_dedicated,0,4,1,0,128,2.4999999999999998e-05,,0,0
ttfs_M4_local-pool_dedicated,0,4,1,1,129,2.4999999999999998e-05,,0,0
ttfs_M4_local-pool_dedicated,0,4,1,2,130,2.4999999999999998e-05,,0,0
ttfs_M4_local-pool_dedicated,0,4,1,3,131,2.4999999999999998e-05,,0,0
ttfs_M4_local-pool_dedicated,0,4,2,0,256,2.4999999999999998e-05,,0,0
ttfs_M4_local-pool_dedicated,0,4,2,1,257,2.4999999999999998e-05,,0,0
ttfs_M4_local-pool_dedicated,0,4,2,2,258,2.4999999999999998e-05,,0,0
ttfs_M4_local-pool_dedicated,0,4,2,3,259,2.4999999999999998e-05,,0,0
ttfs_M4_local-pool_dedicated,0,4,3,0,384,2.4999999999999998e-05,,0,0
ttfs_M4_local-pool_dedicated,0,4,3,1,385,2.4999999999999998e-05,,0,0
ttfs_M4_local-pool_dedicated,0,4,3,2,386,2.4999999999999998e-05,,0,0
ttfs_M4_local-pool_dedicated,0,4,3,3,387,2.4999999999999998e-05,,0,0
ttfs_M4_local-pool_dedicated,0,4,4,0,4,2.4999999999999998e-05,3.178399999999999e-05,1,1
ttfs_M4_local-pool_dedicated,0,4,4,1,5,2.4999999999999998e-05,,0,0
ttfs_M4_local-pool_dedicated,0,4,4,2,6,2.4999999999999998e-05,,0,0
ttfs_M4_local-pool_dedicated,0,4,4,3,7,2.4999999999999998e-05,,0,0
ttfs_M4_local-pool_dedicated,0,4,5,0,132,2.4e-05,,0,0
ttfs_M4_local-pool_dedicated,0,4,5,1,133,2.4e-05,,0,0
ttfs_M4_local-pool_dedicated,0,4,5,2,134,2.4e-05,,0,0
ttfs_M4_local-pool_dedicated,0,4,5,3,135,2.4e-05,,0,0
ttfs_M4_local-pool_dedicated,0,4,6,0,260,2.4999999999999998e-05,3.2359999999999995e-05,1,1
ttfs_M4_local-pool_dedicated,0,4,6,1,261,2.4999999999999998e-05,,0,0
ttfs_M4_local-pool_dedicated,0,4,6,2,262,2.4999999999999998e-05,,0,0
ttfs_M4_local-pool_dedicated,0,4,6,3,263,2.4999999999999998e-05,,0,0
ttfs_M4_local-pool_dedicated,0,4,7,0,388,2.4999999999999998e-05,3.359199999999999e-05,1,1
ttfs_M4_local-pool_dedicated,0,4,7,1,389,2.4999999999999998e-05,,0,0
ttfs_M4_local-pool_dedicated,0,4,7,2,390,2.4999999999999998e-05,3.273599999999999e-05,1,1
ttfs_M4_local-pool_dedicated,0,4,7,3,391,2.4999999999999998e-05,3.345599999999999e-05,1,1
ttfs_M4_local-pool_dedicated,0,4,8,0,8,2.4999999999999998e-05,,0,0
ttfs_M4_local-pool_dedicated,0,4,8,1,9,2.4999999999999998e-05,,0,0
ttfs_M4_local-pool_dedicated,0,4,8,2,10,2.4999999999999998e-05,,0,0
ttfs_M4_local-pool_dedicated,0,4,8,3,11,2.4999999999999998e-05,,0,0
ttfs_M4_local-pool_dedicated,0,4,9,0,136,2.4e-05,,0,0
ttfs_M4_local-pool_dedicated,0,4,9,1,137,2.4e-05,,0,0
ttfs_M4_local-pool_dedicated,0,4,9,2,138,2.4e-05,,0,0
ttfs_M4_local-pool_dedicated,0,4,9,3,139,2.4e-05,,0,0
ttfs_M4_local-pool_dedicated,0,4,10,0,264,2.4999999999999998e-05,3.1576e-05,1,1
ttfs_M4_local-pool_dedicated,0,4,10,1,265,2.4999999999999998e-05,3.2383999999999994e-05,1,1
ttfs_M4_local-pool_dedicated,0,4,10,2,266,2.4999999999999998e-05,3.0271999999999994e-05,1,1
ttfs_M4_local-pool_dedicated,0,4,10,3,267,2.4999999999999998e-05,,0,0
ttfs_M4_local-pool_dedicated,0,4,11,0,392,1.9999999999999998e-05,,0,0
ttfs_M4_local-pool_dedicated,0,4,11,1,393,1.9999999999999998e-05,2.4591999999999998e-05,1,1
ttfs_M4_local-pool_dedicated,0,4,11,2,394,1.9999999999999998e-05,2.5799999999999997e-05,1,1
ttfs_M4_local-pool_dedicated,0,4,11,3,395,1.9999999999999998e-05,2.5207999999999996e-05,1,1
ttfs_M4_local-pool_dedicated,0,4,12,0,12,2.4e-05,,0,0
ttfs_M4_local-pool_dedicated,0,4,12,1,13,2.4e-05,,0,0
ttfs_M4_local-pool_dedicated,0,4,12,2,14,2.4e-05,,0,0
ttfs_M4_local-pool_dedicated,0,4,12,3,15,2.4e-05,,0,0
ttfs_M4_local-pool_dedicated,0,4,13,0,140,2.4e-05,,0,0
ttfs_M4_local-pool_dedicated,0,4,13,1,141,2.4e-05,,0,0
ttfs_M4_local-pool_dedicated,0,4,13,2,142,2.4e-05,,0,0
ttfs_M4_local-pool_dedicated,0,4,13,3,143,2.4e-05,,0,0
ttfs_M4_local-pool_dedicated,0,4,14,0,268,2.4999999999999998e-05,3.2352e-05,1,1
ttfs_M4_local-pool_dedicated,0,4,14,1,269,2.4999999999999998e-05,3.2479999999999994e-05,1,1
ttfs_M4_local-pool_dedicated,0,4,14,2,270,2.4999999999999998e-05,3.4008e-05,1,1
ttfs_M4_local-pool_dedicated,0,4,14,3,271,2.4999999999999998e-05,2.9655999999999995e-05,1,1
ttfs_M4_local-pool_dedicated,0,4,15,0,396,2.4999999999999998e-05,3.2143999999999996e-05,1,1
ttfs_M4_local-pool_dedicated,0,4,15,1,397,2.4999999999999998e-05,3.0159999999999996e-05,1,1
ttfs_M4_local-pool_dedicated,0,4,15,2,398,2.4999999999999998e-05,3.2439999999999994e-05,1,1
ttfs_M4_local-pool_dedicated,0,4,15,3,399,2.4999999999999998e-05,3.452799999999999e-05,1,1
ttfs_M4_local-pool_dedicated,0,4,16,0,16,2.4999999999999998e-05,3.308799999999999e-05,1,1
ttfs_M4_local-pool_dedicated,0,4,16,1,17,2.4999999999999998e-05,3.2647999999999996e-05,1,1
ttfs_M4_local-pool_dedicated,0,4,16,2,18,2.4999999999999998e-05,3.1728e-05,1,1
ttfs_M4_local-pool_dedicated,0,4,16,3,19,2.4999999999999998e-05,3.123999999999999e-05,1,1
ttfs_M4_local-pool_dedicated,0,4,17,0,144,2.4999999999999998e-05,3.0992e-05,1,1
ttfs_M4_local-pool_dedicated,0,4,17,1,145,2.4999999999999998e-05,3.2136e-05,1,1
ttfs_M4_local-pool_dedicated,0,4,17,2,146,2.4999999999999998e-05,3.1808e-05,1,1
ttfs_M4_local-pool_dedicated,0,4,17,3,147,2.4999999999999998e-05,,0,0
ttfs_M4_local-pool_dedicated,0,4,18,0,272,2.4e-05,,0,0
ttfs_M4_local-pool_dedicated,0,4,18,1,273,2.4e-05,,0,0
ttfs_M4_local-pool_dedicated,0,4,18,2,274,2.4e-05,,0,0
ttfs_M4_local-pool_dedicated,0,4,18,3,275,2.4e-05,3.3039999999999995e-05,1,1
ttfs_M4_local-pool_dedicated,0,4,19,0,400,2.4999999999999998e-05,3.263999999999999e-05,1,1
ttfs_M4_local-pool_dedicated,0,4,19,1,401,2.4999999999999998e-05,3.1991999999999995e-05,1,1
ttfs_M4_local-pool_dedicated,0,4,19,2,402,2.4999999999999998e-05,3.2744e-05,1,1
ttfs_M4_local-pool_dedicated,0,4,19,3,403,2.4999999999999998e-05,3.144e-05,1,1
ttfs_M4_local-pool_dedicated,0,4,20,0,20,2.4e-05,,0,0
ttfs_M4_local-pool_dedicated,0,4,20,1,21,2.4e-05,,0,0
ttfs_M4_local-pool_dedicated,0,4,20,2,22,2.4e-05,,0,0
ttfs_M4_local-pool_dedicated,0,4,20,3,23,2.4e-05,,0,0
ttfs_M4_local-pool_dedicated,0,4,21,0,148,2.2e-05,,0,0
ttfs_M4_local-pool_dedicated,0,4,21,1,149,2.2e-05,,0,0
ttfs_M4_local-pool_dedicated,0,4,21,2,150,2.2e-05,2.5175999999999997e-05,1,1
ttfs_M4_local-pool_dedicated,0,4,21,3,151,2.2e-05,,0,0
ttfs_M4_local-pool_dedicated,0,4,22,0,276,2.1e-05,,0,0
ttfs_M4_local-pool_dedicated,0,4,22,1,277,2.1e-05,2.5839999999999997e-05,1,1
ttfs_M4_local-pool_dedicated,0,4,22,2,278,2.1e-05,2.4719999999999997e-05,1,1
ttfs_M4_local-pool_dedicated,0,4,22,3,279,2.1e-05,2.5719999999999998e-05,1,1
ttfs_M4_local-pool_dedicated,0,4,23,0,404,2.4999999999999998e-05,3.1815999999999995e-05,1,1
ttfs_M4_local-pool_dedicated,0,4,23,1,405,2.4999999999999998e-05,3.1247999999999996e-05,1,1
ttfs_M4_local-pool_dedicated,0,4,23,2,406,2.4999999999999998e-05,3.071199999999999e-05,1,1
ttfs_M4_local-pool_dedicated,0,4,23,3,407,2.4999999999999998e-05,3.1383999999999996e-05,1,1
ttfs_M4_local-pool_dedicated,0,4,24,0,24,2.4999999999999998e-05,3.0359999999999994e-05,1,1
ttfs_M4_local-pool_dedicated,0,4,24,1,25,2.4999999999999998e-05,3.0423999999999995e-05,1,1
ttfs_M4_local-pool_dedicated,0,4,24,2,26,2.4999999999999998e-05,3.098399999999999e-05,1,1
ttfs_M4_local-pool_dedicated,0,4,24,3,27,2.4999999999999998e-05,3.1071999999999997e-05,1,1
ttfs_M4_local-pool_dedicated,0,4,25,0,152,2.4999999999999998e-05,3.0584e-05,1,1
ttfs_M4_local-pool_dedicated,0,4,25,1,153,2.4999999999999998e-05,3.0055999999999995e-05,1,1
ttfs_M4_local-pool_dedicated,0,4,25,2,154,2.4999999999999998e-05,3.0832e-05,1,1
ttfs_M4_local-pool_dedicated,0,4,25,3,155,2.4999999999999998e-05,3.1095999999999995e-05,1,1
ttfs_M4_local-pool_dedicated,0,4,26,0,280,2.4999999999999998e-05,3.0231999999999994e-05,1,1
ttfs_M4_local-pool_dedicated,0,4,26,1,281,2.4999999999999998e-05,3.071199999999999e-05,1,1
ttfs_M4_local-pool_dedicated,0,4,26,2,282,2.4999999999999998e-05,3.1456e-05,1,1
ttfs_M4_local-pool_dedicated,0,4,26,3,283,2.4999999999999998e-05,3.0415999999999995e-05,1,1
ttfs_M4_local-pool_dedicated,0,4,27,0,408,2.4999999999999998e-05,3.076e-05,1,1
ttfs_M4_local-pool_dedicated,0,4,27,1,409,2.4999999999999998e-05,3.0999999999999995e-05,1,1
ttfs_M4_local-pool_dedicated,0,4,27,2,410,2.4999999999999998e-05,3.1456e-05,1,1
ttfs_M4_local-pool_dedicated,0,4,27,3,411,2.4999999999999998e-05,2.9703999999999995e-05,1,1
ttfs_M4_local-pool_dedicated,0,4,28,0,28,2.4999999999999998e-05,3.0191999999999995e-05,1,1
ttfs_M4_local-pool_dedicated,0,4,28,1,29,2.4999999999999998e-05,3.0311999999999997e-05,1,1
ttfs_M4_local-pool_dedicated,0,4,28,2,30,2.4999999999999998e-05,3.0175999999999997e-05,1,1
ttfs_M4_local-pool_dedicated,0,4,28,3,31,2.4999999999999998e-05,3.0055999999999995e-05,1,1
ttfs_M4_local-pool_dedicated,0,4,29,0,156,2.4999999999999998e-05,3.064e-05,1,1
ttfs_M4_local-pool_dedicated,0,4,29,1,157,2.4999999999999998e-05,2.9111999999999995e-05,1,1
ttfs_M4_local-pool_dedicated,0,4,29,2,158,2.4999999999999998e-05,3.0127999999999997e-05,1,1
ttfs_M4_local-pool_dedicated,0,4,29,3,159,2.4999999999999998e-05,2.9463999999999994e-05,1,1
ttfs_M4_local-pool_dedicated,0,5,0,0,0,1.7e-05,2.0911999999999996e-05,1,1
ttfs_M4_local-pool_dedicated,0,5,0,1,1,1.7e-05,2.1991999999999995e-05,1,1
ttfs_M4_local-pool_dedicated,0,5,0,2,2,1.7e-05,2.14e-05,1,1
ttfs_M4_local-pool_dedicated,0,5,0,3,3,1.7e-05,2.1383999999999997e-05,1,1
ttfs_M4_local-pool_dedicated,0,5,1,0,128,1.9999999999999998e-05,,0,0
ttfs_M4_local-pool_dedicated,0,5,1,1,129,1.9999999999999998e-05,,0,0
ttfs_M4_local-pool_dedicated,0,5,1,2,130,1.9999999999999998e-05,,0,0
ttfs_M4_local-pool_dedicated,0,5,1,3,131,1.9999999999999998e-05,,0,0
ttfs_M4_local-pool_dedicated,0,5,2,0,256,2.4e-05,,0,0
ttfs_M4_local-pool_dedicated,0,5,2,1,257,2.4e-05,3.0584e-05,1,1
ttfs_M4_local-pool_dedicated,0,5,2,2,258,2.4e-05,,0,0
ttfs_M4_local-pool_dedicated,0,5,2,3,259,2.4e-05,,0,0
ttfs_M4_local-pool_dedicated,0,5,3,0,384,2.4999999999999998e-05,,0,0
ttfs_M4_local-pool_dedicated,0,5,3,1,385,2.4999999999999998e-05,,0,0
ttfs_M4_local-pool_dedicated,0,5,3,2,386,2.4999999999999998e-05,,0,0
ttfs_M4_local-pool_dedicated,0,5,3,3,387,2.4999999999999998e-05,3.353599999999999e-05,1,1
ttfs_M4_local-pool_dedicated,0,5,4,0,4,2.4e-05,2.8879999999999995e-05,1,1
ttfs_M4_local-pool_dedicated,0,5,4,1,5,2.4e-05,3.215199999999999e-05,1,1
ttfs_M4_local-pool_dedicated,0,5,4,2,6,2.4e-05,,0,0
ttfs_M4_local-pool_dedicated,0,5,4,3,7,2.4e-05,,0,0
ttfs_M4_local-pool_dedicated,0,5,5,0,132,1.9999999999999998e-05,,0,0
ttfs_M4_local-pool_dedicated,0,5,5,1,133,1.9999999999999998e-05,,0,0
ttfs_M4_local-pool_dedicated,0,5,5,2,134,1.9999999999999998e-05,,0,0
ttfs_M4_local-pool_dedicated,0,5,5,3,135,1.9999999999999998e-05,,0,0
ttfs_M4_local-pool_dedicated,0,5,6,0,260,1.8999999999999998e-05,2.3919999999999998e-05,1,1
ttfs_M4_local-pool_dedicated,0,5,6,1,261,1.8999999999999998e-05,2.4471999999999995e-05,1,1
ttfs_M4_local-pool_dedicated,0,5,6,2,262,1.8999999999999998e-05,,0,0
ttfs_M4_local-pool_dedicated,0,5,6,3,263,1.8999999999999998e-05,,0,0
ttfs_M4_local-pool_dedicated,0,5,7,0,388,2.4999999999999998e-05,3.1079999999999994e-05,1,1
ttfs_M4_local-pool_dedicated,0,5,7,1,389,2.4999999999999998e-05,3.2624e-05,1,1
ttfs_M4_local-pool_dedicated,0,5,7,2,390,2.4999999999999998e-05,3.0776e-05,1,1
ttfs_M4_local-pool_dedicated,0,5,7,3,391,2.4999999999999998e-05,3.1191999999999995e-05,1,1
ttfs_M4_local-pool_dedicated,0,5,8,0,8,2.4999999999999998e-05,,0,0
ttfs_M4_local-pool_dedicated,0,5,8,1,9,2.4999999999999998e-05,,0,0
ttfs_M4_local-pool_dedicated,0,5,8,2,10,2.4999999999999998e-05,3.1144e-05,1,1
ttfs_M4_local-pool_dedicated,0,5,8,3,11,2.4999999999999998e-05,,0,0
ttfs_M4_local-pool_dedicated,0,5,9,0,136,2.2e-05,,0,0
ttfs_M4_local-pool_dedicated,0,5,9,1,137,2.2e-05,,0,0
ttfs_M4_local-pool_dedicated,0,5,9,2,138,2.2e-05,,0,0
ttfs_M4_local-pool_dedicated,0,5,9,3,139,2.2e-05,,0,0
ttfs_M4_local-pool_dedicated,0,5,10,0,264,2.4999999999999998e-05,3.0527999999999996e-05,1,1
ttfs_M4_local-pool_dedicated,0,5,10,1,265,2.4999999999999998e-05,3.0896e-05,1,1
ttfs_M4_local-pool_dedicated,0,5,10,2,266,2.4999999999999998e-05,2.9383999999999995e-05,1,1
ttfs_M4_local-pool_dedicated,0,5,10,3,267,2.4999999999999998e-05,3.2415999999999996e-05,1,1
ttfs_M4_local-pool_dedicated,0,5,11,0,392,2.4e-05,,0,0
ttfs_M4_local-pool_dedicated,0,5,11,1,393,2.4e-05,,0,0
ttfs_M4_local-pool_dedicated,0,5,11,2,394,2.4e-05,,0,0
ttfs_M4_local-pool_dedicated,0,5,11,3,395,2.4e-05,,0,0
ttfs_M4_local-pool_dedicated,0,5,12,0,12,2.4999999999999998e-05,3.0199999999999995e-05,1,1
ttfs_M4_local-pool_dedicated,0,5,12,1,13,2.4999999999999998e-05,3.1944e-05,1,1
ttfs_M4_local-pool_dedicated,0,5,12,2,14,2.4999999999999998e-05,3.0415999999999995e-05,1,1
ttfs_M4_local-pool_dedicated,0,5,12,3,15,2.4999999999999998e-05,3.195999999999999e-05,1,1
ttfs_M4_local-pool_dedicated,0,5,13,0,140,1.9999999999999998e-05,,0,0
ttfs_M4_local-pool_dedicated,0,5,13,1,141,1.9999999999999998e-05,2.4991999999999997e-05,1,1
ttfs_M4_local-pool_dedicated,0,5,13,2,142,1.9999999999999998e-05,,0,0
ttfs_M4_local-pool_dedicated,0,5,13,3,143,1.9999999999999998e-05,2.4975999999999996e-05,1,1
ttfs_M4_local-pool_dedicated,0,5,14,0,268,2.2e-05,2.9583999999999997e-05,1,1
ttfs_M4_local-pool_dedicated,0,5,14,1,269,2.2e-05,,0,0
ttfs_M4_local-pool_dedicated,0,5,14,2,270,2.2e-05,,0,0
ttfs_M4_local-pool_dedicated,0,5,14,3,271,2.2e-05,2.5375999999999996e-05,1,1
ttfs_M4_local-pool_dedicated,0,5,15,0,396,2.4999999999999998e-05,3.056e-05,1,1
ttfs_M4_local-pool_dedicated,0,5,15,1,397,2.4999999999999998e-05,2.9631999999999997e-05,1,1
ttfs_M4_local-pool_dedicated,0,5,15,2,398,2.4999999999999998e-05,3.133599999999999e-05,1,1
ttfs_M4_local-pool_dedicated,0,5,15,3,399,2.4999999999999998e-05,3.205599999999999e-05,1,1
ttfs_M4_local-pool_dedicated,0,5,16,0,16,2.2e-05,,0,0
ttfs_M4_local-pool_dedicated,0,5,16,1,17,2.2e-05,,0,0
ttfs_M4_local-pool_dedicated,0,5,16,2,18,2.2e-05,,0,0
ttfs_M4_local-pool_dedicated,0,5,16,3,19,2.2e-05,,0,0
ttfs_M4_local-pool_dedicated,0,5,17,0,144,1.9999999999999998e-05,2.5711999999999997e-05,1,1
ttfs_M4_local-pool_dedicated,0,5,17,1,145,1.9999999999999998e-05,,0,0
ttfs_M4_local-pool_dedicated,0,5,17,2,146,1.9999999999999998e-05,,0,0
ttfs_M4_local-pool_dedicated,0,5,17,3,147,1.9999999999999998e-05,,0,0
ttfs_M4_local-pool_dedicated,0,5,18,0,272,2.2e-05,2.6327999999999996e-05,1,1
ttfs_M4_local-pool_dedicated,0,5,18,1,273,2.2e-05,2.7399999999999995e-05,1,1
ttfs_M4_local-pool_dedicated,0,5,18,2,274,2.2e-05,2.8119999999999995e-05,1,1
ttfs_M4_local-pool_dedicated,0,5,18,3,275,2.2e-05,2.6527999999999997e-05,1,1
ttfs_M4_local-pool_dedicated,0,5,19,0,400,2.2e-05,,0,0
ttfs_M4_local-pool_dedicated,0,5,19,1,401,2.2e-05,,0,0
ttfs_M4_local-pool_dedicated,0,5,19,2,402,2.2e-05,,0,0
ttfs_M4_local-pool_dedicated,0,5,19,3,403,2.2e-05,2.9111999999999995e-05,1,1
ttfs_M4_local-pool_dedicated,0,5,20,0,20,2.2e-05,,0,0
ttfs_M4_local-pool_dedicated,0,5,20,1,21,2.2e-05,2.8943999999999996e-05,1,1
ttfs_M4_local-pool_dedicated,0,5,20,2,22,2.2e-05,,0,0
ttfs_M4_local-pool_dedicated,0,5,20,3,23,2.2e-05,,0,0
ttfs_M4_local-pool_dedicated,0,5,21,0,148,1.9999999999999998e-05,,0,0
ttfs_M4_local-pool_dedicated,0,5,21,1,149,1.9999999999999998e-05,2.6263999999999995e-05,1,1
ttfs_M4_local-pool_dedicated,0,5,21,2,150,1.9999999999999998e-05,2.3487999999999996e-05,1,1
ttfs_M4_local-pool_dedicated,0,5,21,3,151,1.9999999999999998e-05,2.5415999999999995e-05,1,1
ttfs_M4_local-pool_dedicated,0,5,22,0,276,2.4999999999999998e-05,3.1135999999999995e-05,1,1
ttfs_M4_local-pool_dedicated,0,5,22,1,277,2.4999999999999998e-05,3.0567999999999996e-05,1,1
ttfs_M4_local-pool_dedicated,0,5,22,2,278,2.4999999999999998e-05,2.9727999999999997e-05,1,1
ttfs_M4_local-pool_dedicated,0,5,22,3,279,2.4999999999999998e-05,3.0471999999999996e-05,1,1
ttfs_M4_local-pool_dedicated,0,5,23,0,404,2.4999999999999998e-05,3.115999999999999e-05,1,1
ttfs_M4_local-pool_dedicated,0,5,23,1,405,2.4999999999999998e-05,3.0663999999999996e-05,1,1
ttfs_M4_local-pool_dedicated,0,5,23,2,406,2.4999999999999998e-05,3.0167999999999996e-05,1,1
ttfs_M4_local-pool_dedicated,0,5,23,3,407,2.4999999999999998e-05,3.0631999999999994e-05,1,1
ttfs_M4_local-pool_dedicated,0,5,24,0,24,2.4999999999999998e-05,2.9959999999999994e-05,1,1
ttfs_M4_local-pool_dedicated,0,5,24,1,25,2.4999999999999998e-05,2.9871999999999995e-05,1,1
ttfs_M4_local-pool_dedicated,0,5,24,2,26,2.4999999999999998e-05,3.0487999999999997e-05,1,1
ttfs_M4_local-pool_dedicated,0,5,24,3,27,2.4999999999999998e-05,3.0383999999999996e-05,1,1
ttfs_M4_local-pool_dedicated,0,5,25,0,152,1.9999999999999998e-05,2.5327999999999995e-05,1,1
ttfs_M4_local-pool_dedicated,0,5,25,1,153,1.9999999999999998e-05,2.4407999999999997e-05,1,1
ttfs_M4_local-pool_dedicated,0,5,25,2,154,1.9999999999999998e-05,2.5599999999999995e-05,1,1
ttfs_M4_local-pool_dedicated,0,5,25,3,155,1.9999999999999998e-05,,0,0
ttfs_M4_local-pool_dedicated,0,5,26,0,280,2.4999999999999998e-05,3.0007999999999995e-05,1,1
ttfs_M4_local-pool_dedicated,0,5,26,1,281,2.4999999999999998e-05,3.0055999999999995e-05,1,1
ttfs_M4_local-pool_dedicated,0,5,26,2,282,2.4999999999999998e-05,3.1151999999999996e-05,1,1
ttfs_M4_local-pool_dedicated,0,5,26,3,283,2.4999999999999998e-05,3.0031999999999996e-05,1,1
ttfs_M4_local-pool_dedicated,0,5,27,0,408,2.4999999999999998e-05,3.071199999999999e-05,1,1
ttfs_M4_local-pool_dedicated,0,5,27,1,409,2.4999999999999998e-05,3.0439999999999997e-05,1,1
ttfs_M4_local-pool_dedicated,0,5,27,2,410,2.4999999999999998e-05,3.1088e-05,1,1
ttfs_M4_local-pool_dedicated,0,5,27,3,411,2.4999999999999998e-05,2.9343999999999996e-05,1,1
ttfs_M4_local-pool_dedicated,0,5,28,0,28,2.4999999999999998e-05,2.9671999999999996e-05,1,1
ttfs_M4_local-pool_dedicated,0,5,28,1,29,2.4999999999999998e-05,3.0103999999999995e-05,1,1
ttfs_M4_local-pool_dedicated,0,5,28,2,30,2.4999999999999998e-05,2.9607999999999995e-05,1,1
ttfs_M4_local-pool_dedicated,0,5,28,3,31,2.4999999999999998e-05,2.9727999999999997e-05,1,1
ttfs_M4_local-pool_dedicated,0,5,29,0,156,2.4999999999999998e-05,3.0247999999999996e-05,1,1
ttfs_M4_local-pool_dedicated,0,5,29,1,157,2.4999999999999998e-05,2.8847999999999996e-05,1,1
ttfs_M4_local-pool_dedicated,0,5,29,2,158,2.4999999999999998e-05,2.9751999999999996e-05,1,1
ttfs_M4_local-pool_dedicated,0,5,29,3,159,2.4999999999999998e-05,2.8991999999999996e-05,1,1
ttfs_M4_local-pool_dedicated,0,6,0,0,0,2.1e-05,,0,0
ttfs_M4_local-pool_dedicated,0,6,0,1,1,2.1e-05,,0,0
ttfs_M4_local-pool_dedicated,0,6,0,2,2,2.1e-05,,0,0
ttfs_M4_local-pool_dedicated,0,6,0,3,3,2.1e-05,,0,0
ttfs_M4_local-pool_dedicated,0,6,1,0,128,2.1e-05,,0,0
ttfs_M4_local-pool_dedicated,0,6,1,1,129,2.1e-05,,0,0
ttfs_M4_local-pool_dedicated,0,6,1,2,130,2.1e-05,,0,0
ttfs_M4_local-pool_dedicated,0,6,1,3,131,2.1e-05,,0,0
ttfs_M4_local-pool_dedicated,0,6,2,0,256,2.4999999999999998e-05,,0,0
ttfs_M4_local-pool_dedicated,0,6,2,1,257,2.4999999999999998e-05,3.272e-05,1,1
ttfs_M4_local-pool_dedicated,0,6,2,2,258,2.4999999999999998e-05,,0,0
ttfs_M4_local-pool_dedicated,0,6,2,3,259,2.4999999999999998e-05,,0,0
ttfs_M4_local-pool_dedicated,0,6,3,0,384,2.4999999999999998e-05,,0,0
ttfs_M4_local-pool_dedicated,0,6,3,1,385,2.4999999999999998e-05,,0,0
ttfs_M4_local-pool_dedicated,0,6,3,2,386,2.4999999999999998e-05,,0,0
ttfs_M4_local-pool_dedicated,0,6,3,3,387,2.4999999999999998e-05,,0,0
ttfs_M4_local-pool_dedicated,0,6,4,0,4,2.4999999999999998e-05,3.072e-05,1,1
ttfs_M4_local-pool_dedicated,0,6,4,1,5,2.4999999999999998e-05,,0,0
ttfs_M4_local-pool_dedicated,0,6,4,2,6,2.4999999999999998e-05,,0,0
ttfs_M4_local-pool_dedicated,0,6,4,3,7,2.4999999999999998e-05,,0,0
ttfs_M4_local-pool_dedicated,0,6,5,0,132,2.2e-05,,0,0
ttfs_M4_local-pool_dedicated,0,6,5,1,133,2.2e-05,2.7823999999999997e-05,1,1
ttfs_M4_local-pool_dedicated,0,6,5,2,134,2.2e-05,,0,0
ttfs_M4_local-pool_dedicated,0,6,5,3,135,2.2e-05,,0,0
ttfs_M4_local-pool_dedicated,0,6,6,0,260,2.4999999999999998e-05,3.1391999999999994e-05,1,1
ttfs_M4_local-pool_dedicated,0,6,6,1,261,2.4999999999999998e-05,3.2983999999999995e-05,1,1
ttfs_M4_local-pool_dedicated,0,6,6,2,262,2.4999999999999998e-05,,0,0
ttfs_M4_local-pool_dedicated,0,6,6,3,263,2.4999999999999998e-05,3.4439999999999996e-05,1,1
ttfs_M4_local-pool_dedicated,0,6,7,0,388,2.4999999999999998e-05,3.2751999999999994e-05,1,1
ttfs_M4_local-pool_dedicated,0,6,7,1,389,2.4999999999999998e-05,,0,0
ttfs_M4_local-pool_dedicated,0,6,7,2,390,2.4999999999999998e-05,3.1583999999999994e-05,1,1
ttfs_M4_local-pool_dedicated,0,6,7,3,391,2.4999999999999998e-05,3.1463999999999996e-05,1,1
ttfs_M4_local-pool_dedicated,0,6,8,0,8,2.4999999999999998e-05,,0,0
ttfs_M4_local-pool_dedicated,0,6,8,1,9,2.4999999999999998e-05,,0,0
ttfs_M4_local-pool_dedicated,0,6,8,2,10,2.4999999999999998e-05,3.1255999999999993e-05,1,1
ttfs_M4_local-pool_dedicated,0,6,8,3,11,2.4999999999999998e-05,,0,0
ttfs_M4_local-pool_dedicated,0,6,9,0,136,2.2e-05,,0,0
ttfs_M4_local-pool_dedicated,0,6,9,1,137,2.2e-05,2.7831999999999997e-05,1,1
ttfs_M4_local-pool_dedicated,0,6,9,2,138,2.2e-05,,0,0
ttfs_M4_local-pool_dedicated,0,6,9,3,139,2.2e-05,,0,0
ttfs_M4_local-pool_dedicated,0,6,10,0,264,2.4999999999999998e-05,3.1055999999999995e-05,1,1
ttfs_M4_local-pool_dedicated,0,6,10,1,265,2.4999999999999998e-05,3.1184e-05,1,1
ttfs_M4_local-pool_dedicated,0,6,10,2,266,2.4999999999999998e-05,2.9863999999999997e-05,1,1
ttfs_M4_local-pool_dedicated,0,6,10,3,267,2.4999999999999998e-05,3.3128e-05,1,1
ttfs_M4_local-pool_dedicated,0,6,11,0,392,2.4999999999999998e-05,3.341599999999999e-05,1,1
ttfs_M4_local-pool_dedicated,0,6,11,1,393,2.4999999999999998e-05,3.0816e-05,1,1
ttfs_M4_local-pool_dedicated,0,6,11,2,394,2.4999999999999998e-05,3.2608e-05,1,1
ttfs_M4_local-pool_dedicated,0,6,11,3,395,2.4999999999999998e-05,3.1655999999999996e-05,1,1
ttfs_M4_local-pool_dedicated,0,6,12,0,12,2.4999999999999998e-05,3.0391999999999996e-05,1,1
ttfs_M4_local-pool_dedicated,0,6,12,1,13,2.4999999999999998e-05,3.170399999999999e-05,1,1
ttfs_M4_local-pool_dedicated,0,6,12,2,14,2.4999999999999998e-05,3.0471999999999996e-05,1,1
ttfs_M4_local-pool_dedicated,0,6,12,3,15,2.4999999999999998e-05,3.1808e-05,1,1
ttfs_M4_local-pool_dedicated,0,6,13,0,140,2.2e-05,2.8423999999999998e-05,1,1
ttfs_M4_local-pool_dedicated,0,6,13,1,141,2.2e-05,2.6511999999999996e-05,1,1
ttfs_M4_local-pool_dedicated,0,6,13,2,142,2.2e-05,,0,0
ttfs_M4_local-pool_dedicated,0,6,13,3,143,2.2e-05,2.6647999999999996e-05,1,1
ttfs_M4_local-pool_dedicated,0,6,14,0,268,2.1e-05,,0,0
ttfs_M4_local-pool_dedicated,0,6,14,1,269,2.1e-05,,0,0
ttfs_M4_local-pool_dedicated,0,6,14,2,270,2.1e-05,,0,0
ttfs_M4_local-pool_dedicated,0,6,14,3,271,2.1e-05,,0,0
ttfs_M4_local-pool_dedicated,0,6,15,0,396,2.4999999999999998e-05,3.110399999999999e-05,1,1
ttfs_M4_local-pool_dedicated,0,6,15,1,397,2.4999999999999998e-05,2.9735999999999994e-05,1,1
ttfs_M4_local-pool_dedicated,0,6,15,2,398,2.4999999999999998e-05,3.1423999999999996e-05,1,1
ttfs_M4_local-pool_dedicated,0,6,15,3,399,2.4999999999999998e-05,3.2296e-05,1,1
ttfs_M4_local-pool_dedicated,0,6,16,0,16,1.9999999999999998e-05,,0,0
ttfs_M4_local-pool_dedicated,0,6,16,1,17,1.9999999999999998e-05,,0,0
ttfs_M4_local-pool_dedicated,0,6,16,2,18,1.9999999999999998e-05,,0,0
ttfs_M4_local-pool_dedicated,0,6,16,3,19,1.9999999999999998e-05,,0,0
ttfs_M4_local-pool_dedicated,0,6,17,0,144,2.4999999999999998e-05,3.065599999999999e-05,1,1
ttfs_M4_local-pool_dedicated,0,6,17,1,145,2.4999999999999998e-05,3.1768e-05,1,1
ttfs_M4_local-pool_dedicated,0,6,17,2,146,2.4999999999999998e-05,3.0952e-05,1,1
ttfs_M4_local-pool_dedicated,0,6,17,3,147,2.4999999999999998e-05,3.2535999999999995e-05,1,1
ttfs_M4_local-pool_dedicated,0,6,18,0,272,2.2e-05,2.5911999999999995e-05,1,1
ttfs_M4_local-pool_dedicated,0,6,18,1,273,2.2e-05,2.6207999999999997e-05,1,1
ttfs_M4_local-pool_dedicated,0,6,18,2,274,2.2e-05,2.6951999999999995e-05,1,1
ttfs_M4_local-pool_dedicated,0,6,18,3,275,2.2e-05,2.6063999999999996e-05,1,1
ttfs_M4_local-pool_dedicated,0,6,19,0,400,1.9999999999999998e-05,,0,0
ttfs_M4_local-pool_dedicated,0,6,19,1,401,1.9999999999999998e-05,,0,0
ttfs_M4_local-pool_dedicated,0,6,19,2,402,1.9999999999999998e-05,,0,0
ttfs_M4_local-pool_dedicated,0,6,19,3,403,1.9999999999999998e-05,,0,0
ttfs_M4_local-pool_dedicated,0,6,20,0,20,2.2e-05,,0,0
ttfs_M4_local-pool_dedicated,0,6,20,1,21,2.2e-05,,0,0
ttfs_M4_local-pool_dedicated,0,6,20,2,22,2.2e-05,,0,0
ttfs_M4_local-pool_dedicated,0,6,20,3,23,2.2e-05,,0,0
ttfs_M4_local-pool_dedicated,0,6,21,0,148,2.1e-05,,0,0
ttfs_M4_local-pool_dedicated,0,6,21,1,149,2.1e-05,,0,0
ttfs_M4_local-pool_dedicated,0,6,21,2,150,2.1e-05,2.4799999999999996e-05,1,1
ttfs_M4_local-pool_dedicated,0,6,21,3,151,2.1e-05,,0,0
ttfs_M4_local-pool_dedicated,0,6,22,0,276,2.4e-05,,0,0
ttfs_M4_local-pool_dedicated,0,6,22,1,277,2.4e-05,,0,0
ttfs_M4_local-pool_dedicated,0,6,22,2,278,2.4e-05,2.9671999999999996e-05,1,1
ttfs_M4_local-pool_dedicated,0,6,22,3,279,2.4e-05,,0,0
ttfs_M4_local-pool_dedicated,0,6,23,0,404,2.1e-05,,0,0
ttfs_M4_local-pool_dedicated,0,6,23,1,405,2.1e-05,,0,0
ttfs_M4_local-pool_dedicated,0,6,23,2,406,2.1e-05,2.5879999999999996e-05,1,1
ttfs_M4_local-pool_dedicated,0,6,23,3,407,2.1e-05,,0,0
ttfs_M4_local-pool_dedicated,0,6,24,0,24,2.4999999999999998e-05,3.0487999999999997e-05,1,1
ttfs_M4_local-pool_dedicated,0,6,24,1,25,2.4999999999999998e-05,3.0207999999999996e-05,1,1
ttfs_M4_local-pool_dedicated,0,6,24,2,26,2.4999999999999998e-05,3.0671999999999994e-05,1,1
ttfs_M4_local-pool_dedicated,0,6,24,3,27,2.4999999999999998e-05,3.092799999999999e-05,1,1
ttfs_M4_local-pool_dedicated,0,6,25,0,152,2.4999999999999998e-05,3.0199999999999995e-05,1,1
ttfs_M4_local-pool_dedicated,0,6,25,1,153,2.4999999999999998e-05,2.9679999999999997e-05,1,1
ttfs_M4_local-pool_dedicated,0,6,25,2,154,2.4999999999999998e-05,3.0511999999999995e-05,1,1
ttfs_M4_local-pool_dedicated,0,6,25,3,155,2.4999999999999998e-05,3.068e-05,1,1
ttfs_M4_local-pool_dedicated,0,6,26,0,280,2.4999999999999998e-05,3.0135999999999994e-05,1,1
ttfs_M4_local-pool_dedicated,0,6,26,1,281,2.4999999999999998e-05,3.0007999999999995e-05,1,1
ttfs_M4_local-pool_dedicated,0,6,26,2,282,2.4999999999999998e-05,3.1231999999999995e-05,1,1
ttfs_M4_local-pool_dedicated,0,6,26,3,283,2.4999999999999998e-05,3.0343999999999996e-05,1,1
ttfs_M4_local-pool_dedicated,0,6,27,0,408,2.4999999999999998e-05,3.0959999999999995e-05,1,1
ttfs_M4_local-pool_dedicated,0,6,27,1,409,2.4999999999999998e-05,3.0943999999999994e-05,1,1
ttfs_M4_local-pool_dedicated,0,6,27,2,410,2.4999999999999998e-05,3.132e-05,1,1
ttfs_M4_local-pool_dedicated,0,6,27,3,411,2.4999999999999998e-05,2.9583999999999997e-05,1,1
ttfs_M4_local-pool_dedicated,0,6,28,0,28,2.4999999999999998e-05,2.9903999999999997e-05,1,1
ttfs_M4_local-pool_dedicated,0,6,28,1,29,2.4999999999999998e-05,3.0343999999999996e-05,1,1
ttfs_M4_local-pool_dedicated,0,6,28,2,30,2.4999999999999998e-05,2.9919999999999995e-05,1,1
ttfs_M4_local-pool_dedicated,0,6,28,3,31,2.4999999999999998e-05,2.9935999999999996e-05,1,1
ttfs_M4_local-pool_dedicated,0,6,29,0,156,2.4999999999999998e-05,3.06e-05,1,1
ttfs_M4_local-pool_dedicated,0,6,29,1,157,2.4999999999999998e-05,2.9231999999999997e-05,1,1
ttfs_M4_local-pool_dedicated,0,6,29,2,158,2.4999999999999998e-05,2.9903999999999997e-05,1,1
ttfs_M4_local-pool_dedicated,0,6,29,3,159,2.4999999999999998e-05,2.9239999999999994e-05,1,1
ttfs_M4_local-pool_dedicated,0,7,0,0,0,2.2e-05,,0,0
ttfs_M4_local-pool_dedicated,0,7,0,1,1,2.2e-05,,0,0
ttfs_M4_local-pool_dedicated,0,7,0,2,2,2.2e-05,,0,0
ttfs_M4_local-pool_dedicated,0,7,0,3,3,2.2e-05,,0,0
ttfs_M4_local-pool_dedicated,0,7,1,0,128,2.4999999999999998e-05,,0,0
ttfs_M4_local-pool_dedicated,0,7,1,1,129,2.4999999999999998e-05,,0,0
ttfs_M4_local-pool_dedicated,0,7,1,2,130,2.4999999999999998e-05,,0,0
ttfs_M4_local-pool_dedicated,0,7,1,3,131,2.4999999999999998e-05,,0,0
ttfs_M4_local-pool_dedicated,0,7,2,0,256,2.3e-05,,0,0
ttfs_M4_local-pool_dedicated,0,7,2,1,257,2.3e-05,,0,0
ttfs_M4_local-pool_dedicated,0,7,2,2,258,2.3e-05,,0,0
ttfs_M4_local-pool_dedicated,0,7,2,3,259,2.3e-05,,0,0
ttfs_M4_local-pool_dedicated,0,7,3,0,384,2.4999999999999998e-05,,0,0
ttfs_M4_local-pool_dedicated,0,7,3,1,385,2.4999999999999998e-05,,0,0
ttfs_M4_local-pool_dedicated,0,7,3,2,386,2.4999999999999998e-05,,0,0
ttfs_M4_local-pool_dedicated,0,7,3,3,387,2.4999999999999998e-05,,0,0
ttfs_M4_local-pool_dedicated,0,7,4,0,4,2.4999999999999998e-05,3.2432e-05,1,1
ttfs_M4_local-pool_dedicated,0,7,4,1,5,2.4999999999999998e-05,,0,0
ttfs_M4_local-pool_dedicated,0,7,4,2,6,2.4999999999999998e-05,,0,0
ttfs_M4_local-pool_dedicated,0,7,4,3,7,2.4999999999999998e-05,,0,0
ttfs_M4_local-pool_dedicated,0,7,5,0,132,2.4e-05,,0,0
ttfs_M4_local-pool_dedicated,0,7,5,1,133,2.4e-05,,0,0
ttfs_M4_local-pool_dedicated,0,7,5,2,134,2.4e-05,,0,0
ttfs_M4_local-pool_dedicated,0,7,5,3,135,2.4e-05,,0,0
ttfs_M4_local-pool_dedicated,0,7,6,0,260,2.4999999999999998e-05,3.308799999999999e-05,1,1
ttfs_M4_local-pool_dedicated,0,7,6,1,261,2.4999999999999998e-05,,0,0
ttfs_M4_local-pool_dedicated,0,7,6,2,262,2.4999999999999998e-05,,0,0
ttfs_M4_local-pool_dedicated,0,7,6,3,263,2.4999999999999998e-05,,0,0
ttfs_M4_local-pool_dedicated,0,7,7,0,388,2.4999999999999998e-05,,0,0
ttfs_M4_local-pool_dedicated,0,7,7,1,389,2.4999999999999998e-05,,0,0
ttfs_M4_local-pool_dedicated,0,7,7,2,390,2.4999999999999998e-05,3.4519999999999995e-05,1,1
ttfs_M4_local-pool_dedicated,0,7,7,3,391,2.4999999999999998e-05,,0,0
ttfs_M4_local-pool_dedicated,0,7,8,0,8,2.4999999999999998e-05,,0,0
ttfs_M4_local-pool_dedicated,0,7,8,1,9,2.4999999999999998e-05,,0,0
ttfs_M4_local-pool_dedicated,0,7,8,2,10,2.4999999999999998e-05,3.376799999999999e-05,1,1
ttfs_M4_local-pool_dedicated,0,7,8,3,11,2.4999999999999998e-05,,0,0
ttfs_M4_local-pool_dedicated,0,7,9,0,136,2.4e-05,,0,0
ttfs_M4_local-pool_dedicated,0,7,9,1,137,2.4e-05,,0,0
ttfs_M4_local-pool_dedicated,0,7,9,2,138,2.4e-05,,0,0
ttfs_M4_local-pool_dedicated,0,7,9,3,139,2.4e-05,,0,0
ttfs_M4_local-pool_dedicated,0,7,10,0,264,2.4999999999999998e-05,3.2223999999999995e-05,1,1
ttfs_M4_local-pool_dedicated,0,7,10,1,265,2.4999999999999998e-05,3.277599999999999e-05,1,1
ttfs_M4_local-pool_dedicated,0,7,10,2,266,2.4999999999999998e-05,3.064e-05,1,1
ttfs_M4_local-pool_dedicated,0,7,10,3,267,2.4999999999999998e-05,,0,0
ttfs_M4_local-pool_dedicated,0,7,11,0,392,2.2e-05,,0,0
ttfs_M4_local-pool_dedicated,0,7,11,1,393,2.2e-05,,0,0
ttfs_M4_local-pool_dedicated,0,7,11,2,394,2.2e-05,,0,0
ttfs_M4_local-pool_dedicated,0,7,11,3,395,2.2e-05,,0,0
ttfs_M4_local-pool_dedicated,0,7,12,0,12,2.2e-05,,0,0
ttfs_M4_local-pool_dedicated,0,7,12,1,13,2.2e-05,,0,0
ttfs_M4_local-pool_dedicated,0,7,12,2,14,2.2e-05,,0,0
ttfs_M4_local-pool_dedicated,0,7,12,3,15,2.2e-05,,0,0
ttfs_M4_local-pool_dedicated,0,7,13,0,140,2.4e-05,,0,0
ttfs_M4_local-pool_dedicated,0,7,13,1,141,2.4e-05,,0,0
ttfs_M4_local-pool_dedicated,0,7,13,2,142,2.4e-05,,0,0
ttfs_M4_local-pool_dedicated,0,7,13,3,143,2.4e-05,,0,0
ttfs_M4_local-pool_dedicated,0,7,14,0,268,2.4999999999999998e-05,3.2624e-05,1,1
ttfs_M4_local-pool_dedicated,0,7,14,1,269,2.4999999999999998e-05,3.3879999999999994e-05,1,1
ttfs_M4_local-pool_dedicated,0,7,14,2,270,2.4999999999999998e-05,,0,0
ttfs_M4_local-pool_dedicated,0,7,14,3,271,2.4999999999999998e-05,2.9967999999999995e-05,1,1
ttfs_M4_local-pool_dedicated,0,7,15,0,396,2.4999999999999998e-05,3.2887999999999994e-05,1,1
ttfs_M4_local-pool_dedicated,0,7,15,1,397,2.4999999999999998e-05,3.0607999999999996e-05,1,1
ttfs_M4_local-pool_dedicated,0,7,15,2,398,2.4999999999999998e-05,3.4688e-05,1,1
ttfs_M4_local-pool_dedicated,0,7,15,3,399,2.4999999999999998e-05,,0,0
ttfs_M4_local-pool_dedicated,0,7,16,0,16,2.4999999999999998e-05,3.4695999999999994e-05,1,1
ttfs_M4_local-pool_dedicated,0,7,16,1,17,2.4999999999999998e-05,3.3679999999999996e-05,1,1
ttfs_M4_local-pool_dedicated,0,7,16,2,18,2.4999999999999998e-05,3.2247999999999993e-05,1,1
ttfs_M4_local-pool_dedicated,0,7,16,3,19,2.4999999999999998e-05,3.1527999999999994e-05,1,1
ttfs_M4_local-pool_dedicated,0,7,17,0,144,2.4999999999999998e-05,3.1543999999999995e-05,1,1
ttfs_M4_local-pool_dedicated,0,7,17,1,145,2.4999999999999998e-05,3.2479999999999994e-05,1,1
ttfs_M4_local-pool_dedicated,0,7,17,2,146,2.4999999999999998e-05,3.195999999999999e-05,1,1
ttfs_M4_local-pool_dedicated,0,7,17,3,147,2.4999999999999998e-05,,0,0
ttfs_M4_local-pool_dedicated,0,7,18,0,272,2.4999999999999998e-05,3.0127999999999997e-05,1,1
ttfs_M4_local-pool_dedicated,0,7,18,1,273,2.4999999999999998e-05,3.0544e-05,1,1
ttfs_M4_local-pool_dedicated,0,7,18,2,274,2.4999999999999998e-05,3.0903999999999994e-05,1,1
ttfs_M4_local-pool_dedicated,0,7,18,3,275,2.4999999999999998e-05,3.0183999999999994e-05,1,1
ttfs_M4_local-pool_dedicated,0,7,19,0,400,2.4e-05,,0,0
ttfs_M4_local-pool_dedicated,0,7,19,1,401,2.4e-05,,0,0
ttfs_M4_local-pool_dedicated,0,7,19,2,402,2.4e-05,,0,0
ttfs_M4_local-pool_dedicated,0,7,19,3,403,2.4e-05,,0,0
ttfs_M4_local-pool_dedicated,0,7,20,0,20,2.4999999999999998e-05,3.208e-05,1,1
ttfs_M4_local-pool_dedicated,0,7,20,1,21,2.4999999999999998e-05,3.2439999999999994e-05,1,1
ttfs_M4_local-pool_dedicated,0,7,20,2,22,2.4999999999999998e-05,3.368799999999999e-05,1,1
ttfs_M4_local-pool_dedicated,0,7,20,3,23,2.4999999999999998e-05,3.216e-05,1,1
ttfs_M4_local-pool_dedicated,0,7,21,0,148,2.4e-05,,0,0
ttfs_M4_local-pool_dedicated,0,7,21,1,149,2.4e-05,,0,0
ttfs_M4_local-pool_dedicated,0,7,21,2,150,2.4e-05,2.9919999999999995e-05,1,1
ttfs_M4_local-pool_dedicated,0,7,21,3,151,2.4e-05,,0,0
ttfs_M4_local-pool_dedicated,0,7,22,0,276,2.2e-05,,0,0
ttfs_M4_local-pool_dedicated,0,7,22,1,277,2.2e-05,,0,0
ttfs_M4_local-pool_dedicated,0,7,22,2,278,2.2e-05,2.6303999999999998e-05,1,1
ttfs_M4_local-pool_dedicated,0,7,22,3,279,2.2e-05,,0,0
ttfs_M4_local-pool_dedicated,0,7,23,0,404,2.4999999999999998e-05,3.1895999999999994e-05,1,1
ttfs_M4_local-pool_dedicated,0,7,23,1,405,2.4999999999999998e-05,3.1391999999999994e-05,1,1
ttfs_M4_local-pool_dedicated,0,7,23,2,406,2.4999999999999998e-05,3.0487999999999997e-05,1,1
ttfs_M4_local-pool_dedicated,0,7,23,3,407,2.4999999999999998e-05,3.1271999999999995e-05,1,1
ttfs_M4_local-pool_dedicated,0,7,24,0,24,2.4999999999999998e-05,3.0479999999999996e-05,1,1
ttfs_M4_local-pool_dedicated,0,7,24,1,25,2.4999999999999998e-05,3.0447999999999997e-05,1,1
ttfs_M4_local-pool_dedicated,0,7,24,2,26,2.4999999999999998e-05,3.102399999999999e-05,1,1
ttfs_M4_local-pool_dedicated,0,7,24,3,27,2.4999999999999998e-05,3.0856e-05,1,1
ttfs_M4_local-pool_dedicated,0,7,25,0,152,2.4999999999999998e-05,3.0624e-05,1,1
ttfs_M4_local-pool_dedicated,0,7,25,1,153,2.4999999999999998e-05,2.9871999999999995e-05,1,1
ttfs_M4_local-pool_dedicated,0,7,25,2,154,2.4999999999999998e-05,3.065599999999999e-05,1,1
ttfs_M4_local-pool_dedicated,0,7,25,3,155,2.4999999999999998e-05,3.14e-05,1,1
ttfs_M4_local-pool_dedicated,0,7,26,0,280,2.4999999999999998e-05,3.0471999999999996e-05,1,1
ttfs_M4_local-pool_dedicated,0,7,26,1,281,2.4999999999999998e-05,3.0263999999999997e-05,1,1
ttfs_M4_local-pool_dedicated,0,7,26,2,282,2.4999999999999998e-05,3.1391999999999994e-05,1,1
ttfs_M4_local-pool_dedicated,0,7,26,3,283,2.4999999999999998e-05,3.0624e-05,1,1
ttfs_M4_local-pool_dedicated,0,7,27,0,408,2.4999999999999998e-05,3.1287999999999996e-05,1,1
ttfs_M4_local-pool_dedicated,0,7,27,1,409,2.4999999999999998e-05,3.1015999999999996e-05,1,1
ttfs_M4_local-pool_dedicated,0,7,27,2,410,2.4999999999999998e-05,3.1576e-05,1,1
ttfs_M4_local-pool_dedicated,0,7,27,3,411,2.4999999999999998e-05,2.9791999999999995e-05,1,1
ttfs_M4_local-pool_dedicated,0,7,28,0,28,2.4999999999999998e-05,3.0159999999999996e-05,1,1
ttfs_M4_local-pool_dedicated,0,7,28,1,29,2.4999999999999998e-05,3.0551999999999995e-05,1,1
ttfs_M4_local-pool_dedicated,0,7,28,2,30,2.4999999999999998e-05,3.0271999999999994e-05,1,1
ttfs_M4_local-pool_dedicated,0,7,28,3,31,2.4999999999999998e-05,3.0031999999999996e-05,1,1
ttfs_M4_local-pool_dedicated,0,7,29,0,156,2.4999999999999998e-05,3.0727999999999994e-05,1,1
ttfs_M4_local-pool_dedicated,0,7,29,1,157,2.4999999999999998e-05,2.9287999999999995e-05,1,1
ttfs_M4_local-pool_dedicated,0,7,29,2,158,2.4999999999999998e-05,3.0103999999999995e-05,1,1
ttfs_M4_local-pool_dedicated,0,7,29,3,159,2.4999999999999998e-05,2.9479999999999996e-05,1,1
ttfs_M4_local-pool_dedicated,0,8,0,0,0,2.4e-05,,0,0
ttfs_M4_local-pool_dedicated,0,8,0,1,1,2.4e-05,,0,0
ttfs_M4_local-pool_dedicated,0,8,0,2,2,2.4e-05,,0,0
ttfs_M4_local-pool_dedicated,0,8,0,3,3,2.4e-05,,0,0
ttfs_M4_local-pool_dedicated,0,8,1,0,128,2.4999999999999998e-05,,0,0
ttfs_M4_local-pool_dedicated,0,8,1,1,129,2.4999999999999998e-05,,0,0
ttfs_M4_local-pool_dedicated,0,8,1,2,130,2.4999999999999998e-05,,0,0
ttfs_M4_local-pool_dedicated,0,8,1,3,131,2.4999999999999998e-05,,0,0
ttfs_M4_local-pool_dedicated,0,8,2,0,256,2.4999999999999998e-05,,0,0
ttfs_M4_local-pool_dedicated,0,8,2,1,257,2.4999999999999998e-05,,0,0
ttfs_M4_local-pool_dedicated,0,8,2,2,258,2.4999999999999998e-05,,0,0
ttfs_M4_local-pool_dedicated,0,8,2,3,259,2.4999999999999998e-05,,0,0
ttfs_M4_local-pool_dedicated,0,8,3,0,384,2.4999999999999998e-05,,0,0
ttfs_M4_local-pool_dedicated,0,8,3,1,385,2.4999999999999998e-05,,0,0
ttfs_M4_local-pool_dedicated,0,8,3,2,386,2.4999999999999998e-05,,0,0
ttfs_M4_local-pool_dedicated,0,8,3,3,387,2.4999999999999998e-05,,0,0
ttfs_M4_local-pool_dedicated,0,8,4,0,4,2.4999999999999998e-05,,0,0
ttfs_M4_local-pool_dedicated,0,8,4,1,5,2.4999999999999998e-05,,0,0
ttfs_M4_local-pool_dedicated,0,8,4,2,6,2.4999999999999998e-05,,0,0
ttfs_M4_local-pool_dedicated,0,8,4,3,7,2.4999999999999998e-05,,0,0
ttfs_M4_local-pool_dedicated,0,8,5,0,132,2.4999999999999998e-05,,0,0
ttfs_M4_local-pool_dedicated,0,8,5,1,133,2.4999999999999998e-05,,0,0
ttfs_M4_local-pool_dedicated,0,8,5,2,134,2.4999999999999998e-05,,0,0
ttfs_M4_local-pool_dedicated,0,8,5,3,135,2.4999999999999998e-05,,0,0
ttfs_M4_local-pool_dedicated,0,8,6,0,260,2.4999999999999998e-05,,0,0
ttfs_M4_local-pool_dedicated,0,8,6,1,261,2.4999999999999998e-05,,0,0
ttfs_M4_local-pool_dedicated,0,8,6,2,262,2.4999999999999998e-05,,0,0
ttfs_M4_local-pool_dedicated,0,8,6,3,263,2.4999999999999998e-05,,0,0
ttfs_M4_local-pool_dedicated,0,8,7,0,388,2.4999999999999998e-05,,0,0
ttfs_M4_local-pool_dedicated,0,8,7,1,389,2.4999999999999998e-05,,0,0
ttfs_M4_local-pool_dedicated,0,8,7,2,390,2.4999999999999998e-05,,0,0
ttfs_M4_local-pool_dedicated,0,8,7,3,391,2.4999999999999998e-05,,0,0
ttfs_M4_local-pool_dedicated,0,8,8,0,8,2.4999999999999998e-05,,0,0
ttfs_M4_local-pool_dedicated,0,8,8,1,9,2.4999999999999998e-05,,0,0
ttfs_M4_local-pool_dedicated,0,8,8,2,10,2.4999999999999998e-05,,0,0
ttfs_M4_local-pool_dedicated,0,8,8,3,11,2.4999999999999998e-05,,0,0
ttfs_M4_local-pool_dedicated,0,8,9,0,136,2.4999999999999998e-05,,0,0
ttfs_M4_local-pool_dedicated,0,8,9,1,137,2.4999999999999998e-05,3.5448e-05,1,1
ttfs_M4_local-pool_dedicated,0,8,9,2,138,2.4999999999999998e-05,,0,0
ttfs_M4_local-pool_dedicated,0,8,9,3,139,2.4999999999999998e-05,,0,0
ttfs_M4_local-pool_dedicated,0,8,10,0,264,2.4999999999999998e-05,3.3192e-05,1,1
ttfs_M4_local-pool_dedicated,0,8,10,1,265,2.4999999999999998e-05,3.3304e-05,1,1
ttfs_M4_local-pool_dedicated,0,8,10,2,266,2.4999999999999998e-05,3.0631999999999994e-05,1,1
ttfs_M4_local-pool_dedicated,0,8,10,3,267,2.4999999999999998e-05,,0,0
ttfs_M4_local-pool_dedicated,0,8,11,0,392,1.9999999999999998e-05,2.5439999999999997e-05,1,1
ttfs_M4_local-pool_dedicated,0,8,11,1,393,1.9999999999999998e-05,2.4583999999999997e-05,1,1
ttfs_M4_local-pool_dedicated,0,8,11,2,394,1.9999999999999998e-05,2.5879999999999996e-05,1,1
ttfs_M4_local-pool_dedicated,0,8,11,3,395,1.9999999999999998e-05,2.4759999999999997e-05,1,1
ttfs_M4_local-pool_dedicated,0,8,12,0,12,2.1e-05,2.4879999999999996e-05,1,1
ttfs_M4_local-pool_dedicated,0,8,12,1,13,2.1e-05,2.5847999999999997e-05,1,1
ttfs_M4_local-pool_dedicated,0,8,12,2,14,2.1e-05,2.4735999999999995e-05,1,1
ttfs_M4_local-pool_dedicated,0,8,12,3,15,2.1e-05,,0,0
ttfs_M4_local-pool_dedicated,0,8,13,0,140,2.4999999999999998e-05,3.3407999999999996e-05,1,1
ttfs_M4_local-pool_dedicated,0,8,13,1,141,2.4999999999999998e-05,3.1592e-05,1,1
ttfs_M4_local-pool_dedicated,0,8,13,2,142,2.4999999999999998e-05,3.4519999999999995e-05,1,1
ttfs_M4_local-pool_dedicated,0,8,13,3,143,2.4999999999999998e-05,3.2352e-05,1,1
ttfs_M4_local-pool_dedicated,0,8,14,0,268,2.4999999999999998e-05,3.3168e-05,1,1
ttfs_M4_local-pool_dedicated,0,8,14,1,269,2.4999999999999998e-05,3.3783999999999994e-05,1,1
ttfs_M4_local-pool_dedicated,0,8,14,2,270,2.4999999999999998e-05,3.538399999999999e-05,1,1
ttfs_M4_local-pool_dedicated,0,8,14,3,271,2.4999999999999998e-05,3.0383999999999996e-05,1,1
ttfs_M4_local-pool_dedicated,0,8,15,0,396,2.4e-05,,0,0
ttfs_M4_local-pool_dedicated,0,8,15,1,397,2.4e-05,,0,0
ttfs_M4_local-pool_dedicated,0,8,15,2,398,2.4e-05,,0,0
ttfs_M4_local-pool_dedicated,0,8,15,3,399,2.4e-05,,0,0
ttfs_M4_local-pool_dedicated,0,8,16,0,16,2.4999999999999998e-05,,0,0
ttfs_M4_local-pool_dedicated,0,8,16,1,17,2.4999999999999998e-05,3.4439999999999996e-05,1,1
ttfs_M4_local-pool_dedicated,0,8,16,2,18,2.4999999999999998e-05,3.287199999999999e-05,1,1
ttfs_M4_local-pool_dedicated,0,8,16,3,19,2.4999999999999998e-05,3.2e-05,1,1
ttfs_M4_local-pool_dedicated,0,8,17,0,144,2.4999999999999998e-05,3.2047999999999995e-05,1,1
ttfs_M4_local-pool_dedicated,0,8,17,1,145,2.4999999999999998e-05,3.345599999999999e-05,1,1
ttfs_M4_local-pool_dedicated,0,8,17,2,146,2.4999999999999998e-05,3.283199999999999e-05,1,1
ttfs_M4_local-pool_dedicated,0,8,17,3,147,2.4999999999999998e-05,,0,0
ttfs_M4_local-pool_dedicated,0,8,18,0,272,2.4999999999999998e-05,3.0631999999999994e-05,1,1
ttfs_M4_local-pool_dedicated,0,8,18,1,273,2.4999999999999998e-05,3.0896e-05,1,1
ttfs_M4_local-pool_dedicated,0,8,18,2,274,2.4999999999999998e-05,3.168799999999999e-05,1,1
ttfs_M4_local-pool_dedicated,0,8,18,3,275,2.4999999999999998e-05,3.068e-05,1,1
ttfs_M4_local-pool_dedicated,0,8,19,0,400,2.4999999999999998e-05,3.2624e-05,1,1
ttfs_M4_local-pool_dedicated,0,8,19,1,401,2.4999999999999998e-05,3.2615999999999994e-05,1,1
ttfs_M4_local-pool_dedicated,0,8,19,2,402,2.4999999999999998e-05,3.3663999999999995e-05,1,1
ttfs_M4_local-pool_dedicated,0,8,19,3,403,2.4999999999999998e-05,3.1712e-05,1,1
ttfs_M4_local-pool_dedicated,0,8,20,0,20,2.4999999999999998e-05,3.204e-05,1,1
ttfs_M4_local-pool_dedicated,0,8,20,1,21,2.4999999999999998e-05,3.2136e-05,1,1
ttfs_M4_local-pool_dedicated,0,8,20,2,22,2.4999999999999998e-05,3.3928e-05,1,1
ttfs_M4_local-pool_dedicated,0,8,20,3,23,2.4999999999999998e-05,3.277599999999999e-05,1,1
ttfs_M4_local-pool_dedicated,0,8,21,0,148,2.4e-05,,0,0
ttfs_M4_local-pool_dedicated,0,8,21,1,149,2.4e-05,,0,0
ttfs_M4_local-pool_dedicated,0,8,21,2,150,2.4e-05,3.160799999999999e-05,1,1
ttfs_M4_local-pool_dedicated,0,8,21,3,151,2.4e-05,,0,0
ttfs_M4_local-pool_dedicated,0,8,22,0,276,1.9999999999999998e-05,2.4855999999999997e-05,1,1
ttfs_M4_local-pool_dedicated,0,8,22,1,277,1.9999999999999998e-05,2.4471999999999995e-05,1,1
ttfs_M4_local-pool_dedicated,0,8,22,2,278,1.9999999999999998e-05,2.3719999999999997e-05,1,1
ttfs_M4_local-pool_dedicated,0,8,22,3,279,1.9999999999999998e-05,2.4439999999999996e-05,1,1
ttfs_M4_local-pool_dedicated,0,8,23,0,404,2.4999999999999998e-05,3.2143999999999996e-05,1,1
ttfs_M4_local-pool_dedicated,0,8,23,1,405,2.4999999999999998e-05,3.164799999999999e-05,1,1
ttfs_M4_local-pool_dedicated,0,8,23,2,406,2.4999999999999998e-05,3.0912e-05,1,1
ttfs_M4_local-pool_dedicated,0,8,23,3,407,2.4999999999999998e-05,3.137599999999999e-05,1,1
ttfs_M4_local-pool_dedicated,0,8,24,0,24,2.4999999999999998e-05,3.0919999999999995e-05,1,1
ttfs_M4_local-pool_dedicated,0,8,24,1,25,2.4999999999999998e-05,3.0535999999999994e-05,1,1
ttfs_M4_local-pool_dedicated,0,8,24,2,26,2.4999999999999998e-05,3.174399999999999e-05,1,1
ttfs_M4_local-pool_dedicated,0,8,24,3,27,2.4999999999999998e-05,3.1496e-05,1,1
ttfs_M4_local-pool_dedicated,0,8,25,0,152,2.4999999999999998e-05,3.0535999999999994e-05,1,1
ttfs_M4_local-pool_dedicated,0,8,25,1,153,2.4999999999999998e-05,3.0111999999999996e-05,1,1
ttfs_M4_local-pool_dedicated,0,8,25,2,154,2.4999999999999998e-05,3.1039999999999994e-05,1,1
ttfs_M4_local-pool_dedicated,0,8,25,3,155,2.4999999999999998e-05,3.1423999999999996e-05,1,1
ttfs_M4_local-pool_dedicated,0,8,26,0,280,2.4999999999999998e-05,3.0511999999999995e-05,1,1
ttfs_M4_local-pool_dedicated,0,8,26,1,281,2.4999999999999998e-05,3.0727999999999994e-05,1,1
ttfs_M4_local-pool_dedicated,0,8,26,2,282,2.4999999999999998e-05,3.1519999999999996e-05,1,1
ttfs_M4_local-pool_dedicated,0,8,26,3,283,2.4999999999999998e-05,3.0663999999999996e-05,1,1
ttfs_M4_local-pool_dedicated,0,8,27,0,408,2.4999999999999998e-05,3.1503999999999995e-05,1,1
ttfs_M4_local-pool_dedicated,0,8,27,1,409,2.4999999999999998e-05,3.144e-05,1,1
ttfs_M4_local-pool_dedicated,0,8,27,2,410,2.4999999999999998e-05,3.2183999999999995e-05,1,1
ttfs_M4_local-pool_dedicated,0,8,27,3,411,2.4999999999999998e-05,3.0055999999999995e-05,1,1
ttfs_M4_local-pool_dedicated,0,8,28,0,28,2.4999999999999998e-05,3.0551999999999995e-05,1,1
ttfs_M4_local-pool_dedicated,0,8,28,1,29,2.4999999999999998e-05,3.0727999999999994e-05,1,1
ttfs_M4_local-pool_dedicated,0,8,28,2,30,2.4999999999999998e-05,3.057599999999999e-05,1,1
ttfs_M4_local-pool_dedicated,0,8,28,3,31,2.4999999999999998e-05,3.0303999999999996e-05,1,1
ttfs_M4_local-pool_dedicated,0,8,29,0,156,2.4999999999999998e-05,3.1151999999999996e-05,1,1
ttfs_M4_local-pool_dedicated,0,8,29,1,157,2.4999999999999998e-05,2.9655999999999995e-05,1,1
ttfs_M4_local-pool_dedicated,0,8,29,2,158,2.4999999999999998e-05,3.0247999999999996e-05,1,1
ttfs_M4_local-pool_dedicated,0,8,29,3,159,2.4999999999999998e-05,2.9767999999999997e-05,1,1
ttfs_M4_local-pool_dedicated,0,9,0,0,0,2.1e-05,,0,0
ttfs_M4_local-pool_dedicated,0,9,0,1,1,2.1e-05,,0,0
ttfs_M4_local-pool_dedicated,0,9,0,2,2,2.1e-05,,0,0
ttfs_M4_local-pool_dedicated,0,9,0,3,3,2.1e-05,,0,0
ttfs_M4_local-pool_dedicated,0,9,1,0,128,2.2e-05,,0,0
ttfs_M4_local-pool_dedicated,0,9,1,1,129,2.2e-05,,0,0
ttfs_M4_local-pool_dedicated,0,9,1,2,130,2.2e-05,,0,0
ttfs_M4_local-pool_dedicated,0,9,1,3,131,2.2e-05,,0,0
ttfs_M4_local-pool_dedicated,0,9,2,0,256,2.4999999999999998e-05,,0,0
ttfs_M4_local-pool_dedicated,0,9,2,1,257,2.4999999999999998e-05,3.3159999999999994e-05,1,1
ttfs_M4_local-pool_dedicated,0,9,2,2,258,2.4999999999999998e-05,,0,0
ttfs_M4_local-pool_dedicated,0,9,2,3,259,2.4999999999999998e-05,,0,0
ttfs_M4_local-pool_dedicated,0,9,3,0,384,2.4999999999999998e-05,,0,0
ttfs_M4_local-pool_dedicated,0,9,3,1,385,2.4999999999999998e-05,,0,0
ttfs_M4_local-pool_dedicated,0,9,3,2,386,2.4999999999999998e-05,,0,0
ttfs_M4_local-pool_dedicated,0,9,3,3,387,2.4999999999999998e-05,,0,0
ttfs_M4_local-pool_dedicated,0,9,4,0,4,2.4999999999999998e-05,3.1079999999999994e-05,1,1
ttfs_M4_local-pool_dedicated,0,9,4,1,5,2.4999999999999998e-05,,0,0
ttfs_M4_local-pool_dedicated,0,9,4,2,6,2.4999999999999998e-05,,0,0
ttfs_M4_local-pool_dedicated,0,9,4,3,7,2.4999999999999998e-05,,0,0
ttfs_M4_local-pool_dedicated,0,9,5,0,132,2.2e-05,,0,0
ttfs_M4_local-pool_dedicated,0,9,5,1,133,2.2e-05,,0,0
ttfs_M4_local-pool_dedicated,0,9,5,2,134,2.2e-05,,0,0
ttfs_M4_local-pool_dedicated,0,9,5,3,135,2.2e-05,,0,0
ttfs_M4_local-pool_dedicated,0,9,6,0,260,2.4999999999999998e-05,3.1639999999999995e-05,1,1
ttfs_M4_local-pool_dedicated,0,9,6,1,261,2.4999999999999998e-05,3.2847999999999994e-05,1,1
ttfs_M4_local-pool_dedicated,0,9,6,2,262,2.4999999999999998e-05,,0,0
ttfs_M4_local-pool_dedicated,0,9,6,3,263,2.4999999999999998e-05,3.424e-05,1,1
ttfs_M4_local-pool_dedicated,0,9,7,0,388,2.4999999999999998e-05,3.1967999999999996e-05,1,1
ttfs_M4_local-pool_dedicated,0,9,7,1,389,2.4999999999999998e-05,,0,0
ttfs_M4_local-pool_dedicated,0,9,7,2,390,2.4999999999999998e-05,3.1111999999999996e-05,1,1
ttfs_M4_local-pool_dedicated,0,9,7,3,391,2.4999999999999998e-05,3.133599999999999e-05,1,1
ttfs_M4_local-pool_dedicated,0,9,8,0,8,2.4999999999999998e-05,,0,0
ttfs_M4_local-pool_dedicated,0,9,8,1,9,2.4999999999999998e-05,,0,0
ttfs_M4_local-pool_dedicated,0,9,8,2,10,2.4999999999999998e-05,3.156799999999999e-05,1,1
ttfs_M4_local-pool_dedicated,0,9,8,3,11,2.4999999999999998e-05,,0,0
ttfs_M4_local-pool_dedicated,0,9,9,0,136,2.2e-05,,0,0
ttfs_M4_local-pool_dedicated,0,9,9,1,137,2.2e-05,,0,0
ttfs_M4_local-pool_dedicated,0,9,9,2,138,2.2e-05,,0,0
ttfs_M4_local-pool_dedicated,0,9,9,3,139,2.2e-05,2.9415999999999994e-05,1,1
ttfs_M4_local-pool_dedicated,0,9,10,0,264,2.4999999999999998e-05,3.1095999999999995e-05,1,1
ttfs_M4_local-pool_dedicated,0,9,10,1,265,2.4999999999999998e-05,3.147199999999999e-05,1,1
ttfs_M4_local-pool_dedicated,0,9,10,2,266,2.4999999999999998e-05,2.9831999999999995e-05,1,1
ttfs_M4_local-pool_dedicated,0,9,10,3,267,2.4999999999999998e-05,3.353599999999999e-05,1,1
ttfs_M4_local-pool_dedicated,0,9,11,0,392,2.4999999999999998e-05,3.359199999999999e-05,1,1
ttfs_M4_local-pool_dedicated,0,9,11,1,393,2.4999999999999998e-05,3.1184e-05,1,1
ttfs_M4_local-pool_dedicated,0,9,11,2,394,2.4999999999999998e-05,3.2343999999999994e-05,1,1
ttfs_M4_local-pool_dedicated,0,9,11,3,395,2.4999999999999998e-05,3.1808e-05,1,1
ttfs_M4_local-pool_dedicated,0,9,12,0,12,2.4999999999999998e-05,3.0367999999999995e-05,1,1
ttfs_M4_local-pool_dedicated,0,9,12,1,13,2.4999999999999998e-05,3.182399999999999e-05,1,1
ttfs_M4_local-pool_dedicated,0,9,12,2,14,2.4999999999999998e-05,3.0439999999999997e-05,1,1
ttfs_M4_local-pool_dedicated,0,9,12,3,15,2.4999999999999998e-05,3.2263999999999995e-05,1,1
ttfs_M4_local-pool_dedicated,0,9,13,0,140,2.2e-05,2.9327999999999994e-05,1,1
ttfs_M4_local-pool_dedicated,0,9,13,1,141,2.2e-05,2.6831999999999997e-05,1,1
ttfs_M4_local-pool_dedicated,0,9,13,2,142,2.2e-05,,0,0
ttfs_M4_local-pool_dedicated,0,9,13,3,143,2.2e-05,2.6967999999999997e-05,1,1
ttfs_M4_local-pool_dedicated,0,9,14,0,268,2.1e-05,,0,0
ttfs_M4_local-pool_dedicated,0,9,14,1,269,2.1e-05,,0,0
ttfs_M4_local-pool_dedicated,0,9,14,2,270,2.1e-05,,0,0
ttfs_M4_local-pool_dedicated,0,9,14,3,271,2.1e-05,2.4831999999999995e-05,1,1
ttfs_M4_local-pool_dedicated,0,9,15,0,396,2.4999999999999998e-05,3.0647999999999995e-05,1,1
ttfs_M4_local-pool_dedicated,0,9,15,1,397,2.4999999999999998e-05,2.9743999999999995e-05,1,1
ttfs_M4_local-pool_dedicated,0,9,15,2,398,2.4999999999999998e-05,3.1672e-05,1,1
ttfs_M4_local-pool_dedicated,0,9,15,3,399,2.4999999999999998e-05,3.304799999999999e-05,1,1
ttfs_M4_local-pool_dedicated,0,9,16,0,16,1.9999999999999998e-05,,0,0
ttfs_M4_local-pool_dedicated,0,9,16,1,17,1.9999999999999998e-05,,0,0
ttfs_M4_local-pool_dedicated,0,9,16,2,18,1.9999999999999998e-05,,0,0
ttfs_M4_local-pool_dedicated,0,9,16,3,19,1.9999999999999998e-05,,0,0
ttfs_M4_local-pool_dedicated,0,9,17,0,144,2.4999999999999998e-05,3.0511999999999995e-05,1,1
ttfs_M4_local-pool_dedicated,0,9,17,1,145,2.4999999999999998e-05,3.1344e-05,1,1
ttfs_M4_local-pool_dedicated,0,9,17,2,146,2.4999999999999998e-05,3.0975999999999996e-05,1,1
ttfs_M4_local-pool_dedicated,0,9,17,3,147,2.4999999999999998e-05,3.2919999999999997e-05,1,1
ttfs_M4_local-pool_dedicated,0,9,18,0,272,2.2e-05,2.6023999999999997e-05,1,1
ttfs_M4_local-pool_dedicated,0,9,18,1,273,2.2e-05,2.6423999999999996e-05,1,1
ttfs_M4_local-pool_dedicated,0,9,18,2,274,2.2e-05,2.7295999999999998e-05,1,1
ttfs_M4_local-pool_dedicated,0,9,18,3,275,2.2e-05,2.5983999999999997e-05,1,1
ttfs_M4_local-pool_dedicated,0,9,19,0,400,1.9999999999999998e-05,,0,0
ttfs_M4_local-pool_dedicated,0,9,19,1,401,1.9999999999999998e-05,,0,0
ttfs_M4_local-pool_dedicated,0,9,19,2,402,1.9999999999999998e-05,,0,0
ttfs_M4_local-pool_dedicated,0,9,19,3,403,1.9999999999999998e-05,,0,0
ttfs_M4_local-pool_dedicated,0,9,20,0,20,2.2e-05,,0,0
ttfs_M4_local-pool_dedicated,0,9,20,1,21,2.2e-05,,0,0
ttfs_M4_local-pool_dedicated,0,9,20,2,22,2.2e-05,,0,0
ttfs_M4_local-pool_dedicated,0,9,20,3,23,2.2e-05,,0,0
ttfs_M4_local-pool_dedicated,0,9,21,0,148,2.1e-05,,0,0
ttfs_M4_local-pool_dedicated,0,9,21,1,149,2.1e-05,,0,0
ttfs_M4_local-pool_dedicated,0,9,21,2,150,2.1e-05,2.4775999999999998e-05,1,1
ttfs_M4_local-pool_dedicated,0,9,21,3,151,2.1e-05,,0,0
ttfs_M4_local-pool_dedicated,0,9,22,0,276,2.3e-05,3.0327999999999995e-05,1,1
ttfs_M4_local-pool_dedicated,0,9,22,1,277,2.3e-05,2.9543999999999997e-05,1,1
ttfs_M4_local-pool_dedicated,0,9,22,2,278,2.3e-05,2.7175999999999995e-05,1,1
ttfs_M4_local-pool_dedicated,0,9,22,3,279,2.3e-05,2.9247999999999995e-05,1,1
ttfs_M4_local-pool_dedicated,0,9,23,0,404,2.1e-05,,0,0
ttfs_M4_local-pool_dedicated,0,9,23,1,405,2.1e-05,,0,0
ttfs_M4_local-pool_dedicated,0,9,23,2,406,2.1e-05,2.6775999999999996e-05,1,1
ttfs_M4_local-pool_dedicated,0,9,23,3,407,2.1e-05,,0,0
ttfs_M4_local-pool_dedicated,0,9,24,0,24,2.4999999999999998e-05,3.0743999999999996e-05,1,1
ttfs_M4_local-pool_dedicated,0,9,24,1,25,2.4999999999999998e-05,3.0151999999999995e-05,1,1
ttfs_M4_local-pool_dedicated,0,9,24,2,26,2.4999999999999998e-05,3.084799999999999e-05,1,1
ttfs_M4_local-pool_dedicated,0,9,24,3,27,2.4999999999999998e-05,3.084799999999999e-05,1,1
ttfs_M4_local-pool_dedicated,0,9,25,0,152,2.4999999999999998e-05,3.0215999999999997e-05,1,1
ttfs_M4_local-pool_dedicated,0,9,25,1,153,2.4999999999999998e-05,2.9623999999999996e-05,1,1
ttfs_M4_local-pool_dedicated,0,9,25,2,154,2.4999999999999998e-05,3.0631999999999994e-05,1,1
ttfs_M4_local-pool_dedicated,0,9,25,3,155,2.4999999999999998e-05,3.1032e-05,1,1
ttfs_M4_local-pool_dedicated,0,9,26,0,280,2.4999999999999998e-05,3.0183999999999994e-05,1,1
ttfs_M4_local-pool_dedicated,0,9,26,1,281,2.4999999999999998e-05,3.0191999999999995e-05,1,1
ttfs_M4_local-pool_dedicated,0,9,26,2,282,2.4999999999999998e-05,3.0863999999999995e-05,1,1
ttfs_M4_local-pool_dedicated,0,9,26,3,283,2.4999999999999998e-05,3.0087999999999997e-05,1,1
ttfs_M4_local-pool_dedicated,0,9,27,0,408,2.4999999999999998e-05,3.1032e-05,1,1
ttfs_M4_local-pool_dedicated,0,9,27,1,409,2.4999999999999998e-05,3.098399999999999e-05,1,1
ttfs_M4_local-pool_dedicated,0,9,27,2,410,2.4999999999999998e-05,3.137599999999999e-05,1,1
ttfs_M4_local-pool_dedicated,0,9,27,3,411,2.4999999999999998e-05,2.9639999999999994e-05,1,1
ttfs_M4_local-pool_dedicated,0,9,28,0,28,2.4999999999999998e-05,2.9855999999999997e-05,1,1
ttfs_M4_local-pool_dedicated,0,9,28,1,29,2.4999999999999998e-05,3.0063999999999995e-05,1,1
ttfs_M4_local-pool_dedicated,0,9,28,2,30,2.4999999999999998e-05,2.9911999999999994e-05,1,1
ttfs_M4_local-pool_dedicated,0,9,28,3,31,2.4999999999999998e-05,2.9847999999999996e-05,1,1
ttfs_M4_local-pool_dedicated,0,9,29,0,156,2.4999999999999998e-05,3.0479999999999996e-05,1,1
ttfs_M4_local-pool_dedicated,0,9,29,1,157,2.4999999999999998e-05,2.9111999999999995e-05,1,1
ttfs_M4_local-pool_dedicated,0,9,29,2,158,2.4999999999999998e-05,2.9831999999999995e-05,1,1
ttfs_M4_local-pool_dedicated,0,9,29,3,159,2.4999999999999998e-05,2.9311999999999997e-05,1,1
ttfs_M4_local-pool_dedicated,0,10,0,0,0,2.2e-05,,0,0
ttfs_M4_local-pool_dedicated,0,10,0,1,1,2.2e-05,,0,0
ttfs_M4_local-pool_dedicated,0,10,0,2,2,2.2e-05,,0,0
ttfs_M4_local-pool_dedicated,0,10,0,3,3,2.2e-05,,0,0
ttfs_M4_local-pool_dedicated,0,10,1,0,128,2.4999999999999998e-05,,0,0
ttfs_M4_local-pool_dedicated,0,10,1,1,129,2.4999999999999998e-05,,0,0
ttfs_M4_local-pool_dedicated,0,10,1,2,130,2.4999999999999998e-05,,0,0
ttfs_M4_local-pool_dedicated,0,10,1,3,131,2.4999999999999998e-05,,0,0
ttfs_M4_local-pool_dedicated,0,10,2,0,256,2.4e-05,,0,0
ttfs_M4_local-pool_dedicated,0,10,2,1,257,2.4e-05,,0,0
ttfs_M4_local-pool_dedicated,0,10,2,2,258,2.4e-05,,0,0
ttfs_M4_local-pool_dedicated,0,10,2,3,259,2.4e-05,,0,0
ttfs_M4_local-pool_dedicated,0,10,3,0,384,2.4999999999999998e-05,,0,0
ttfs_M4_local-pool_dedicated,0,10,3,1,385,2.4999999999999998e-05,,0,0
ttfs_M4_local-pool_dedicated,0,10,3,2,386,2.4999999999999998e-05,,0,0
ttfs_M4_local-pool_dedicated,0,10,3,3,387,2.4999999999999998e-05,,0,0
ttfs_M4_local-pool_dedicated,0,10,4,0,4,2.4999999999999998e-05,3.187999999999999e-05,1,1
ttfs_M4_local-pool_dedicated,0,10,4,1,5,2.4999999999999998e-05,,0,0
ttfs_M4_local-pool_dedicated,0,10,4,2,6,2.4999999999999998e-05,,0,0
ttfs_M4_local-pool_dedicated,0,10,4,3,7,2.4999999999999998e-05,,0,0
ttfs_M4_local-pool_dedicated,0,10,5,0,132,2.4e-05,,0,0
ttfs_M4_local-pool_dedicated,0,10,5,1,133,2.4e-05,,0,0
ttfs_M4_local-pool_dedicated,0,10,5,2,134,2.4e-05,,0,0
ttfs_M4_local-pool_dedicated,0,10,5,3,135,2.4e-05,,0,0
ttfs_M4_local-pool_dedicated,0,10,6,0,260,2.4999999999999998e-05,3.3895999999999995e-05,1,1
ttfs_M4_local-pool_dedicated,0,10,6,1,261,2.4999999999999998e-05,,0,0
ttfs_M4_local-pool_dedicated,0,10,6,2,262,2.4999999999999998e-05,,0,0
ttfs_M4_local-pool_dedicated,0,10,6,3,263,2.4999999999999998e-05,,0,0
ttfs_M4_local-pool_dedicated,0,10,7,0,388,2.4999999999999998e-05,,0,0
ttfs_M4_local-pool_dedicated,0,10,7,1,389,2.4999999999999998e-05,,0,0
ttfs_M4_local-pool_dedicated,0,10,7,2,390,2.4999999999999998e-05,3.4144e-05,1,1
ttfs_M4_local-pool_dedicated,0,10,7,3,391,2.4999999999999998e-05,3.3759999999999995e-05,1,1
ttfs_M4_local-pool_dedicated,0,10,8,0,8,2.4999999999999998e-05,,0,0
ttfs_M4_local-pool_dedicated,0,10,8,1,9,2.4999999999999998e-05,,0,0
ttfs_M4_local-pool_dedicated,0,10,8,2,10,2.4999999999999998e-05,,0,0
ttfs_M4_local-pool_dedicated,0,10,8,3,11,2.4999999999999998e-05,,0,0
ttfs_M4_local-pool_dedicated,0,10,9,0,136,2.4999999999999998e-05,,0,0
ttfs_M4_local-pool_dedicated,0,10,9,1,137,2.4999999999999998e-05,3.287199999999999e-05,1,1
ttfs_M4_local-pool_dedicated,0,10,9,2,138,2.4999999999999998e-05,,0,0
ttfs_M4_local-pool_dedicated,0,10,9,3,139,2.4999999999999998e-05,,0,0
ttfs_M4_local-pool_dedicated,0,10,10,0,264,2.4999999999999998e-05,3.1536e-05,1,1
ttfs_M4_local-pool_dedicated,0,10,10,1,265,2.4999999999999998e-05,3.2223999999999995e-05,1,1
ttfs_M4_local-pool_dedicated,0,10,10,2,266,2.4999999999999998e-05,3.0111999999999996e-05,1,1
ttfs_M4_local-pool_dedicated,0,10,10,3,267,2.4999999999999998e-05,,0,0
ttfs_M4_local-pool_dedicated,0,10,11,0,392,2.2e-05,,0,0
ttfs_M4_local-pool_dedicated,0,10,11,1,393,2.2e-05,,0,0
ttfs_M4_local-pool_dedicated,0,10,11,2,394,2.2e-05,,0,0
ttfs_M4_local-pool_dedicated,0,10,11,3,395,2.2e-05,,0,0
ttfs_M4_local-pool_dedicated,0,10,12,0,12,1.9999999999999998e-05,2.4079999999999996e-05,1,1
ttfs_M4_local-pool_dedicated,0,10,12,1,13,1.9999999999999998e-05,2.5415999999999995e-05,1,1
ttfs_M4_local-pool_dedicated,0,10,12,2,14,1.9999999999999998e-05,2.3903999999999997e-05,1,1
ttfs_M4_local-pool_dedicated,0,10,12,3,15,1.9999999999999998e-05,2.5735999999999996e-05,1,1
ttfs_M4_local-pool_dedicated,0,10,13,0,140,2.4e-05,,0,0
ttfs_M4_local-pool_dedicated,0,10,13,1,141,2.4e-05,,0,0
ttfs_M4_local-pool_dedicated,0,10,13,2,142,2.4e-05,,0,0
ttfs_M4_local-pool_dedicated,0,10,13,3,143,2.4e-05,,0,0
ttfs_M4_local-pool_dedicated,0,10,14,0,268,2.4999999999999998e-05,3.22e-05,1,1
ttfs_M4_local-pool_dedicated,0,10,14,1,269,2.4999999999999998e-05,3.2847999999999994e-05,1,1
ttfs_M4_local-pool_dedicated,0,10,14,2,270,2.4999999999999998e-05,3.4223999999999996e-05,1,1
ttfs_M4_local-pool_dedicated,0,10,14,3,271,2.4999999999999998e-05,2.9743999999999995e-05,1,1
ttfs_M4_local-pool_dedicated,0,10,15,0,396,2.4e-05,,0,0
ttfs_M4_local-pool_dedicated,0,10,15,1,397,2.4e-05,3.2631999999999995e-05,1,1
ttfs_M4_local-pool_dedicated,0,10,15,2,398,2.4e-05,,0,0
ttfs_M4_local-pool_dedicated,0,10,15,3,399,2.4e-05,,0,0
ttfs_M4_local-pool_dedicated,0,10,16,0,16,2.4999999999999998e-05,3.3848e-05,1,1
ttfs_M4_local-pool_dedicated,0,10,16,1,17,2.4999999999999998e-05,3.493599999999999e-05,1,1
ttfs_M4_local-pool_dedicated,0,10,16,2,18,2.4999999999999998e-05,3.2336e-05,1,1
ttfs_M4_local-pool_dedicated,0,10,16,3,19,2.4999999999999998e-05,3.1904e-05,1,1
ttfs_M4_local-pool_dedicated,0,10,17,0,144,2.4999999999999998e-05,3.14e-05,1,1
ttfs_M4_local-pool_dedicated,0,10,17,1,145,2.4999999999999998e-05,3.2343999999999994e-05,1,1
ttfs_M4_local-pool_dedicated,0,10,17,2,146,2.4999999999999998e-05,3.219199999999999e-05,1,1
ttfs_M4_local-pool_dedicated,0,10,17,3,147,2.4999999999999998e-05,,0,0
ttfs_M4_local-pool_dedicated,0,10,18,0,272,2.4999999999999998e-05,3.0207999999999996e-05,1,1
ttfs_M4_local-pool_dedicated,0,10,18,1,273,2.4999999999999998e-05,3.0399999999999997e-05,1,1
ttfs_M4_local-pool_dedicated,0,10,18,2,274,2.4999999999999998e-05,3.0952e-05,1,1
ttfs_M4_local-pool_dedicated,0,10,18,3,275,2.4999999999999998e-05,3.0584e-05,1,1
ttfs_M4_local-pool_dedicated,0,10,19,0,400,2.2e-05,,0,0
ttfs_M4_local-pool_dedicated,0,10,19,1,401,2.2e-05,,0,0
ttfs_M4_local-pool_dedicated,0,10,19,2,402,2.2e-05,,0,0
ttfs_M4_local-pool_dedicated,0,10,19,3,403,2.2e-05,,0,0
ttfs_M4_local-pool_dedicated,0,10,20,0,20,2.4999999999999998e-05,3.168799999999999e-05,1,1
ttfs_M4_local-pool_dedicated,0,10,20,1,21,2.4999999999999998e-05,3.1864e-05,1,1
ttfs_M4_local-pool_dedicated,0,10,20,2,22,2.4999999999999998e-05,3.2575999999999994e-05,1,1
ttfs_M4_local-pool_dedicated,0,10,20,3,23,2.4999999999999998e-05,3.2063999999999997e-05,1,1
ttfs_M4_local-pool_dedicated,0,10,21,0,148,2.4e-05,,0,0
ttfs_M4_local-pool_dedicated,0,10,21,1,149,2.4e-05,,0,0
ttfs_M4_local-pool_dedicated,0,10,21,2,150,2.4e-05,2.9471999999999995e-05,1,1
ttfs_M4_local-pool_dedicated,0,10,21,3,151,2.4e-05,,0,0
ttfs_M4_local-pool_dedicated,0,10,22,0,276,2.1e-05,,0,0
ttfs_M4_local-pool_dedicated,0,10,22,1,277,2.1e-05,2.6223999999999995e-05,1,1
ttfs_M4_local-pool_dedicated,0,10,22,2,278,2.1e-05,2.5055999999999995e-05,1,1
ttfs_M4_local-pool_dedicated,0,10,22,3,279,2.1e-05,2.6071999999999997e-05,1,1
ttfs_M4_local-pool_dedicated,0,10,23,0,404,2.4999999999999998e-05,3.1759999999999994e-05,1,1
ttfs_M4_local-pool_dedicated,0,10,23,1,405,2.4999999999999998e-05,3.148e-05,1,1
ttfs_M4_local-pool_dedicated,0,10,23,2,406,2.4999999999999998e-05,3.0407999999999994e-05,1,1
ttfs_M4_local-pool_dedicated,0,10,23,3,407,2.4999999999999998e-05,3.1287999999999996e-05,1,1
ttfs_M4_local-pool_dedicated,0,10,24,0,24,2.4999999999999998e-05,3.068e-05,1,1
ttfs_M4_local-pool_dedicated,0,10,24,1,25,2.4999999999999998e-05,3.0431999999999996e-05,1,1
ttfs_M4_local-pool_dedicated,0,10,24,2,26,2.4999999999999998e-05,3.1095999999999995e-05,1,1
ttfs_M4_local-pool_dedicated,0,10,24,3,27,2.4999999999999998e-05,3.1079999999999994e-05,1,1
ttfs_M4_local-pool_dedicated,0,10,25,0,152,2.4999999999999998e-05,3.0351999999999997e-05,1,1
ttfs_M4_local-pool_dedicated,0,10,25,1,153,2.4999999999999998e-05,3.0031999999999996e-05,1,1
ttfs_M4_local-pool_dedicated,0,10,25,2,154,2.4999999999999998e-05,3.079199999999999e-05,1,1
ttfs_M4_local-pool_dedicated,0,10,25,3,155,2.4999999999999998e-05,3.0856e-05,1,1
ttfs_M4_local-pool_dedicated,0,10,26,0,280,2.4999999999999998e-05,3.0311999999999997e-05,1,1
ttfs_M4_local-pool_dedicated,0,10,26,1,281,2.4999999999999998e-05,3.0311999999999997e-05,1,1
ttfs_M4_local-pool_dedicated,0,10,26,2,282,2.4999999999999998e-05,3.1224e-05,1,1
ttfs_M4_local-pool_dedicated,0,10,26,3,283,2.4999999999999998e-05,3.0479999999999996e-05,1,1
ttfs_M4_local-pool_dedicated,0,10,27,0,408,2.4999999999999998e-05,3.1071999999999997e-05,1,1
ttfs_M4_local-pool_dedicated,0,10,27,1,409,2.4999999999999998e-05,3.102399999999999e-05,1,1
ttfs_M4_local-pool_dedicated,0,10,27,2,410,2.4999999999999998e-05,3.1663999999999994e-05,1,1
ttfs_M4_local-pool_dedicated,0,10,27,3,411,2.4999999999999998e-05,2.9759999999999996e-05,1,1
ttfs_M4_local-pool_dedicated,0,10,28,0,28,2.4999999999999998e-05,3.0087999999999997e-05,1,1
ttfs_M4_local-pool_dedicated,0,10,28,1,29,2.4999999999999998e-05,3.0503999999999995e-05,1,1
ttfs_M4_local-pool_dedicated,0,10,28,2,30,2.4999999999999998e-05,3.0023999999999996e-05,1,1
ttfs_M4_local-pool_dedicated,0,10,28,3,31,2.4999999999999998e-05,3.0135999999999994e-05,1,1
ttfs_M4_local-pool_dedicated,0,10,29,0,156,2.4999999999999998e-05,3.0479999999999996e-05,1,1
ttfs_M4_local-pool_dedicated,0,10,29,1,157,2.4999999999999998e-05,2.9311999999999997e-05,1,1
ttfs_M4_local-pool_dedicated,0,10,29,2,158,2.4999999999999998e-05,2.9823999999999994e-05,1,1
ttfs_M4_local-pool_dedicated,0,10,29,3,159,2.4999999999999998e-05,2.9687999999999994e-05,1,1
ttfs_M4_local-pool_dedicated,0,11,0,0,0,2.2e-05,,0,0
ttfs_M4_local-pool_dedicated,0,11,0,1,1,2.2e-05,,0,0
ttfs_M4_local-pool_dedicated,0,11,0,2,2,2.2e-05,,0,0
ttfs_M4_local-pool_dedicated,0,11,0,3,3,2.2e-05,,0,0
ttfs_M4_local-pool_dedicated,0,11,1,0,128,2.4999999999999998e-05,,0,0
ttfs_M4_local-pool_dedicated,0,11,1,1,129,2.4999999999999998e-05,,0,0
ttfs_M4_local-pool_dedicated,0,11,1,2,130,2.4999999999999998e-05,,0,0
ttfs_M4_local-pool_dedicated,0,11,1,3,131,2.4999999999999998e-05,,0,0
ttfs_M4_local-pool_dedicated,0,11,2,0,256,2.4e-05,,0,0
ttfs_M4_local-pool_dedicated,0,11,2,1,257,2.4e-05,,0,0
ttfs_M4_local-pool_dedicated,0,11,2,2,258,2.4e-05,,0,0
ttfs_M4_local-pool_dedicated,0,11,2,3,259,2.4e-05,,0,0
ttfs_M4_local-pool_dedicated,0,11,3,0,384,2.4999999999999998e-05,,0,0
ttfs_M4_local-pool_dedicated,0,11,3,1,385,2.4999999999999998e-05,,0,0
ttfs_M4_local-pool_dedicated,0,11,3,2,386,2.4999999999999998e-05,,0,0
ttfs_M4_local-pool_dedicated,0,11,3,3,387,2.4999999999999998e-05,,0,0
ttfs_M4_local-pool_dedicated,0,11,4,0,4,2.4999999999999998e-05,3.1208e-05,1,1
ttfs_M4_local-pool_dedicated,0,11,4,1,5,2.4999999999999998e-05,,0,0
ttfs_M4_local-pool_dedicated,0,11,4,2,6,2.4999999999999998e-05,,0,0
ttfs_M4_local-pool_dedicated,0,11,4,3,7,2.4999999999999998e-05,,0,0
ttfs_M4_local-pool_dedicated,0,11,5,0,132,2.4e-05,,0,0
ttfs_M4_local-pool_dedicated,0,11,5,1,133,2.4e-05,,0,0
ttfs_M4_local-pool_dedicated,0,11,5,2,134,2.4e-05,,0,0
ttfs_M4_local-pool_dedicated,0,11,5,3,135,2.4e-05,,0,0
ttfs_M4_local-pool_dedicated,0,11,6,0,260,2.4e-05,,0,0
ttfs_M4_local-pool_dedicated,0,11,6,1,261,2.4e-05,,0,0
ttfs_M4_local-pool_dedicated,0,11,6,2,262,2.4e-05,,0,0
ttfs_M4_local-pool_dedicated,0,11,6,3,263,2.4e-05,,0,0
ttfs_M4_local-pool_dedicated,0,11,7,0,388,2.4999999999999998e-05,3.339999999999999e-05,1,1
ttfs_M4_local-pool_dedicated,0,11,7,1,389,2.4999999999999998e-05,,0,0
ttfs_M4_local-pool_dedicated,0,11,7,2,390,2.4999999999999998e-05,3.236799999999999e-05,1,1
ttfs_M4_local-pool_dedicated,0,11,7,3,391,2.4999999999999998e-05,3.1848e-05,1,1
ttfs_M4_local-pool_dedicated,0,11,8,0,8,2.4999999999999998e-05,,0,0
ttfs_M4_local-pool_dedicated,0,11,8,1,9,2.4999999999999998e-05,,0,0
ttfs_M4_local-pool_dedicated,0,11,8,2,10,2.4999999999999998e-05,3.2415999999999996e-05,1,1
ttfs_M4_local-pool_dedicated,0,11,8,3,11,2.4999999999999998e-05,,0,0
ttfs_M4_local-pool_dedicated,0,11,9,0,136,2.4e-05,,0,0
ttfs_M4_local-pool_dedicated,0,11,9,1,137,2.4e-05,,0,0
ttfs_M4_local-pool_dedicated,0,11,9,2,138,2.4e-05,,0,0
ttfs_M4_local-pool_dedicated,0,11,9,3,139,2.4e-05,,0,0
ttfs_M4_local-pool_dedicated,0,11,10,0,264,2.4999999999999998e-05,3.1592e-05,1,1
ttfs_M4_local-pool_dedicated,0,11,10,1,265,2.4999999999999998e-05,3.1927999999999997e-05,1,1
ttfs_M4_local-pool_dedicated,0,11,10,2,266,2.4999999999999998e-05,2.9767999999999997e-05,1,1
ttfs_M4_local-pool_dedicated,0,11,10,3,267,2.4999999999999998e-05,3.3928e-05,1,1
ttfs_M4_local-pool_dedicated,0,11,11,0,392,1.8999999999999998e-05,2.4215999999999997e-05,1,1
ttfs_M4_local-pool_dedicated,0,11,11,1,393,1.8999999999999998e-05,2.3248e-05,1,1
ttfs_M4_local-pool_dedicated,0,11,11,2,394,1.8999999999999998e-05,2.4279999999999998e-05,1,1
ttfs_M4_local-pool_dedicated,0,11,11,3,395,1.8999999999999998e-05,2.3879999999999995e-05,1,1
ttfs_M4_local-pool_dedicated,0,11,12,0,12,2.2e-05,,0,0
ttfs_M4_local-pool_dedicated,0,11,12,1,13,2.2e-05,,0,0
ttfs_M4_local-pool_dedicated,0,11,12,2,14,2.2e-05,,0,0
ttfs_M4_local-pool_dedicated,0,11,12,3,15,2.2e-05,,0,0
ttfs_M4_local-pool_dedicated,0,11,13,0,140,2.4e-05,,0,0
ttfs_M4_local-pool_dedicated,0,11,13,1,141,2.4e-05,,0,0
ttfs_M4_local-pool_dedicated,0,11,13,2,142,2.4e-05,,0,0
ttfs_M4_local-pool_dedicated,0,11,13,3,143,2.4e-05,,0,0
ttfs_M4_local-pool_dedicated,0,11,14,0,268,2.4999999999999998e-05,3.136e-05,1,1
ttfs_M4_local-pool_dedicated,0,11,14,1,269,2.4999999999999998e-05,3.1855999999999995e-05,1,1
ttfs_M4_local-pool_dedicated,0,11,14,2,270,2.4999999999999998e-05,3.2783999999999996e-05,1,1
ttfs_M4_local-pool_dedicated,0,11,14,3,271,2.4999999999999998e-05,2.9367999999999997e-05,1,1
ttfs_M4_local-pool_dedicated,0,11,15,0,396,2.4999999999999998e-05,3.1383999999999996e-05,1,1
ttfs_M4_local-pool_dedicated,0,11,15,1,397,2.4999999999999998e-05,3.0215999999999997e-05,1,1
ttfs_M4_local-pool_dedicated,0,11,15,2,398,2.4999999999999998e-05,3.2031999999999994e-05,1,1
ttfs_M4_local-pool_dedicated,0,11,15,3,399,2.4999999999999998e-05,3.3576e-05,1,1
ttfs_M4_local-pool_dedicated,0,11,16,0,16,2.4999999999999998e-05,3.2655999999999994e-05,1,1
ttfs_M4_local-pool_dedicated,0,11,16,1,17,2.4999999999999998e-05,3.2167999999999994e-05,1,1
ttfs_M4_local-pool_dedicated,0,11,16,2,18,2.4999999999999998e-05,3.1304e-05,1,1
ttfs_M4_local-pool_dedicated,0,11,16,3,19,2.4999999999999998e-05,3.0823999999999995e-05,1,1
ttfs_M4_local-pool_dedicated,0,11,17,0,144,2.4e-05,,0,0
ttfs_M4_local-pool_dedicated,0,11,17,1,145,2.4e-05,,0,0
ttfs_M4_local-pool_dedicated,0,11,17,2,146,2.4e-05,,0,0
ttfs_M4_local-pool_dedicated,0,11,17,3,147,2.4e-05,,0,0
ttfs_M4_local-pool_dedicated,0,11,18,0,272,2.4999999999999998e-05,2.9975999999999996e-05,1,1
ttfs_M4_local-pool_dedicated,0,11,18,1,273,2.4999999999999998e-05,3.0055999999999995e-05,1,1
ttfs_M4_local-pool_dedicated,0,11,18,2,274,2.4999999999999998e-05,3.0776e-05,1,1
ttfs_M4_local-pool_dedicated,0,11,18,3,275,2.4999999999999998e-05,2.9959999999999994e-05,1,1
ttfs_M4_local-pool_dedicated,0,11,19,0,400,2.4999999999999998e-05,3.2e-05,1,1
ttfs_M4_local-pool_dedicated,0,11,19,1,401,2.4999999999999998e-05,3.106399999999999e-05,1,1
ttfs_M4_local-pool_dedicated,0,11,19,2,402,2.4999999999999998e-05,3.2007999999999996e-05,1,1
ttfs_M4_local-pool_dedicated,0,11,19,3,403,2.4999999999999998e-05,3.096799999999999e-05,1,1
ttfs_M4_local-pool_dedicated,0,11,20,0,20,2.4999999999999998e-05,3.1135999999999995e-05,1,1
ttfs_M4_local-pool_dedicated,0,11,20,1,21,2.4999999999999998e-05,3.1144e-05,1,1
ttfs_M4_local-pool_dedicated,0,11,20,2,22,2.4999999999999998e-05,3.1759999999999994e-05,1,1
ttfs_M4_local-pool_dedicated,0,11,20,3,23,2.4999999999999998e-05,3.1576e-05,1,1
ttfs_M4_local-pool_dedicated,0,11,21,0,148,2.3e-05,,0,0
ttfs_M4_local-pool_dedicated,0,11,21,1,149,2.3e-05,,0,0
ttfs_M4_local-pool_dedicated,0,11,21,2,150,2.3e-05,2.8303999999999995e-05,1,1
ttfs_M4_local-pool_dedicated,0,11,21,3,151,2.3e-05,,0,0
ttfs_M4_local-pool_dedicated,0,11,22,0,276,2.2e-05,,0,0
ttfs_M4_local-pool_dedicated,0,11,22,1,277,2.2e-05,,0,0
ttfs_M4_local-pool_dedicated,0,11,22,2,278,2.2e-05,,0,0
ttfs_M4_local-pool_dedicated,0,11,22,3,279,2.2e-05,,0,0
ttfs_M4_local-pool_dedicated,0,11,23,0,404,2.4999999999999998e-05,3.1008e-05,1,1
ttfs_M4_local-pool_dedicated,0,11,23,1,405,2.4999999999999998e-05,3.0816e-05,1,1
ttfs_M4_local-pool_dedicated,0,11,23,2,406,2.4999999999999998e-05,3.0167999999999996e-05,1,1
ttfs_M4_local-pool_dedicated,0,11,23,3,407,2.4999999999999998e-05,3.057599999999999e-05,1,1
ttfs_M4_local-pool_dedicated,0,11,24,0,24,2.4999999999999998e-05,3.0255999999999996e-05,1,1
ttfs_M4_local-pool_dedicated,0,11,24,1,25,2.4999999999999998e-05,2.9871999999999995e-05,1,1
ttfs_M4_local-pool_dedicated,0,11,24,2,26,2.4999999999999998e-05,3.0584e-05,1,1
ttfs_M4_local-pool_dedicated,0,11,24,3,27,2.4999999999999998e-05,3.0471999999999996e-05,1,1
ttfs_M4_local-pool_dedicated,0,11,25,0,152,2.3e-05,,0,0
ttfs_M4_local-pool_dedicated,0,11,25,1,153,2.3e-05,,0,0
ttfs_M4_local-pool_dedicated,0,11,25,2,154,2.3e-05,,0,0
ttfs_M4_local-pool_dedicated,0,11,25,3,155,2.3e-05,,0,0
ttfs_M4_local-pool_dedicated,0,11,26,0,280,2.4e-05,,0,0
ttfs_M4_local-pool_dedicated,0,11,26,1,281,2.4e-05,,0,0
ttfs_M4_local-pool_dedicated,0,11,26,2,282,2.4e-05,,0,0
ttfs_M4_local-pool_dedicated,0,11,26,3,283,2.4e-05,,0,0
ttfs_M4_local-pool_dedicated,0,11,27,0,408,2.4999999999999998e-05,3.0959999999999995e-05,1,1
ttfs_M4_local-pool_dedicated,0,11,27,1,409,2.4999999999999998e-05,3.0935999999999997e-05,1,1
ttfs_M4_local-pool_dedicated,0,11,27,2,410,2.4999999999999998e-05,3.14e-05,1,1
ttfs_M4_local-pool_dedicated,0,11,27,3,411,2.4999999999999998e-05,2.9423999999999995e-05,1,1
ttfs_M4_local-pool_dedicated,0,11,28,0,28,2.4999999999999998e-05,2.9823999999999994e-05,1,1
ttfs_M4_local-pool_dedicated,0,11,28,1,29,2.4999999999999998e-05,3.0223999999999997e-05,1,1
ttfs_M4_local-pool_dedicated,0,11,28,2,30,2.4999999999999998e-05,2.9943999999999997e-05,1,1
ttfs_M4_local-pool_dedicated,0,11,28,3,31,2.4999999999999998e-05,2.9815999999999997e-05,1,1
ttfs_M4_local-pool_dedicated,0,11,29,0,156,2.4999999999999998e-05,3.0743999999999996e-05,1,1
ttfs_M4_local-pool_dedicated,0,11,29,1,157,2.4999999999999998e-05,2.9087999999999997e-05,1,1
ttfs_M4_local-pool_dedicated,0,11,29,2,158,2.4999999999999998e-05,2.9855999999999997e-05,1,1
ttfs_M4_local-pool_dedicated,0,11,29,3,159,2.4999999999999998e-05,2.9287999999999995e-05,1,1
ttfs_M4_local-pool_dedicated,1,0,0,0,0,2.1e-05,2.5879999999999996e-05,1,1
ttfs_M4_local-pool_dedicated,1,0,0,1,1,2.1e-05,,0,0
ttfs_M4_local-pool_dedicated,1,0,0,2,2,2.1e-05,2.6247999999999997e-05,1,1
ttfs_M4_local-pool_dedicated,1,0,0,3,3,2.1e-05,,0,0
ttfs_M4_local-pool_dedicated,1,0,1,0,128,2.1e-05,,0,0
ttfs_M4_local-pool_dedicated,1,0,1,1,129,2.1e-05,,0,0
ttfs_M4_local-pool_dedicated,1,0,1,2,130,2.1e-05,,0,0
ttfs_M4_local-pool_dedicated,1,0,1,3,131,2.1e-05,,0,0
ttfs_M4_local-pool_dedicated,1,0,2,0,256,2.4999999999999998e-05,,0,0
ttfs_M4_local-pool_dedicated,1,0,2,1,257,2.4999999999999998e-05,3.3095999999999996e-05,1,1
ttfs_M4_local-pool_dedicated,1,0,2,2,258,2.4999999999999998e-05,,0,0
ttfs_M4_local-pool_dedicated,1,0,2,3,259,2.4999999999999998e-05,,0,0
ttfs_M4_local-pool_dedicated,1,0,3,0,384,2.4999999999999998e-05,,0,0
ttfs_M4_local-pool_dedicated,1,0,3,1,385,2.4999999999999998e-05,,0,0
ttfs_M4_local-pool_dedicated,1,0,3,2,386,2.4999999999999998e-05,,0,0
ttfs_M4_local-pool_dedicated,1,0,3,3,387,2.4999999999999998e-05,,0,0
ttfs_M4_local-pool_dedicated,1,0,4,0,4,2.4999999999999998e-05,3.0975999999999996e-05,1,1
ttfs_M4_local-pool_dedicated,1,0,4,1,5,2.4999999999999998e-05,,0,0
ttfs_M4_local-pool_dedicated,1,0,4,2,6,2.4999999999999998e-05,,0,0
ttfs_M4_local-pool_dedicated,1,0,4,3,7,2.4999999999999998e-05,,0,0
ttfs_M4_local-pool_dedicated,1,0,5,0,132,2.1e-05,,0,0
ttfs_M4_local-pool_dedicated,1,0,5,1,133,2.1e-05,2.6007999999999996e-05,1,1
ttfs_M4_local-pool_dedicated,1,0,5,2,134,2.1e-05,,0,0
ttfs_M4_local-pool_dedicated,1,0,5,3,135,2.1e-05,,0,0
ttfs_M4_local-pool_dedicated,1,0,6,0,260,2.4999999999999998e-05,3.1759999999999994e-05,1,1
ttfs_M4_local-pool_dedicated,1,0,6,1,261,2.4999999999999998e-05,3.3159999999999994e-05,1,1
ttfs_M4_local-pool_dedicated,1,0,6,2,262,2.4999999999999998e-05,,0,0
ttfs_M4_local-pool_dedicated,1,0,6,3,263,2.4999999999999998e-05,,0,0
ttfs_M4_local-pool_dedicated,1,0,7,0,388,2.4999999999999998e-05,3.1679999999999995e-05,1,1
ttfs_M4_local-pool_dedicated,1,0,7,1,389,2.4999999999999998e-05,,0,0
ttfs_M4_local-pool_dedicated,1,0,7,2,390,2.4999999999999998e-05,3.1008e-05,1,1
ttfs_M4_local-pool_dedicated,1,0,7,3,391,2.4999999999999998e-05,3.144e-05,1,1
ttfs_M4_local-pool_dedicated,1,0,8,0,8,2.4999999999999998e-05,,0,0
ttfs_M4_local-pool_dedicated,1,0,8,1,9,2.4999999999999998e-05,,0,0
ttfs_M4_local-pool_dedicated,1,0,8,2,10,2.4999999999999998e-05,3.1271999999999995e-05,1,1
ttfs_M4_local-pool_dedicated,1,0,8,3,11,2.4999999999999998e-05,,0,0
ttfs_M4_local-pool_dedicated,1,0,9,0,136,2.2e-05,,0,0
ttfs_M4_local-pool_dedicated,1,0,9,1,137,2.2e-05,2.7271999999999996e-05,1,1
ttfs_M4_local-pool_dedicated,1,0,9,2,138,2.2e-05,,0,0
ttfs_M4_local-pool_dedicated,1,0,9,3,139,2.2e-05,,0,0
ttfs_M4_local-pool_dedicated,1,0,10,0,264,2.4999999999999998e-05,3.0896e-05,1,1
ttfs_M4_local-pool_dedicated,1,0,10,1,265,2.4999999999999998e-05,3.1848e-05,1,1
ttfs_M4_local-pool_dedicated,1,0,10,2,266,2.4999999999999998e-05,2.9935999999999996e-05,1,1
ttfs_M4_local-pool_dedicated,1,0,10,3,267,2.4999999999999998e-05,3.326399999999999e-05,1,1
ttfs_M4_local-pool_dedicated,1,0,11,0,392,2.4999999999999998e-05,3.4552e-05,1,1
ttfs_M4_local-pool_dedicated,1,0,11,1,393,2.4999999999999998e-05,3.0703999999999996e-05,1,1
ttfs_M4_local-pool_dedicated,1,0,11,2,394,2.4999999999999998e-05,3.1951999999999995e-05,1,1
ttfs_M4_local-pool_dedicated,1,0,11,3,395,2.4999999999999998e-05,3.3391999999999995e-05,1,1
ttfs_M4_local-pool_dedicated,1,0,12,0,12,2.4999999999999998e-05,3.0544e-05,1,1
ttfs_M4_local-pool_dedicated,1,0,12,1,13,2.4999999999999998e-05,3.215199999999999e-05,1,1
ttfs_M4_local-pool_dedicated,1,0,12,2,14,2.4999999999999998e-05,3.0351999999999997e-05,1,1
ttfs_M4_local-pool_dedicated,1,0,12,3,15,2.4999999999999998e-05,3.2303999999999994e-05,1,1
ttfs_M4_local-pool_dedicated,1,0,13,0,140,2.2e-05,2.8703999999999995e-05,1,1
ttfs_M4_local-pool_dedicated,1,0,13,1,141,2.2e-05,2.6463999999999996e-05,1,1
ttfs_M4_local-pool_dedicated,1,0,13,2,142,2.2e-05,2.7823999999999997e-05,1,1
ttfs_M4_local-pool_dedicated,1,0,13,3,143,2.2e-05,2.6223999999999995e-05,1,1
ttfs_M4_local-pool_dedicated,1,0,14,0,268,1.9999999999999998e-05,,0,0
ttfs_M4_local-pool_dedicated,1,0,14,1,269,1.9999999999999998e-05,,0,0
ttfs_M4_local-pool_dedicated,1,0,14,2,270,1.9999999999999998e-05,,0,0
ttfs_M4_local-pool_dedicated,1,0,14,3,271,1.9999999999999998e-05,2.3847999999999996e-05,1,1
ttfs_M4_local-pool_dedicated,1,0,15,0,396,2.4999999999999998e-05,3.0783999999999995e-05,1,1
ttfs_M4_local-pool_dedicated,1,0,15,1,397,2.4999999999999998e-05,2.9839999999999996e-05,1,1
ttfs_M4_local-pool_dedicated,1,0,15,2,398,2.4999999999999998e-05,3.1344e-05,1,1
ttfs_M4_local-pool_dedicated,1,0,15,3,399,2.4999999999999998e-05,3.2584e-05,1,1
ttfs_M4_local-pool_dedicated,1,0,16,0,16,1.9999999999999998e-05,,0,0
ttfs_M4_local-pool_dedicated,1,0,16,1,17,1.9999999999999998e-05,,0,0
ttfs_M4_local-pool_dedicated,1,0,16,2,18,1.9999999999999998e-05,,0,0
ttfs_M4_local-pool_dedicated,1,0,16,3,19,1.9999999999999998e-05,2.5911999999999995e-05,1,1
ttfs_M4_local-pool_dedicated,1,0,17,0,144,2.4999999999999998e-05,3.0295999999999996e-05,1,1
ttfs_M4_local-pool_dedicated,1,0,17,1,145,2.4999999999999998e-05,3.1191999999999995e-05,1,1
ttfs_M4_local-pool_dedicated,1,0,17,2,146,2.4999999999999998e-05,3.0767999999999994e-05,1,1
ttfs_M4_local-pool_dedicated,1,0,17,3,147,2.4999999999999998e-05,3.3271999999999996e-05,1,1
ttfs_M4_local-pool_dedicated,1,0,18,0,272,2.2e-05,,0,0
ttfs_M4_local-pool_dedicated,1,0,18,1,273,2.2e-05,,0,0
ttfs_M4_local-pool_dedicated,1,0,18,2,274,2.2e-05,,0,0
ttfs_M4_local-pool_dedicated,1,0,18,3,275,2.2e-05,,0,0
ttfs_M4_local-pool_dedicated,1,0,19,0,400,1.9999999999999998e-05,,0,0
ttfs_M4_local-pool_dedicated,1,0,19,1,401,1.9999999999999998e-05,,0,0
ttfs_M4_local-pool_dedicated,1,0,19,2,402,1.9999999999999998e-05,,0,0
ttfs_M4_local-pool_dedicated,1,0,19,3,403,1.9999999999999998e-05,,0,0
ttfs_M4_local-pool_dedicated,1,0,20,0,20,2.2e-05,2.9591999999999997e-05,1,1
ttfs_M4_local-pool_dedicated,1,0,20,1,21,2.2e-05,,0,0
ttfs_M4_local-pool_dedicated,1,0,20,2,22,2.2e-05,,0,0
ttfs_M4_local-pool_dedicated,1,0,20,3,23,2.2e-05,,0,0
ttfs_M4_local-pool_dedicated,1,0,21,0,148,2.1e-05,,0,0
ttfs_M4_local-pool_dedicated,1,0,21,1,149,2.1e-05,,0,0
ttfs_M4_local-pool_dedicated,1,0,21,2,150,2.1e-05,2.4607999999999995e-05,1,1
ttfs_M4_local-pool_dedicated,1,0,21,3,151,2.1e-05,2.5703999999999996e-05,1,1
ttfs_M4_local-pool_dedicated,1,0,22,0,276,2.4e-05,,0,0
ttfs_M4_local-pool_dedicated,1,0,22,1,277,2.4e-05,,0,0
ttfs_M4_local-pool_dedicated,1,0,22,2,278,2.4e-05,2.9543999999999997e-05,1,1
ttfs_M4_local-pool_dedicated,1,0,22,3,279,2.4e-05,,0,0
ttfs_M4_local-pool_dedicated,1,0,23,0,404,1.9999999999999998e-05,,0,0
ttfs_M4_local-pool_dedicated,1,0,23,1,405,1.9999999999999998e-05,,0,0
ttfs_M4_local-pool_dedicated,1,0,23,2,406,1.9999999999999998e-05,2.5135999999999998e-05,1,1
ttfs_M4_local-pool_dedicated,1,0,23,3,407,1.9999999999999998e-05,,0,0
ttfs_M4_local-pool_dedicated,1,0,24,0,24,2.4999999999999998e-05,3.071199999999999e-05,1,1
ttfs_M4_local-pool_dedicated,1,0,24,1,25,2.4999999999999998e-05,3.0127999999999997e-05,1,1
ttfs_M4_local-pool_dedicated,1,0,24,2,26,2.4999999999999998e-05,3.1008e-05,1,1
ttfs_M4_local-pool_dedicated,1,0,24,3,27,2.4999999999999998e-05,3.0992e-05,1,1
ttfs_M4_local-pool_dedicated,1,0,25,0,152,2.4999999999999998e-05,3.0311999999999997e-05,1,1
ttfs_M4_local-pool_dedicated,1,0,25,1,153,2.4999999999999998e-05,2.9679999999999997e-05,1,1
ttfs_M4_local-pool_dedicated,1,0,25,2,154,2.4999999999999998e-05,3.0471999999999996e-05,1,1
ttfs_M4_local-pool_dedicated,1,0,25,3,155,2.4999999999999998e-05,3.0776e-05,1,1
ttfs_M4_local-pool_dedicated,1,0,26,0,280,2.4999999999999998e-05,3.0135999999999994e-05,1,1
ttfs_M4_local-pool_dedicated,1,0,26,1,281,2.4999999999999998e-05,3.0183999999999994e-05,1,1
ttfs_M4_local-pool_dedicated,1,0,26,2,282,2.4999999999999998e-05,3.0495999999999994e-05,1,1
ttfs_M4_local-pool_dedicated,1,0,26,3,283,2.4999999999999998e-05,3.0247999999999996e-05,1,1
ttfs_M4_local-pool_dedicated,1,0,27,0,408,2.4999999999999998e-05,3.0863999999999995e-05,1,1
ttfs_M4_local-pool_dedicated,1,0,27,1,409,2.4999999999999998e-05,3.084799999999999e-05,1,1
ttfs_M4_local-pool_dedicated,1,0,27,2,410,2.4999999999999998e-05,3.1719999999999994e-05,1,1
ttfs_M4_local-pool_dedicated,1,0,27,3,411,2.4999999999999998e-05,2.9487999999999996e-05,1,1
ttfs_M4_local-pool_dedicated,1,0,28,0,28,2.4999999999999998e-05,2.9967999999999995e-05,1,1
ttfs_M4_local-pool_dedicated,1,0,28,1,29,2.4999999999999998e-05,3.0335999999999996e-05,1,1
ttfs_M4_local-pool_dedicated,1,0,28,2,30,2.4999999999999998e-05,2.9967999999999995e-05,1,1
ttfs_M4_local-pool_dedicated,1,0,28,3,31,2.4999999999999998e-05,2.9807999999999996e-05,1,1
ttfs_M4_local-pool_dedicated,1,0,29,0,156,2.4999999999999998e-05,3.0439999999999997e-05,1,1
ttfs_M4_local-pool_dedicated,1,0,29,1,157,2.4999999999999998e-05,2.9167999999999996e-05,1,1
ttfs_M4_local-pool_dedicated,1,0,29,2,158,2.4999999999999998e-05,3.0079999999999997e-05,1,1
ttfs_M4_local-pool_dedicated,1,0,29,3,159,2.4999999999999998e-05,2.9303999999999996e-05,1,1
ttfs_M4_local-pool_dedicated,1,1,0,0,0,1.9999999999999998e-05,,0,0
ttfs_M4_local-pool_dedicated,1,1,0,1,1,1.9999999999999998e-05,,0,0
ttfs_M4_local-pool_dedicated,1,1,0,2,2,1.9999999999999998e-05,,0,0
ttfs_M4_local-pool_dedicated,1,1,0,3,3,1.9999999999999998e-05,,0,0
ttfs_M4_local-pool_dedicated,1,1,1,0,128,1.9999999999999998e-05,,0,0
ttfs_M4_local-pool_dedicated,1,1,1,1,129,1.9999999999999998e-05,,0,0
ttfs_M4_local-pool_dedicated,1,1,1,2,130,1.9999999999999998e-05,,0,0
ttfs_M4_local-pool_dedicated,1,1,1,3,131,1.9999999999999998e-05,,0,0
ttfs_M4_local-pool_dedicated,1,1,2,0,256,2.4999999999999998e-05,,0,0
ttfs_M4_local-pool_dedicated,1,1,2,1,257,2.4999999999999998e-05,3.088799999999999e-05,1,1
ttfs_M4_local-pool_dedicated,1,1,2,2,258,2.4999999999999998e-05,,0,0
ttfs_M4_local-pool_dedicated,1,1,2,3,259,2.4999999999999998e-05,,0,0
ttfs_M4_local-pool_dedicated,1,1,3,0,384,2.4999999999999998e-05,,0,0
ttfs_M4_local-pool_dedicated,1,1,3,1,385,2.4999999999999998e-05,,0,0
ttfs_M4_local-pool_dedicated,1,1,3,2,386,2.4999999999999998e-05,,0,0
ttfs_M4_local-pool_dedicated,1,1,3,3,387,2.4999999999999998e-05,3.2919999999999997e-05,1,1
ttfs_M4_local-pool_dedicated,1,1,4,0,4,2.4999999999999998e-05,3.0279999999999995e-05,1,1
ttfs_M4_local-pool_dedicated,1,1,4,1,5,2.4999999999999998e-05,3.187999999999999e-05,1,1
ttfs_M4_local-pool_dedicated,1,1,4,2,6,2.4999999999999998e-05,3.372799999999999e-05,1,1
ttfs_M4_local-pool_dedicated,1,1,4,3,7,2.4999999999999998e-05,3.300799999999999e-05,1,1
ttfs_M4_local-pool_dedicated,1,1,5,0,132,2.1e-05,,0,0
ttfs_M4_local-pool_dedicated,1,1,5,1,133,2.1e-05,,0,0
ttfs_M4_local-pool_dedicated,1,1,5,2,134,2.1e-05,,0,0
ttfs_M4_local-pool_dedicated,1,1,5,3,135,2.1e-05,,0,0
ttfs_M4_local-pool_dedicated,1,1,6,0,260,2.2e-05,2.8743999999999994e-05,1,1
ttfs_M4_local-pool_dedicated,1,1,6,1,261,2.2e-05,,0,0
ttfs_M4_local-pool_dedicated,1,1,6,2,262,2.2e-05,,0,0
ttfs_M4_local-pool_dedicated,1,1,6,3,263,2.2e-05,,0,0
ttfs_M4_local-pool_dedicated,1,1,7,0,388,2.4999999999999998e-05,3.1184e-05,1,1
ttfs_M4_local-pool_dedicated,1,1,7,1,389,2.4999999999999998e-05,3.215199999999999e-05,1,1
ttfs_M4_local-pool_dedicated,1,1,7,2,390,2.4999999999999998e-05,3.0863999999999995e-05,1,1
ttfs_M4_local-pool_dedicated,1,1,7,3,391,2.4999999999999998e-05,3.1039999999999994e-05,1,1
ttfs_M4_local-pool_dedicated,1,1,8,0,8,2.4999999999999998e-05,3.4615999999999995e-05,1,1
ttfs_M4_local-pool_dedicated,1,1,8,1,9,2.4999999999999998e-05,3.287199999999999e-05,1,1
ttfs_M4_local-pool_dedicated,1,1,8,2,10,2.4999999999999998e-05,3.0776e-05,1,1
ttfs_M4_local-pool_dedicated,1,1,8,3,11,2.4999999999999998e-05,3.3079999999999995e-05,1,1
ttfs_M4_local-pool_dedicated,1,1,9,0,136,2.2e-05,,0,0
ttfs_M4_local-pool_dedicated,1,1,9,1,137,2.2e-05,,0,0
ttfs_M4_local-pool_dedicated,1,1,9,2,138,2.2e-05,,0,0
ttfs_M4_local-pool_dedicated,1,1,9,3,139,2.2e-05,,0,0
ttfs_M4_local-pool_dedicated,1,1,10,0,264,2.4999999999999998e-05,3.0159999999999996e-05,1,1
ttfs_M4_local-pool_dedicated,1,1,10,1,265,2.4999999999999998e-05,3.0783999999999995e-05,1,1
ttfs_M4_local-pool_dedicated,1,1,10,2,266,2.4999999999999998e-05,2.9207999999999995e-05,1,1
ttfs_M4_local-pool_dedicated,1,1,10,3,267,2.4999999999999998e-05,3.1768e-05,1,1
ttfs_M4_local-pool_dedicated,1,1,11,0,392,2.4e-05,,0,0
ttfs_M4_local-pool_dedicated,1,1,11,1,393,2.4e-05,3.0823999999999995e-05,1,1
ttfs_M4_local-pool_dedicated,1,1,11,2,394,2.4e-05,,0,0
ttfs_M4_local-pool_dedicated,1,1,11,3,395,2.4e-05,,0,0
ttfs_M4_local-pool_dedicated,1,1,12,0,12,2.4999999999999998e-05,3.0151999999999995e-05,1,1
ttfs_M4_local-pool_dedicated,1,1,12,1,13,2.4999999999999998e-05,3.1327999999999995e-05,1,1
ttfs_M4_local-pool_dedicated,1,1,12,2,14,2.4999999999999998e-05,2.9967999999999995e-05,1,1
ttfs_M4_local-pool_dedicated,1,1,12,3,15,2.4999999999999998e-05,3.1864e-05,1,1
ttfs_M4_local-pool_dedicated,1,1,13,0,140,2.1e-05,,0,0
ttfs_M4_local-pool_dedicated,1,1,13,1,141,2.1e-05,,0,0
ttfs_M4_local-pool_dedicated,1,1,13,2,142,2.1e-05,,0,0
ttfs_M4_local-pool_dedicated,1,1,13,3,143,2.1e-05,,0,0
ttfs_M4_local-pool_dedicated,1,1,14,0,268,2.2e-05,,0,0
ttfs_M4_local-pool_dedicated,1,1,14,1,269,2.2e-05,,0,0
ttfs_M4_local-pool_dedicated,1,1,14,2,270,2.2e-05,,0,0
ttfs_M4_local-pool_dedicated,1,1,14,3,271,2.2e-05,,0,0
ttfs_M4_local-pool_dedicated,1,1,15,0,396,2.4999999999999998e-05,3.0367999999999995e-05,1,1
ttfs_M4_local-pool_dedicated,1,1,15,1,397,2.4999999999999998e-05,2.9391999999999996e-05,1,1
ttfs_M4_local-pool_dedicated,1,1,15,2,398,2.4999999999999998e-05,3.0303999999999996e-05,1,1
ttfs_M4_local-pool_dedicated,1,1,15,3,399,2.4999999999999998e-05,3.1536e-05,1,1
ttfs_M4_local-pool_dedicated,1,1,16,0,16,2.2e-05,,0,0
ttfs_M4_local-pool_dedicated,1,1,16,1,17,2.2e-05,,0,0
ttfs_M4_local-pool_dedicated,1,1,16,2,18,2.2e-05,,0,0
ttfs_M4_local-pool_dedicated,1,1,16,3,19,2.2e-05,2.8359999999999996e-05,1,1
ttfs_M4_local-pool_dedicated,1,1,17,0,144,2.2e-05,2.8175999999999996e-05,1,1
ttfs_M4_local-pool_dedicated,1,1,17,1,145,2.2e-05,,0,0
ttfs_M4_local-pool_dedicated,1,1,17,2,146,2.2e-05,,0,0
ttfs_M4_local-pool_dedicated,1,1,17,3,147,2.2e-05,,0,0
ttfs_M4_local-pool_dedicated,1,1,18,0,272,2.1e-05,,0,0
ttfs_M4_local-pool_dedicated,1,1,18,1,273,2.1e-05,,0,0
ttfs_M4_local-pool_dedicated,1,1,18,2,274,2.1e-05,,0,0
ttfs_M4_local-pool_dedicated,1,1,18,3,275,2.1e-05,,0,0
ttfs_M4_local-pool_dedicated,1,1,19,0,400,2.2e-05,,0,0
ttfs_M4_local-pool_dedicated,1,1,19,1,401,2.2e-05,,0,0
ttfs_M4_local-pool_dedicated,1,1,19,2,402,2.2e-05,,0,0
ttfs_M4_local-pool_dedicated,1,1,19,3,403,2.2e-05,2.9111999999999995e-05,1,1
ttfs_M4_local-pool_dedicated,1,1,20,0,20,2.1e-05,,0,0
ttfs_M4_local-pool_dedicated,1,1,20,1,21,2.1e-05,,0,0
ttfs_M4_local-pool_dedicated,1,1,20,2,22,2.1e-05,,0,0
ttfs_M4_local-pool_dedicated,1,1,20,3,23,2.1e-05,,0,0
ttfs_M4_local-pool_dedicated,1,1,21,0,148,1.9999999999999998e-05,,0,0
ttfs_M4_local-pool_dedicated,1,1,21,1,149,1.9999999999999998e-05,,0,0
ttfs_M4_local-pool_dedicated,1,1,21,2,150,1.9999999999999998e-05,2.3935999999999996e-05,1,1
ttfs_M4_local-pool_dedicated,1,1,21,3,151,1.9999999999999998e-05,2.5799999999999997e-05,1,1
ttfs_M4_local-pool_dedicated,1,1,22,0,276,2.4e-05,3.3703999999999994e-05,1,1
ttfs_M4_local-pool_dedicated,1,1,22,1,277,2.4e-05,3.1911999999999995e-05,1,1
ttfs_M4_local-pool_dedicated,1,1,22,2,278,2.4e-05,2.9167999999999996e-05,1,1
ttfs_M4_local-pool_dedicated,1,1,22,3,279,2.4e-05,3.0999999999999995e-05,1,1
ttfs_M4_local-pool_dedicated,1,1,23,0,404,2.4999999999999998e-05,3.1135999999999995e-05,1,1
ttfs_M4_local-pool_dedicated,1,1,23,1,405,2.4999999999999998e-05,3.092799999999999e-05,1,1
ttfs_M4_local-pool_dedicated,1,1,23,2,406,2.4999999999999998e-05,3.0327999999999995e-05,1,1
ttfs_M4_local-pool_dedicated,1,1,23,3,407,2.4999999999999998e-05,3.0607999999999996e-05,1,1
ttfs_M4_local-pool_dedicated,1,1,24,0,24,2.4999999999999998e-05,3.0095999999999994e-05,1,1
ttfs_M4_local-pool_dedicated,1,1,24,1,25,2.4999999999999998e-05,2.9759999999999996e-05,1,1
ttfs_M4_local-pool_dedicated,1,1,24,2,26,2.4999999999999998e-05,3.057599999999999e-05,1,1
ttfs_M4_local-pool_dedicated,1,1,24,3,27,2.4999999999999998e-05,3.0383999999999996e-05,1,1
ttfs_M4_local-pool_dedicated,1,1,25,0,152,2.2e-05,2.8295999999999995e-05,1,1
ttfs_M4_local-pool_dedicated,1,1,25,1,153,2.2e-05,2.6295999999999997e-05,1,1
ttfs_M4_local-pool_dedicated,1,1,25,2,154,2.2e-05,2.8551999999999997e-05,1,1
ttfs_M4_local-pool_dedicated,1,1,25,3,155,2.2e-05,2.9711999999999996e-05,1,1
ttfs_M4_local-pool_dedicated,1,1,26,0,280,2.4999999999999998e-05,2.9831999999999995e-05,1,1
ttfs_M4_local-pool_dedicated,1,1,26,1,281,2.4999999999999998e-05,2.9919999999999995e-05,1,1
ttfs_M4_local-pool_dedicated,1,1,26,2,282,2.4999999999999998e-05,3.0671999999999994e-05,1,1
ttfs_M4_local-pool_dedicated,1,1,26,3,283,2.4999999999999998e-05,3.0135999999999994e-05,1,1
ttfs_M4_local-pool_dedicated,1,1,27,0,408,2.4999999999999998e-05,3.075199999999999e-05,1,1
ttfs_M4_local-pool_dedicated,1,1,27,1,409,2.4999999999999998e-05,3.0544e-05,1,1
ttfs_M4_local-pool_dedicated,1,1,27,2,410,2.4999999999999998e-05,3.106399999999999e-05,1,1
ttfs_M4_local-pool_dedicated,1,1,27,3,411,2.4999999999999998e-05,2.9263999999999996e-05,1,1
ttfs_M4_local-pool_dedicated,1,1,28,0,28,2.4999999999999998e-05,2.9591999999999997e-05,1,1
ttfs_M4_local-pool_dedicated,1,1,28,1,29,2.4999999999999998e-05,2.9887999999999996e-05,1,1
ttfs_M4_local-pool_dedicated,1,1,28,2,30,2.4999999999999998e-05,2.9591999999999997e-05,1,1
ttfs_M4_local-pool_dedicated,1,1,28,3,31,2.4999999999999998e-05,2.9543999999999997e-05,1,1
ttfs_M4_local-pool_dedicated,1,1,29,0,156,2.4999999999999998e-05,3.0479999999999996e-05,1,1
ttfs_M4_local-pool_dedicated,1,1,29,1,157,2.4999999999999998e-05,2.8839999999999995e-05,1,1
ttfs_M4_local-pool_dedicated,1,1,29,2,158,2.4999999999999998e-05,2.9767999999999997e-05,1,1
ttfs_M4_local-pool_dedicated,1,1,29,3,159,2.4999999999999998e-05,2.9175999999999996e-05,1,1
ttfs_M4_local-pool_dedicated,1,2,0,0,0,2.1e-05,,0,0
ttfs_M4_local-pool_dedicated,1,2,0,1,1,2.1e-05,,0,0
ttfs_M4_local-pool_dedicated,1,2,0,2,2,2.1e-05,,0,0
ttfs_M4_local-pool_dedicated,1,2,0,3,3,2.1e-05,,0,0
ttfs_M4_local-pool_dedicated,1,2,1,0,128,2.2e-05,,0,0
ttfs_M4_local-pool_dedicated,1,2,1,1,129,2.2e-05,,0,0
ttfs_M4_local-pool_dedicated,1,2,1,2,130,2.2e-05,,0,0
ttfs_M4_local-pool_dedicated,1,2,1,3,131,2.2e-05,,0,0
ttfs_M4_local-pool_dedicated,1,2,2,0,256,2.4999999999999998e-05,,0,0
ttfs_M4_local-pool_dedicated,1,2,2,1,257,2.4999999999999998e-05,3.071199999999999e-05,1,1
ttfs_M4_local-pool_dedicated,1,2,2,2,258,2.4999999999999998e-05,,0,0
ttfs_M4_local-pool_dedicated,1,2,2,3,259,2.4999999999999998e-05,3.42e-05,1,1
ttfs_M4_local-pool_dedicated,1,2,3,0,384,2.4999999999999998e-05,,0,0
ttfs_M4_local-pool_dedicated,1,2,3,1,385,2.4999999999999998e-05,,0,0
ttfs_M4_local-pool_dedicated,1,2,3,2,386,2.4999999999999998e-05,3.314399999999999e-05,1,1
ttfs_M4_local-pool_dedicated,1,2,3,3,387,2.4999999999999998e-05,,0,0
ttfs_M4_local-pool_dedicated,1,2,4,0,4,2.4999999999999998e-05,3.0095999999999994e-05,1,1
ttfs_M4_local-pool_dedicated,1,2,4,1,5,2.4999999999999998e-05,3.160799999999999e-05,1,1
ttfs_M4_local-pool_dedicated,1,2,4,2,6,2.4999999999999998e-05,3.4144e-05,1,1
ttfs_M4_local-pool_dedicated,1,2,4,3,7,2.4999999999999998e-05,3.359199999999999e-05,1,1
ttfs_M4_local-pool_dedicated,1,2,5,0,132,2.2e-05,,0,0
ttfs_M4_local-pool_dedicated,1,2,5,1,133,2.2e-05,,0,0
ttfs_M4_local-pool_dedicated,1,2,5,2,134,2.2e-05,,0,0
ttfs_M4_local-pool_dedicated,1,2,5,3,135,2.2e-05,,0,0
ttfs_M4_local-pool_dedicated,1,2,6,0,260,2.4999999999999998e-05,3.0407999999999994e-05,1,1
ttfs_M4_local-pool_dedicated,1,2,6,1,261,2.4999999999999998e-05,3.1304e-05,1,1
ttfs_M4_local-pool_dedicated,1,2,6,2,262,2.4999999999999998e-05,3.269599999999999e-05,1,1
ttfs_M4_local-pool_dedicated,1,2,6,3,263,2.4999999999999998e-05,3.1944e-05,1,1
ttfs_M4_local-pool_dedicated,1,2,7,0,388,2.4999999999999998e-05,3.0959999999999995e-05,1,1
ttfs_M4_local-pool_dedicated,1,2,7,1,389,2.4999999999999998e-05,3.2024e-05,1,1
ttfs_M4_local-pool_dedicated,1,2,7,2,390,2.4999999999999998e-05,3.076e-05,1,1
ttfs_M4_local-pool_dedicated,1,2,7,3,391,2.4999999999999998e-05,3.061599999999999e-05,1,1
ttfs_M4_local-pool_dedicated,1,2,8,0,8,2.4999999999999998e-05,3.223199999999999e-05,1,1
ttfs_M4_local-pool_dedicated,1,2,8,1,9,2.4999999999999998e-05,3.250399999999999e-05,1,1
ttfs_M4_local-pool_dedicated,1,2,8,2,10,2.4999999999999998e-05,3.0607999999999996e-05,1,1
ttfs_M4_local-pool_dedicated,1,2,8,3,11,2.4999999999999998e-05,3.1911999999999995e-05,1,1
ttfs_M4_local-pool_dedicated,1,2,9,0,136,2.2e-05,,0,0
ttfs_M4_local-pool_dedicated,1,2,9,1,137,2.2e-05,,0,0
ttfs_M4_local-pool_dedicated,1,2,9,2,138,2.2e-05,,0,0
ttfs_M4_local-pool_dedicated,1,2,9,3,139,2.2e-05,,0,0
ttfs_M4_local-pool_dedicated,1,2,10,0,264,2.4999999999999998e-05,2.9967999999999995e-05,1,1
ttfs_M4_local-pool_dedicated,1,2,10,1,265,2.4999999999999998e-05,3.1008e-05,1,1
ttfs_M4_local-pool_dedicated,1,2,10,2,266,2.4999999999999998e-05,2.9319999999999997e-05,1,1
ttfs_M4_local-pool_dedicated,1,2,10,3,267,2.4999999999999998e-05,3.1808e-05,1,1
ttfs_M4_local-pool_dedicated,1,2,11,0,392,2.2e-05,,0,0
ttfs_M4_local-pool_dedicated,1,2,11,1,393,2.2e-05,,0,0
ttfs_M4_local-pool_dedicated,1,2,11,2,394,2.2e-05,,0,0
ttfs_M4_local-pool_dedicated,1,2,11,3,395,2.2e-05,,0,0
ttfs_M4_local-pool_dedicated,1,2,12,0,12,2.4999999999999998e-05,3.0023999999999996e-05,1,1
ttfs_M4_local-pool_dedicated,1,2,12,1,13,2.4999999999999998e-05,3.119999999999999e-05,1,1
ttfs_M4_local-pool_dedicated,1,2,12,2,14,2.4999999999999998e-05,2.9591999999999997e-05,1,1
ttfs_M4_local-pool_dedicated,1,2,12,3,15,2.4999999999999998e-05,3.1208e-05,1,1
ttfs_M4_local-pool_dedicated,1,2,13,0,140,2.2e-05,,0,0
ttfs_M4_local-pool_dedicated,1,2,13,1,141,2.2e-05,,0,0
ttfs_M4_local-pool_dedicated,1,2,13,2,142,2.2e-05,,0,0
ttfs_M4_local-pool_dedicated,1,2,13,3,143,2.2e-05,,0,0
ttfs_M4_local-pool_dedicated,1,2,14,0,268,2.3e-05,,0,0
ttfs_M4_local-pool_dedicated,1,2,14,1,269,2.3e-05,,0,0
ttfs_M4_local-pool_dedicated,1,2,14,2,270,2.3e-05,,0,0
ttfs_M4_local-pool_dedicated,1,2,14,3,271,2.3e-05,2.6631999999999995e-05,1,1
ttfs_M4_local-pool_dedicated,1,2,15,0,396,2.4e-05,,0,0
ttfs_M4_local-pool_dedicated,1,2,15,1,397,2.4e-05,2.9263999999999996e-05,1,1
ttfs_M4_local-pool_dedicated,1,2,15,2,398,2.4e-05,,0,0
ttfs_M4_local-pool_dedicated,1,2,15,3,399,2.4e-05,,0,0
ttfs_M4_local-pool_dedicated,1,2,16,0,16,2.3e-05,,0,0
ttfs_M4_local-pool_dedicated,1,2,16,1,17,2.3e-05,,0,0
ttfs_M4_local-pool_dedicated,1,2,16,2,18,2.3e-05,3.2399999999999995e-05,1,1
ttfs_M4_local-pool_dedicated,1,2,16,3,19,2.3e-05,2.9759999999999996e-05,1,1
ttfs_M4_local-pool_dedicated,1,2,17,0,144,2.4e-05,3.0175999999999997e-05,1,1
ttfs_M4_local-pool_dedicated,1,2,17,1,145,2.4e-05,,0,0
ttfs_M4_local-pool_dedicated,1,2,17,2,146,2.4e-05,3.2495999999999995e-05,1,1
ttfs_M4_local-pool_dedicated,1,2,17,3,147,2.4e-05,,0,0
ttfs_M4_local-pool_dedicated,1,2,18,0,272,2.2e-05,,0,0
ttfs_M4_local-pool_dedicated,1,2,18,1,273,2.2e-05,3.0447999999999997e-05,1,1
ttfs_M4_local-pool_dedicated,1,2,18,2,274,2.2e-05,,0,0
ttfs_M4_local-pool_dedicated,1,2,18,3,275,2.2e-05,2.8567999999999995e-05,1,1
ttfs_M4_local-pool_dedicated,1,2,19,0,400,2.2e-05,,0,0
ttfs_M4_local-pool_dedicated,1,2,19,1,401,2.2e-05,,0,0
ttfs_M4_local-pool_dedicated,1,2,19,2,402,2.2e-05,,0,0
ttfs_M4_local-pool_dedicated,1,2,19,3,403,2.2e-05,,0,0
ttfs_M4_local-pool_dedicated,1,2,20,0,20,2.2e-05,,0,0
ttfs_M4_local-pool_dedicated,1,2,20,1,21,2.2e-05,,0,0
ttfs_M4_local-pool_dedicated,1,2,20,2,22,2.2e-05,,0,0
ttfs_M4_local-pool_dedicated,1,2,20,3,23,2.2e-05,,0,0
ttfs_M4_local-pool_dedicated,1,2,21,0,148,2.1e-05,,0,0
ttfs_M4_local-pool_dedicated,1,2,21,1,149,2.1e-05,,0,0
ttfs_M4_local-pool_dedicated,1,2,21,2,150,2.1e-05,2.5103999999999995e-05,1,1
ttfs_M4_local-pool_dedicated,1,2,21,3,151,2.1e-05,,0,0
ttfs_M4_local-pool_dedicated,1,2,22,0,276,2.2e-05,,0,0
ttfs_M4_local-pool_dedicated,1,2,22,1,277,2.2e-05,,0,0
ttfs_M4_local-pool_dedicated,1,2,22,2,278,2.2e-05,2.7023999999999997e-05,1,1
ttfs_M4_local-pool_dedicated,1,2,22,3,279,2.2e-05,3.132e-05,1,1
ttfs_M4_local-pool_dedicated,1,2,23,0,404,2.4999999999999998e-05,3.1168e-05,1,1
ttfs_M4_local-pool_dedicated,1,2,23,1,405,2.4999999999999998e-05,3.0343999999999996e-05,1,1
ttfs_M4_local-pool_dedicated,1,2,23,2,406,2.4999999999999998e-05,3.0263999999999997e-05,1,1
ttfs_M4_local-pool_dedicated,1,2,23,3,407,2.4999999999999998e-05,3.075199999999999e-05,1,1
ttfs_M4_local-pool_dedicated,1,2,24,0,24,2.4999999999999998e-05,3.0375999999999995e-05,1,1
ttfs_M4_local-pool_dedicated,1,2,24,1,25,2.4999999999999998e-05,2.9823999999999994e-05,1,1
ttfs_M4_local-pool_dedicated,1,2,24,2,26,2.4999999999999998e-05,3.0799999999999996e-05,1,1
ttfs_M4_local-pool_dedicated,1,2,24,3,27,2.4999999999999998e-05,3.0535999999999994e-05,1,1
ttfs_M4_local-pool_dedicated,1,2,25,0,152,2.3e-05,2.9903999999999997e-05,1,1
ttfs_M4_local-pool_dedicated,1,2,25,1,153,2.3e-05,2.8047999999999996e-05,1,1
ttfs_M4_local-pool_dedicated,1,2,25,2,154,2.3e-05,,0,0
ttfs_M4_local-pool_dedicated,1,2,25,3,155,2.3e-05,,0,0
ttfs_M4_local-pool_dedicated,1,2,26,0,280,2.4999999999999998e-05,2.9847999999999996e-05,1,1
ttfs_M4_local-pool_dedicated,1,2,26,1,281,2.4999999999999998e-05,2.9895999999999996e-05,1,1
ttfs_M4_local-pool_dedicated,1,2,26,2,282,2.4999999999999998e-05,3.0687999999999995e-05,1,1
ttfs_M4_local-pool_dedicated,1,2,26,3,283,2.4999999999999998e-05,3.0119999999999996e-05,1,1
ttfs_M4_local-pool_dedicated,1,2,27,0,408,2.4999999999999998e-05,3.06e-05,1,1
ttfs_M4_local-pool_dedicated,1,2,27,1,409,2.4999999999999998e-05,3.0455999999999994e-05,1,1
ttfs_M4_local-pool_dedicated,1,2,27,2,410,2.4999999999999998e-05,3.1015999999999996e-05,1,1
ttfs_M4_local-pool_dedicated,1,2,27,3,411,2.4999999999999998e-05,2.9271999999999997e-05,1,1
ttfs_M4_local-pool_dedicated,1,2,28,0,28,2.4999999999999998e-05,2.9679999999999997e-05,1,1
ttfs_M4_local-pool_dedicated,1,2,28,1,29,2.4999999999999998e-05,2.9879999999999995e-05,1,1
ttfs_M4_local-pool_dedicated,1,2,28,2,30,2.4999999999999998e-05,2.9687999999999994e-05,1,1
ttfs_M4_local-pool_dedicated,1,2,28,3,31,2.4999999999999998e-05,2.9655999999999995e-05,1,1
ttfs_M4_local-pool_dedicated,1,2,29,0,156,2.4999999999999998e-05,3.0391999999999996e-05,1,1
ttfs_M4_local-pool_dedicated,1,2,29,1,157,2.4999999999999998e-05,2.8887999999999995e-05,1,1
ttfs_M4_local-pool_dedicated,1,2,29,2,158,2.4999999999999998e-05,2.9727999999999997e-05,1,1
ttfs_M4_local-pool_dedicated,1,2,29,3,159,2.4999999999999998e-05,2.9127999999999996e-05,1,1
ttfs_M4_local-pool_dedicated,1,3,0,0,0,2.1e-05,2.5231999999999995e-05,1,1
ttfs_M4_local-pool_dedicated,1,3,0,1,1,2.1e-05,,0,0
ttfs_M4_local-pool_dedicated,1,3,0,2,2,2.1e-05,2.5111999999999996e-05,1,1
ttfs_M4_local-pool_dedicated,1,3,0,3,3,2.1e-05,2.6271999999999995e-05,1,1
ttfs_M4_local-pool_dedicated,1,3,1,0,128,2.4999999999999998e-05,,0,0
ttfs_M4_local-pool_dedicated,1,3,1,1,129,2.4999999999999998e-05,,0,0
ttfs_M4_local-pool_dedicated,1,3,1,2,130,2.4999999999999998e-05,,0,0
ttfs_M4_local-pool_dedicated,1,3,1,3,131,2.4999999999999998e-05,,0,0
ttfs_M4_local-pool_dedicated,1,3,2,0,256,2.4e-05,,0,0
ttfs_M4_local-pool_dedicated,1,3,2,1,257,2.4e-05,,0,0
ttfs_M4_local-pool_dedicated,1,3,2,2,258,2.4e-05,,0,0
ttfs_M4_local-pool_dedicated,1,3,2,3,259,2.4e-05,,0,0
ttfs_M4_local-pool_dedicated,1,3,3,0,384,2.4999999999999998e-05,,0,0
ttfs_M4_local-pool_dedicated,1,3,3,1,385,2.4999999999999998e-05,,0,0
ttfs_M4_local-pool_dedicated,1,3,3,2,386,2.4999999999999998e-05,,0,0
ttfs_M4_local-pool_dedicated,1,3,3,3,387,2.4999999999999998e-05,,0,0
ttfs_M4_local-pool_dedicated,1,3,4,0,4,2.4999999999999998e-05,3.1808e-05,1,1
ttfs_M4_local-pool_dedicated,1,3,4,1,5,2.4999999999999998e-05,,0,0
ttfs_M4_local-pool_dedicated,1,3,4,2,6,2.4999999999999998e-05,,0,0
ttfs_M4_local-pool_dedicated,1,3,4,3,7,2.4999999999999998e-05,,0,0
ttfs_M4_local-pool_dedicated,1,3,5,0,132,2.4e-05,,0,0
ttfs_M4_local-pool_dedicated,1,3,5,1,133,2.4e-05,,0,0
ttfs_M4_local-pool_dedicated,1,3,5,2,134,2.4e-05,,0,0
ttfs_M4_local-pool_dedicated,1,3,5,3,135,2.4e-05,,0,0
ttfs_M4_local-pool_dedicated,1,3,6,0,260,2.4e-05,,0,0
ttfs_M4_local-pool_dedicated,1,3,6,1,261,2.4e-05,,0,0
ttfs_M4_local-pool_dedicated,1,3,6,2,262,2.4e-05,,0,0
ttfs_M4_local-pool_dedicated,1,3,6,3,263,2.4e-05,,0,0
ttfs_M4_local-pool_dedicated,1,3,7,0,388,2.4999999999999998e-05,,0,0
ttfs_M4_local-pool_dedicated,1,3,7,1,389,2.4999999999999998e-05,,0,0
ttfs_M4_local-pool_dedicated,1,3,7,2,390,2.4999999999999998e-05,3.4191999999999994e-05,1,1
ttfs_M4_local-pool_dedicated,1,3,7,3,391,2.4999999999999998e-05,3.3375999999999994e-05,1,1
ttfs_M4_local-pool_dedicated,1,3,8,0,8,2.4999999999999998e-05,,0,0
ttfs_M4_local-pool_dedicated,1,3,8,1,9,2.4999999999999998e-05,,0,0
ttfs_M4_local-pool_dedicated,1,3,8,2,10,2.4999999999999998e-05,3.236799999999999e-05,1,1
ttfs_M4_local-pool_dedicated,1,3,8,3,11,2.4999999999999998e-05,,0,0
ttfs_M4_local-pool_dedicated,1,3,9,0,136,2.4e-05,,0,0
ttfs_M4_local-pool_dedicated,1,3,9,1,137,2.4e-05,,0,0
ttfs_M4_local-pool_dedicated,1,3,9,2,138,2.4e-05,,0,0
ttfs_M4_local-pool_dedicated,1,3,9,3,139,2.4e-05,,0,0
ttfs_M4_local-pool_dedicated,1,3,10,0,264,2.4999999999999998e-05,3.1576e-05,1,1
ttfs_M4_local-pool_dedicated,1,3,10,1,265,2.4999999999999998e-05,3.368799999999999e-05,1,1
ttfs_M4_local-pool_dedicated,1,3,10,2,266,2.4999999999999998e-05,3.0103999999999995e-05,1,1
ttfs_M4_local-pool_dedicated,1,3,10,3,267,2.4999999999999998e-05,,0,0
ttfs_M4_local-pool_dedicated,1,3,11,0,392,1.9999999999999998e-05,,0,0
ttfs_M4_local-pool_dedicated,1,3,11,1,393,1.9999999999999998e-05,2.4183999999999997e-05,1,1
ttfs_M4_local-pool_dedicated,1,3,11,2,394,1.9999999999999998e-05,,0,0
ttfs_M4_local-pool_dedicated,1,3,11,3,395,1.9999999999999998e-05,2.5311999999999998e-05,1,1
ttfs_M4_local-pool_dedicated,1,3,12,0,12,2.3e-05,,0,0
ttfs_M4_local-pool_dedicated,1,3,12,1,13,2.3e-05,,0,0
ttfs_M4_local-pool_dedicated,1,3,12,2,14,2.3e-05,,0,0
ttfs_M4_local-pool_dedicated,1,3,12,3,15,2.3e-05,,0,0
ttfs_M4_local-pool_dedicated,1,3,13,0,140,2.4e-05,,0,0
ttfs_M4_local-pool_dedicated,1,3,13,1,141,2.4e-05,,0,0
ttfs_M4_local-pool_dedicated,1,3,13,2,142,2.4e-05,,0,0
ttfs_M4_local-pool_dedicated,1,3,13,3,143,2.4e-05,,0,0
ttfs_M4_local-pool_dedicated,1,3,14,0,268,2.4999999999999998e-05,3.1864e-05,1,1
ttfs_M4_local-pool_dedicated,1,3,14,1,269,2.4999999999999998e-05,3.2896e-05,1,1
ttfs_M4_local-pool_dedicated,1,3,14,2,270,2.4999999999999998e-05,3.3135999999999996e-05,1,1
ttfs_M4_local-pool_dedicated,1,3,14,3,271,2.4999999999999998e-05,2.9279999999999994e-05,1,1
ttfs_M4_local-pool_dedicated,1,3,15,0,396,2.4999999999999998e-05,3.1655999999999996e-05,1,1
ttfs_M4_local-pool_dedicated,1,3,15,1,397,2.4999999999999998e-05,3.0415999999999995e-05,1,1
ttfs_M4_local-pool_dedicated,1,3,15,2,398,2.4999999999999998e-05,3.2711999999999994e-05,1,1
ttfs_M4_local-pool_dedicated,1,3,15,3,399,2.4999999999999998e-05,3.5079999999999996e-05,1,1
ttfs_M4_local-pool_dedicated,1,3,16,0,16,2.4999999999999998e-05,3.3431999999999994e-05,1,1
ttfs_M4_local-pool_dedicated,1,3,16,1,17,2.4999999999999998e-05,3.2704e-05,1,1
ttfs_M4_local-pool_dedicated,1,3,16,2,18,2.4999999999999998e-05,3.2031999999999994e-05,1,1
ttfs_M4_local-pool_dedicated,1,3,16,3,19,2.4999999999999998e-05,3.0959999999999995e-05,1,1
ttfs_M4_local-pool_dedicated,1,3,17,0,144,2.4999999999999998e-05,3.144e-05,1,1
ttfs_M4_local-pool_dedicated,1,3,17,1,145,2.4999999999999998e-05,3.2063999999999997e-05,1,1
ttfs_M4_local-pool_dedicated,1,3,17,2,146,2.4999999999999998e-05,3.1519999999999996e-05,1,1
ttfs_M4_local-pool_dedicated,1,3,17,3,147,2.4999999999999998e-05,3.411999999999999e-05,1,1
ttfs_M4_local-pool_dedicated,1,3,18,0,272,2.4999999999999998e-05,3.0023999999999996e-05,1,1
ttfs_M4_local-pool_dedicated,1,3,18,1,273,2.4999999999999998e-05,3.0047999999999994e-05,1,1
ttfs_M4_local-pool_dedicated,1,3,18,2,274,2.4999999999999998e-05,3.0807999999999994e-05,1,1
ttfs_M4_local-pool_dedicated,1,3,18,3,275,2.4999999999999998e-05,2.9975999999999996e-05,1,1
ttfs_M4_local-pool_dedicated,1,3,19,0,400,2.4999999999999998e-05,3.178399999999999e-05,1,1
ttfs_M4_local-pool_dedicated,1,3,19,1,401,2.4999999999999998e-05,3.1111999999999996e-05,1,1
ttfs_M4_local-pool_dedicated,1,3,19,2,402,2.4999999999999998e-05,3.2207999999999994e-05,1,1
ttfs_M4_local-pool_dedicated,1,3,19,3,403,2.4999999999999998e-05,3.084799999999999e-05,1,1
ttfs_M4_local-pool_dedicated,1,3,20,0,20,2.4e-05,,0,0
ttfs_M4_local-pool_dedicated,1,3,20,1,21,2.4e-05,,0,0
ttfs_M4_local-pool_dedicated,1,3,20,2,22,2.4e-05,,0,0
ttfs_M4_local-pool_dedicated,1,3,20,3,23,2.4e-05,,0,0
ttfs_M4_local-pool_dedicated,1,3,21,0,148,2.3e-05,,0,0
ttfs_M4_local-pool_dedicated,1,3,21,1,149,2.3e-05,,0,0
ttfs_M4_local-pool_dedicated,1,3,21,2,150,2.3e-05,2.7751999999999995e-05,1,1
ttfs_M4_local-pool_dedicated,1,3,21,3,151,2.3e-05,,0,0
ttfs_M4_local-pool_dedicated,1,3,22,0,276,2.2e-05,,0,0
ttfs_M4_local-pool_dedicated,1,3,22,1,277,2.2e-05,,0,0
ttfs_M4_local-pool_dedicated,1,3,22,2,278,2.2e-05,2.7319999999999996e-05,1,1
ttfs_M4_local-pool_dedicated,1,3,22,3,279,2.2e-05,,0,0
ttfs_M4_local-pool_dedicated,1,3,23,0,404,2.4999999999999998e-05,3.1271999999999995e-05,1,1
ttfs_M4_local-pool_dedicated,1,3,23,1,405,2.4999999999999998e-05,3.0799999999999996e-05,1,1
ttfs_M4_local-pool_dedicated,1,3,23,2,406,2.4999999999999998e-05,3.0383999999999996e-05,1,1
ttfs_M4_local-pool_dedicated,1,3,23,3,407,2.4999999999999998e-05,3.1119999999999993e-05,1,1
ttfs_M4_local-pool_dedicated,1,3,24,0,24,2.4999999999999998e-05,3.0423999999999995e-05,1,1
ttfs_M4_local-pool_dedicated,1,3,24,1,25,2.4999999999999998e-05,3.0007999999999995e-05,1,1
ttfs_M4_local-pool_dedicated,1,3,24,2,26,2.4999999999999998e-05,3.084799999999999e-05,1,1
ttfs_M4_local-pool_dedicated,1,3,24,3,27,2.4999999999999998e-05,3.06e-05,1,1
ttfs_M4_local-pool_dedicated,1,3,25,0,152,2.4e-05,,0,0
ttfs_M4_local-pool_dedicated,1,3,25,1,153,2.4e-05,,0,0
ttfs_M4_local-pool_dedicated,1,3,25,2,154,2.4e-05,,0,0
ttfs_M4_local-pool_dedicated,1,3,25,3,155,2.4e-05,,0,0
ttfs_M4_local-pool_dedicated,1,3,26,0,280,2.4999999999999998e-05,3.0119999999999996e-05,1,1
ttfs_M4_local-pool_dedicated,1,3,26,1,281,2.4999999999999998e-05,3.0375999999999995e-05,1,1
ttfs_M4_local-pool_dedicated,1,3,26,2,282,2.4999999999999998e-05,3.1135999999999995e-05,1,1
ttfs_M4_local-pool_dedicated,1,3,26,3,283,2.4999999999999998e-05,3.0535999999999994e-05,1,1
ttfs_M4_local-pool_dedicated,1,3,27,0,408,2.4999999999999998e-05,3.0832e-05,1,1
ttfs_M4_local-pool_dedicated,1,3,27,1,409,2.4999999999999998e-05,3.065599999999999e-05,1,1
ttfs_M4_local-pool_dedicated,1,3,27,2,410,2.4999999999999998e-05,3.115999999999999e-05,1,1
ttfs_M4_local-pool_dedicated,1,3,27,3,411,2.4999999999999998e-05,2.9631999999999997e-05,1,1
ttfs_M4_local-pool_dedicated,1,3,28,0,28,2.4999999999999998e-05,3.0015999999999995e-05,1,1
ttfs_M4_local-pool_dedicated,1,3,28,1,29,2.4999999999999998e-05,3.0327999999999995e-05,1,1
ttfs_M4_local-pool_dedicated,1,3,28,2,30,2.4999999999999998e-05,3.0111999999999996e-05,1,1
ttfs_M4_local-pool_dedicated,1,3,28,3,31,2.4999999999999998e-05,3.0063999999999995e-05,1,1
ttfs_M4_local-pool_dedicated,1,3,29,0,156,2.4999999999999998e-05,3.0439999999999997e-05,1,1
ttfs_M4_local-pool_dedicated,1,3,29,1,157,2.4999999999999998e-05,2.9063999999999995e-05,1,1
ttfs_M4_local-pool_dedicated,1,3,29,2,158,2.4999999999999998e-05,2.9887999999999996e-05,1,1
ttfs_M4_local-pool_dedicated,1,3,29,3,159,2.4999999999999998e-05,2.9431999999999995e-05,1,1
ttfs_M4_local-pool_dedicated,1,4,0,0,0,2.3e-05,,0,0
ttfs_M4_local-pool_dedicated,1,4,0,1,1,2.3e-05,,0,0
ttfs_M4_local-pool_dedicated,1,4,0,2,2,2.3e-05,,0,0
ttfs_M4_local-pool_dedicated,1,4,0,3,3,2.3e-05,,0,0
ttfs_M4_local-pool_dedicated,1,4,1,0,128,2.4999999999999998e-05,,0,0
ttfs_M4_local-pool_dedicated,1,4,1,1,129,2.4999999999999998e-05,,0,0
ttfs_M4_local-pool_dedicated,1,4,1,2,130,2.4999999999999998e-05,,0,0
ttfs_M4_local-pool_dedicated,1,4,1,3,131,2.4999999999999998e-05,,0,0
ttfs_M4_local-pool_dedicated,1,4,2,0,256,2.4999999999999998e-05,,0,0
ttfs_M4_local-pool_dedicated,1,4,2,1,257,2.4999999999999998e-05,,0,0
ttfs_M4_local-pool_dedicated,1,4,2,2,258,2.4999999999999998e-05,,0,0
ttfs_M4_local-pool_dedicated,1,4,2,3,259,2.4999999999999998e-05,,0,0
ttfs_M4_local-pool_dedicated,1,4,3,0,384,2.4999999999999998e-05,,0,0
ttfs_M4_local-pool_dedicated,1,4,3,1,385,2.4999999999999998e-05,,0,0
ttfs_M4_local-pool_dedicated,1,4,3,2,386,2.4999999999999998e-05,,0,0
ttfs_M4_local-pool_dedicated,1,4,3,3,387,2.4999999999999998e-05,,0,0
ttfs_M4_local-pool_dedicated,1,4,4,0,4,2.4999999999999998e-05,3.1527999999999994e-05,1,1
ttfs_M4_local-pool_dedicated,1,4,4,1,5,2.4999999999999998e-05,,0,0
ttfs_M4_local-pool_dedicated,1,4,4,2,6,2.4999999999999998e-05,,0,0
ttfs_M4_local-pool_dedicated,1,4,4,3,7,2.4999999999999998e-05,,0,0
ttfs_M4_local-pool_dedicated,1,4,5,0,132,2.4e-05,,0,0
ttfs_M4_local-pool_dedicated,1,4,5,1,133,2.4e-05,,0,0
ttfs_M4_local-pool_dedicated,1,4,5,2,134,2.4e-05,,0,0
ttfs_M4_local-pool_dedicated,1,4,5,3,135,2.4e-05,,0,0
ttfs_M4_local-pool_dedicated,1,4,6,0,260,2.4999999999999998e-05,3.2256e-05,1,1
ttfs_M4_local-pool_dedicated,1,4,6,1,261,2.4999999999999998e-05,3.4087999999999996e-05,1,1
ttfs_M4_local-pool_dedicated,1,4,6,2,262,2.4999999999999998e-05,,0,0
ttfs_M4_local-pool_dedicated,1,4,6,3,263,2.4999999999999998e-05,,0,0
ttfs_M4_local-pool_dedicated,1,4,7,0,388,2.4999999999999998e-05,,0,0
ttfs_M4_local-pool_dedicated,1,4,7,1,389,2.4999999999999998e-05,,0,0
ttfs_M4_local-pool_dedicated,1,4,7,2,390,2.4999999999999998e-05,,0,0
ttfs_M4_local-pool_dedicated,1,4,7,3,391,2.4999999999999998e-05,3.3055999999999997e-05,1,1
ttfs_M4_local-pool_dedicated,1,4,8,0,8,2.4999999999999998e-05,,0,0
ttfs_M4_local-pool_dedicated,1,4,8,1,9,2.4999999999999998e-05,,0,0
ttfs_M4_local-pool_dedicated,1,4,8,2,10,2.4999999999999998e-05,3.2448e-05,1,1
ttfs_M4_local-pool_dedicated,1,4,8,3,11,2.4999999999999998e-05,,0,0
ttfs_M4_local-pool_dedicated,1,4,9,0,136,2.4e-05,,0,0
ttfs_M4_local-pool_dedicated,1,4,9,1,137,2.4e-05,,0,0
ttfs_M4_local-pool_dedicated,1,4,9,2,138,2.4e-05,,0,0
ttfs_M4_local-pool_dedicated,1,4,9,3,139,2.4e-05,,0,0
ttfs_M4_local-pool_dedicated,1,4,10,0,264,2.4999999999999998e-05,3.1752e-05,1,1
ttfs_M4_local-pool_dedicated,1,4,10,1,265,2.4999999999999998e-05,3.3023999999999994e-05,1,1
ttfs_M4_local-pool_dedicated,1,4,10,2,266,2.4999999999999998e-05,2.9975999999999996e-05,1,1
ttfs_M4_local-pool_dedicated,1,4,10,3,267,2.4999999999999998e-05,,0,0
ttfs_M4_local-pool_dedicated,1,4,11,0,392,1.9999999999999998e-05,,0,0
ttfs_M4_local-pool_dedicated,1,4,11,1,393,1.9999999999999998e-05,2.4519999999999996e-05,1,1
ttfs_M4_local-pool_dedicated,1,4,11,2,394,1.9999999999999998e-05,,0,0
ttfs_M4_local-pool_dedicated,1,4,11,3,395,1.9999999999999998e-05,2.5319999999999995e-05,1,1
ttfs_M4_local-pool_dedicated,1,4,12,0,12,2.4e-05,,0,0
ttfs_M4_local-pool_dedicated,1,4,12,1,13,2.4e-05,,0,0
ttfs_M4_local-pool_dedicated,1,4,12,2,14,2.4e-05,,0,0
ttfs_M4_local-pool_dedicated,1,4,12,3,15,2.4e-05,,0,0
ttfs_M4_local-pool_dedicated,1,4,13,0,140,2.4e-05,,0,0
ttfs_M4_local-pool_dedicated,1,4,13,1,141,2.4e-05,,0,0
ttfs_M4_local-pool_dedicated,1,4,13,2,142,2.4e-05,,0,0
ttfs_M4_local-pool_dedicated,1,4,13,3,143,2.4e-05,,0,0
ttfs_M4_local-pool_dedicated,1,4,14,0,268,2.4999999999999998e-05,3.2455999999999996e-05,1,1
ttfs_M4_local-pool_dedicated,1,4,14,1,269,2.4999999999999998e-05,3.228799999999999e-05,1,1
ttfs_M4_local-pool_dedicated,1,4,14,2,270,2.4999999999999998e-05,3.3527999999999995e-05,1,1
ttfs_M4_local-pool_dedicated,1,4,14,3,271,2.4999999999999998e-05,2.9855999999999997e-05,1,1
ttfs_M4_local-pool_dedicated,1,4,15,0,396,2.4999999999999998e-05,3.183999999999999e-05,1,1
ttfs_M4_local-pool_dedicated,1,4,15,1,397,2.4999999999999998e-05,3.0551999999999995e-05,1,1
ttfs_M4_local-pool_dedicated,1,4,15,2,398,2.4999999999999998e-05,3.273599999999999e-05,1,1
ttfs_M4_local-pool_dedicated,1,4,15,3,399,2.4999999999999998e-05,,0,0
ttfs_M4_local-pool_dedicated,1,4,16,0,16,2.4999999999999998e-05,3.359199999999999e-05,1,1
ttfs_M4_local-pool_dedicated,1,4,16,1,17,2.4999999999999998e-05,3.254399999999999e-05,1,1
ttfs_M4_local-pool_dedicated,1,4,16,2,18,2.4999999999999998e-05,3.2263999999999995e-05,1,1
ttfs_M4_local-pool_dedicated,1,4,16,3,19,2.4999999999999998e-05,3.123999999999999e-05,1,1
ttfs_M4_local-pool_dedicated,1,4,17,0,144,2.4999999999999998e-05,3.1447999999999994e-05,1,1
ttfs_M4_local-pool_dedicated,1,4,17,1,145,2.4999999999999998e-05,3.183999999999999e-05,1,1
ttfs_M4_local-pool_dedicated,1,4,17,2,146,2.4999999999999998e-05,3.1536e-05,1,1
ttfs_M4_local-pool_dedicated,1,4,17,3,147,2.4999999999999998e-05,,0,0
ttfs_M4_local-pool_dedicated,1,4,18,0,272,2.4e-05,,0,0
ttfs_M4_local-pool_dedicated,1,4,18,1,273,2.4e-05,,0,0
ttfs_M4_local-pool_dedicated,1,4,18,2,274,2.4e-05,,0,0
ttfs_M4_local-pool_dedicated,1,4,18,3,275,2.4e-05,,0,0
ttfs_M4_local-pool_dedicated,1,4,19,0,400,2.4999999999999998e-05,3.2343999999999994e-05,1,1
ttfs_M4_local-pool_dedicated,1,4,19,1,401,2.4999999999999998e-05,3.1895999999999994e-05,1,1
ttfs_M4_local-pool_dedicated,1,4,19,2,402,2.4999999999999998e-05,3.2919999999999997e-05,1,1
ttfs_M4_local-pool_dedicated,1,4,19,3,403,2.4999999999999998e-05,3.148e-05,1,1
ttfs_M4_local-pool_dedicated,1,4,20,0,20,2.4e-05,,0,0
ttfs_M4_local-pool_dedicated,1,4,20,1,21,2.4e-05,,0,0
ttfs_M4_local-pool_dedicated,1,4,20,2,22,2.4e-05,,0,0
ttfs_M4_local-pool_dedicated,1,4,20,3,23,2.4e-05,,0,0
ttfs_M4_local-pool_dedicated,1,4,21,0,148,2.2e-05,,0,0
ttfs_M4_local-pool_dedicated,1,4,21,1,149,2.2e-05,,0,0
ttfs_M4_local-pool_dedicated,1,4,21,2,150,2.2e-05,2.5255999999999997e-05,1,1
ttfs_M4_local-pool_dedicated,1,4,21,3,151,2.2e-05,,0,0
ttfs_M4_local-pool_dedicated,1,4,22,0,276,2.1e-05,,0,0
ttfs_M4_local-pool_dedicated,1,4,22,1,277,2.1e-05,2.6303999999999998e-05,1,1
ttfs_M4_local-pool_dedicated,1,4,22,2,278,2.1e-05,2.4823999999999995e-05,1,1
ttfs_M4_local-pool_dedicated,1,4,22,3,279,2.1e-05,2.6095999999999995e-05,1,1
ttfs_M4_local-pool_dedicated,1,4,23,0,404,2.4999999999999998e-05,3.1752e-05,1,1
ttfs_M4_local-pool_dedicated,1,4,23,1,405,2.4999999999999998e-05,3.1039999999999994e-05,1,1
ttfs_M4_local-pool_dedicated,1,4,23,2,406,2.4999999999999998e-05,3.057599999999999e-05,1,1
ttfs_M4_local-pool_dedicated,1,4,23,3,407,2.4999999999999998e-05,3.1559999999999996e-05,1,1
ttfs_M4_local-pool_dedicated,1,4,24,0,24,2.4999999999999998e-05,3.0591999999999994e-05,1,1
ttfs_M4_local-pool_dedicated,1,4,24,1,25,2.4999999999999998e-05,3.0383999999999996e-05,1,1
ttfs_M4_local-pool_dedicated,1,4,24,2,26,2.4999999999999998e-05,3.1111999999999996e-05,1,1
ttfs_M4_local-pool_dedicated,1,4,24,3,27,2.4999999999999998e-05,3.1456e-05,1,1
ttfs_M4_local-pool_dedicated,1,4,25,0,152,2.4999999999999998e-05,3.0463999999999995e-05,1,1
ttfs_M4_local-pool_dedicated,1,4,25,1,153,2.4999999999999998e-05,2.9967999999999995e-05,1,1
ttfs_M4_local-pool_dedicated,1,4,25,2,154,2.4999999999999998e-05,3.0607999999999996e-05,1,1
ttfs_M4_local-pool_dedicated,1,4,25,3,155,2.4999999999999998e-05,3.1327999999999995e-05,1,1
ttfs_M4_local-pool_dedicated,1,4,26,0,280,2.4999999999999998e-05,3.0423999999999995e-05,1,1
ttfs_M4_local-pool_dedicated,1,4,26,1,281,2.4999999999999998e-05,3.0495999999999994e-05,1,1
ttfs_M4_local-pool_dedicated,1,4,26,2,282,2.4999999999999998e-05,3.1071999999999997e-05,1,1
ttfs_M4_local-pool_dedicated,1,4,26,3,283,2.4999999999999998e-05,3.0631999999999994e-05,1,1
ttfs_M4_local-pool_dedicated,1,4,27,0,408,2.4999999999999998e-05,3.1175999999999994e-05,1,1
ttfs_M4_local-pool_dedicated,1,4,27,1,409,2.4999999999999998e-05,3.1215999999999994e-05,1,1
ttfs_M4_local-pool_dedicated,1,4,27,2,410,2.4999999999999998e-05,3.1543999999999995e-05,1,1
ttfs_M4_local-pool_dedicated,1,4,27,3,411,2.4999999999999998e-05,2.9759999999999996e-05,1,1
ttfs_M4_local-pool_dedicated,1,4,28,0,28,2.4999999999999998e-05,3.0111999999999996e-05,1,1
ttfs_M4_local-pool_dedicated,1,4,28,1,29,2.4999999999999998e-05,3.0407999999999994e-05,1,1
ttfs_M4_local-pool_dedicated,1,4,28,2,30,2.4999999999999998e-05,3.0095999999999994e-05,1,1
ttfs_M4_local-pool_dedicated,1,4,28,3,31,2.4999999999999998e-05,3.0023999999999996e-05,1,1
ttfs_M4_local-pool_dedicated,1,4,29,0,156,2.4999999999999998e-05,3.0544e-05,1,1
ttfs_M4_local-pool_dedicated,1,4,29,1,157,2.4999999999999998e-05,2.9183999999999997e-05,1,1
ttfs_M4_local-pool_dedicated,1,4,29,2,158,2.4999999999999998e-05,3.0167999999999996e-05,1,1
ttfs_M4_local-pool_dedicated,1,4,29,3,159,2.4999999999999998e-05,2.9583999999999997e-05,1,1
ttfs_M4_local-pool_dedicated,1,5,0,0,0,1.7e-05,2.0831999999999996e-05,1,1
ttfs_M4_local-pool_dedicated,1,5,0,1,1,1.7e-05,2.2079999999999995e-05,1,1
ttfs_M4_local-pool_dedicated,1,5,0,2,2,1.7e-05,2.1463999999999996e-05,1,1
ttfs_M4_local-pool_dedicated,1,5,0,3,3,1.7e-05,2.1391999999999998e-05,1,1
ttfs_M4_local-pool_dedicated,1,5,1,0,128,1.9999999999999998e-05,,0,0
ttfs_M4_local-pool_dedicated,1,5,1,1,129,1.9999999999999998e-05,,0,0
ttfs_M4_local-pool_dedicated,1,5,1,2,130,1.9999999999999998e-05,,0,0
ttfs_M4_local-pool_dedicated,1,5,1,3,131,1.9999999999999998e-05,,0,0
ttfs_M4_local-pool_dedicated,1,5,2,0,256,2.4e-05,,0,0
ttfs_M4_local-pool_dedicated,1,5,2,1,257,2.4e-05,2.9903999999999997e-05,1,1
ttfs_M4_local-pool_dedicated,1,5,2,2,258,2.4e-05,,0,0
ttfs_M4_local-pool_dedicated,1,5,2,3,259,2.4e-05,,0,0
ttfs_M4_local-pool_dedicated,1,5,3,0,384,2.4999999999999998e-05,,0,0
ttfs_M4_local-pool_dedicated,1,5,3,1,385,2.4999999999999998e-05,,0,0
ttfs_M4_local-pool_dedicated,1,5,3,2,386,2.4999999999999998e-05,,0,0
ttfs_M4_local-pool_dedicated,1,5,3,3,387,2.4999999999999998e-05,3.3736e-05,1,1
ttfs_M4_local-pool_dedicated,1,5,4,0,4,2.4e-05,2.8919999999999994e-05,1,1
ttfs_M4_local-pool_dedicated,1,5,4,1,5,2.4e-05,3.1008e-05,1,1
ttfs_M4_local-pool_dedicated,1,5,4,2,6,2.4e-05,,0,0
ttfs_M4_local-pool_dedicated,1,5,4,3,7,2.4e-05,,0,0
ttfs_M4_local-pool_dedicated,1,5,5,0,132,1.9999999999999998e-05,,0,0
ttfs_M4_local-pool_dedicated,1,5,5,1,133,1.9999999999999998e-05,,0,0
ttfs_M4_local-pool_dedicated,1,5,5,2,134,1.9999999999999998e-05,,0,0
ttfs_M4_local-pool_dedicated,1,5,5,3,135,1.9999999999999998e-05,,0,0
ttfs_M4_local-pool_dedicated,1,5,6,0,260,1.8999999999999998e-05,2.3703999999999995e-05,1,1
ttfs_M4_local-pool_dedicated,1,5,6,1,261,1.8999999999999998e-05,2.4095999999999998e-05,1,1
ttfs_M4_local-pool_dedicated,1,5,6,2,262,1.8999999999999998e-05,,0,0
ttfs_M4_local-pool_dedicated,1,5,6,3,263,1.8999999999999998e-05,2.5407999999999998e-05,1,1
ttfs_M4_local-pool_dedicated,1,5,7,0,388,2.4999999999999998e-05,3.1592e-05,1,1
ttfs_M4_local-pool_dedicated,1,5,7,1,389,2.4999999999999998e-05,3.3079999999999995e-05,1,1
ttfs_M4_local-pool_dedicated,1,5,7,2,390,2.4999999999999998e-05,3.1032e-05,1,1
ttfs_M4_local-pool_dedicated,1,5,7,3,391,2.4999999999999998e-05,3.1128e-05,1,1
ttfs_M4_local-pool_dedicated,1,5,8,0,8,2.4999999999999998e-05,3.5175999999999997e-05,1,1
ttfs_M4_local-pool_dedicated,1,5,8,1,9,2.4999999999999998e-05,,0,0
ttfs_M4_local-pool_dedicated,1,5,8,2,10,2.4999999999999998e-05,3.129599999999999e-05,1,1
ttfs_M4_local-pool_dedicated,1,5,8,3,11,2.4999999999999998e-05,,0,0
ttfs_M4_local-pool_dedicated,1,5,9,0,136,2.2e-05,,0,0
ttfs_M4_local-pool_dedicated,1,5,9,1,137,2.2e-05,2.9655999999999995e-05,1,1
ttfs_M4_local-pool_dedicated,1,5,9,2,138,2.2e-05,,0,0
ttfs_M4_local-pool_dedicated,1,5,9,3,139,2.2e-05,,0,0
ttfs_M4_local-pool_dedicated,1,5,10,0,264,2.4999999999999998e-05,3.0351999999999997e-05,1,1
ttfs_M4_local-pool_dedicated,1,5,10,1,265,2.4999999999999998e-05,3.1616e-05,1,1
ttfs_M4_local-pool_dedicated,1,5,10,2,266,2.4999999999999998e-05,2.9295999999999995e-05,1,1
ttfs_M4_local-pool_dedicated,1,5,10,3,267,2.4999999999999998e-05,3.2896e-05,1,1
ttfs_M4_local-pool_dedicated,1,5,11,0,392,2.4e-05,,0,0
ttfs_M4_local-pool_dedicated,1,5,11,1,393,2.4e-05,,0,0
ttfs_M4_local-pool_dedicated,1,5,11,2,394,2.4e-05,,0,0
ttfs_M4_local-pool_dedicated,1,5,11,3,395,2.4e-05,,0,0
ttfs_M4_local-pool_dedicated,1,5,12,0,12,2.4999999999999998e-05,3.0167999999999996e-05,1,1
ttfs_M4_local-pool_dedicated,1,5,12,1,13,2.4999999999999998e-05,3.1552e-05,1,1
ttfs_M4_local-pool_dedicated,1,5,12,2,14,2.4999999999999998e-05,2.9863999999999997e-05,1,1
ttfs_M4_local-pool_dedicated,1,5,12,3,15,2.4999999999999998e-05,3.197599999999999e-05,1,1
ttfs_M4_local-pool_dedicated,1,5,13,0,140,1.9999999999999998e-05,2.5775999999999995e-05,1,1
ttfs_M4_local-pool_dedicated,1,5,13,1,141,1.9999999999999998e-05,2.5679999999999995e-05,1,1
ttfs_M4_local-pool_dedicated,1,5,13,2,142,1.9999999999999998e-05,,0,0
ttfs_M4_local-pool_dedicated,1,5,13,3,143,1.9999999999999998e-05,2.5151999999999996e-05,1,1
ttfs_M4_local-pool_dedicated,1,5,14,0,268,2.2e-05,,0,0
ttfs_M4_local-pool_dedicated,1,5,14,1,269,2.2e-05,,0,0
ttfs_M4_local-pool_dedicated,1,5,14,2,270,2.2e-05,,0,0
ttfs_M4_local-pool_dedicated,1,5,14,3,271,2.2e-05,2.5415999999999995e-05,1,1
ttfs_M4_local-pool_dedicated,1,5,15,0,396,2.4999999999999998e-05,3.0143999999999995e-05,1,1
ttfs_M4_local-pool_dedicated,1,5,15,1,397,2.4999999999999998e-05,2.9503999999999997e-05,1,1
ttfs_M4_local-pool_dedicated,1,5,15,2,398,2.4999999999999998e-05,3.1008e-05,1,1
ttfs_M4_local-pool_dedicated,1,5,15,3,399,2.4999999999999998e-05,3.2263999999999995e-05,1,1
ttfs_M4_local-pool_dedicated,1,5,16,0,16,2.2e-05,,0,0
ttfs_M4_local-pool_dedicated,1,5,16,1,17,2.2e-05,,0,0
ttfs_M4_local-pool_dedicated,1,5,16,2,18,2.2e-05,,0,0
ttfs_M4_local-pool_dedicated,1,5,16,3,19,2.2e-05,,0,0
ttfs_M4_local-pool_dedicated,1,5,17,0,144,1.9999999999999998e-05,2.6647999999999996e-05,1,1
ttfs_M4_local-pool_dedicated,1,5,17,1,145,1.9999999999999998e-05,,0,0
ttfs_M4_local-pool_dedicated,1,5,17,2,146,1.9999999999999998e-05,2.6519999999999997e-05,1,1
ttfs_M4_local-pool_dedicated,1,5,17,3,147,1.9999999999999998e-05,,0,0
ttfs_M4_local-pool_dedicated,1,5,18,0,272,2.2e-05,2.6535999999999995e-05,1,1
ttfs_M4_local-pool_dedicated,1,5,18,1,273,2.2e-05,2.6991999999999995e-05,1,1
ttfs_M4_local-pool_dedicated,1,5,18,2,274,2.2e-05,2.7703999999999998e-05,1,1
ttfs_M4_local-pool_dedicated,1,5,18,3,275,2.2e-05,2.6767999999999995e-05,1,1
ttfs_M4_local-pool_dedicated,1,5,19,0,400,2.2e-05,,0,0
ttfs_M4_local-pool_dedicated,1,5,19,1,401,2.2e-05,,0,0
ttfs_M4_local-pool_dedicated,1,5,19,2,402,2.2e-05,,0,0
ttfs_M4_local-pool_dedicated,1,5,19,3,403,2.2e-05,2.8471999999999994e-05,1,1
ttfs_M4_local-pool_dedicated,1,5,20,0,20,2.2e-05,,0,0
ttfs_M4_local-pool_dedicated,1,5,20,1,21,2.2e-05,3.0415999999999995e-05,1,1
ttfs_M4_local-pool_dedicated,1,5,20,2,22,2.2e-05,,0,0
ttfs_M4_local-pool_dedicated,1,5,20,3,23,2.2e-05,,0,0
ttfs_M4_local-pool_dedicated,1,5,21,0,148,1.9999999999999998e-05,,0,0
ttfs_M4_local-pool_dedicated,1,5,21,1,149,1.9999999999999998e-05,,0,0
ttfs_M4_local-pool_dedicated,1,5,21,2,150,1.9999999999999998e-05,2.3679999999999997e-05,1,1
ttfs_M4_local-pool_dedicated,1,5,21,3,151,1.9999999999999998e-05,2.5239999999999996e-05,1,1
ttfs_M4_local-pool_dedicated,1,5,22,0,276,2.4999999999999998e-05,3.0591999999999994e-05,1,1
ttfs_M4_local-pool_dedicated,1,5,22,1,277,2.4999999999999998e-05,3.1264e-05,1,1
ttfs_M4_local-pool_dedicated,1,5,22,2,278,2.4999999999999998e-05,2.9735999999999994e-05,1,1
ttfs_M4_local-pool_dedicated,1,5,22,3,279,2.4999999999999998e-05,3.0823999999999995e-05,1,1
ttfs_M4_local-pool_dedicated,1,5,23,0,404,2.4999999999999998e-05,3.1351999999999994e-05,1,1
ttfs_M4_local-pool_dedicated,1,5,23,1,405,2.4999999999999998e-05,3.0527999999999996e-05,1,1
ttfs_M4_local-pool_dedicated,1,5,23,2,406,2.4999999999999998e-05,3.0071999999999996e-05,1,1
ttfs_M4_local-pool_dedicated,1,5,23,3,407,2.4999999999999998e-05,3.1111999999999996e-05,1,1
ttfs_M4_local-pool_dedicated,1,5,24,0,24,2.4999999999999998e-05,3.0047999999999994e-05,1,1
ttfs_M4_local-pool_dedicated,1,5,24,1,25,2.4999999999999998e-05,2.9823999999999994e-05,1,1
ttfs_M4_local-pool_dedicated,1,5,24,2,26,2.4999999999999998e-05,3.0375999999999995e-05,1,1
ttfs_M4_local-pool_dedicated,1,5,24,3,27,2.4999999999999998e-05,3.0495999999999994e-05,1,1
ttfs_M4_local-pool_dedicated,1,5,25,0,152,1.9999999999999998e-05,2.4943999999999997e-05,1,1
ttfs_M4_local-pool_dedicated,1,5,25,1,153,1.9999999999999998e-05,2.4343999999999996e-05,1,1
ttfs_M4_local-pool_dedicated,1,5,25,2,154,1.9999999999999998e-05,2.5727999999999995e-05,1,1
ttfs_M4_local-pool_dedicated,1,5,25,3,155,1.9999999999999998e-05,,0,0
ttfs_M4_local-pool_dedicated,1,5,26,0,280,2.4999999999999998e-05,2.9927999999999995e-05,1,1
ttfs_M4_local-pool_dedicated,1,5,26,1,281,2.4999999999999998e-05,3.0031999999999996e-05,1,1
ttfs_M4_local-pool_dedicated,1,5,26,2,282,2.4999999999999998e-05,3.0856e-05,1,1
ttfs_M4_local-pool_dedicated,1,5,26,3,283,2.4999999999999998e-05,3.0279999999999995e-05,1,1
ttfs_M4_local-pool_dedicated,1,5,27,0,408,2.4999999999999998e-05,3.0823999999999995e-05,1,1
ttfs_M4_local-pool_dedicated,1,5,27,1,409,2.4999999999999998e-05,3.06e-05,1,1
ttfs_M4_local-pool_dedicated,1,5,27,2,410,2.4999999999999998e-05,3.1071999999999997e-05,1,1
ttfs_M4_local-pool_dedicated,1,5,27,3,411,2.4999999999999998e-05,2.9375999999999995e-05,1,1
ttfs_M4_local-pool_dedicated,1,5,28,0,28,2.4999999999999998e-05,2.9831999999999995e-05,1,1
ttfs_M4_local-pool_dedicated,1,5,28,1,29,2.4999999999999998e-05,3.0199999999999995e-05,1,1
ttfs_M4_local-pool_dedicated,1,5,28,2,30,2.4999999999999998e-05,2.9599999999999994e-05,1,1
ttfs_M4_local-pool_dedicated,1,5,28,3,31,2.4999999999999998e-05,2.9503999999999997e-05,1,1
ttfs_M4_local-pool_dedicated,1,5,29,0,156,2.4999999999999998e-05,3.0359999999999994e-05,1,1
ttfs_M4_local-pool_dedicated,1,5,29,1,157,2.4999999999999998e-05,2.8759999999999996e-05,1,1
ttfs_M4_local-pool_dedicated,1,5,29,2,158,2.4999999999999998e-05,2.9775999999999994e-05,1,1
ttfs_M4_local-pool_dedicated,1,5,29,3,159,2.4999999999999998e-05,2.9135999999999997e-05,1,1
ttfs_M4_local-pool_dedicated,1,6,0,0,0,2.1e-05,,0,0
ttfs_M4_local-pool_dedicated,1,6,0,1,1,2.1e-05,,0,0
ttfs_M4_local-pool_dedicated,1,6,0,2,2,2.1e-05,,0,0
ttfs_M4_local-pool_dedicated,1,6,0,3,3,2.1e-05,,0,0
ttfs_M4_local-pool_dedicated,1,6,1,0,128,2.1e-05,,0,0
ttfs_M4_local-pool_dedicated,1,6,1,1,129,2.1e-05,,0,0
ttfs_M4_local-pool_dedicated,1,6,1,2,130,2.1e-05,,0,0
ttfs_M4_local-pool_dedicated,1,6,1,3,131,2.1e-05,,0,0
ttfs_M4_local-pool_dedicated,1,6,2,0,256,2.4999999999999998e-05,,0,0
ttfs_M4_local-pool_dedicated,1,6,2,1,257,2.4999999999999998e-05,3.2024e-05,1,1
ttfs_M4_local-pool_dedicated,1,6,2,2,258,2.4999999999999998e-05,,0,0
ttfs_M4_local-pool_dedicated,1,6,2,3,259,2.4999999999999998e-05,,0,0
ttfs_M4_local-pool_dedicated,1,6,3,0,384,2.4999999999999998e-05,,0,0
ttfs_M4_local-pool_dedicated,1,6,3,1,385,2.4999999999999998e-05,,0,0
ttfs_M4_local-pool_dedicated,1,6,3,2,386,2.4999999999999998e-05,,0,0
ttfs_M4_local-pool_dedicated,1,6,3,3,387,2.4999999999999998e-05,,0,0
ttfs_M4_local-pool_dedicated,1,6,4,0,4,2.4999999999999998e-05,3.0807999999999994e-05,1,1
ttfs_M4_local-pool_dedicated,1,6,4,1,5,2.4999999999999998e-05,3.3464e-05,1,1
ttfs_M4_local-pool_dedicated,1,6,4,2,6,2.4999999999999998e-05,,0,0
ttfs_M4_local-pool_dedicated,1,6,4,3,7,2.4999999999999998e-05,,0,0
ttfs_M4_local-pool_dedicated,1,6,5,0,132,2.2e-05,,0,0
ttfs_M4_local-pool_dedicated,1,6,5,1,133,2.2e-05,,0,0
ttfs_M4_local-pool_dedicated,1,6,5,2,134,2.2e-05,,0,0
ttfs_M4_local-pool_dedicated,1,6,5,3,135,2.2e-05,,0,0
ttfs_M4_local-pool_dedicated,1,6,6,0,260,2.4999999999999998e-05,3.1759999999999994e-05,1,1
ttfs_M4_local-pool_dedicated,1,6,6,1,261,2.4999999999999998e-05,3.2528e-05,1,1
ttfs_M4_local-pool_dedicated,1,6,6,2,262,2.4999999999999998e-05,,0,0
ttfs_M4_local-pool_dedicated,1,6,6,3,263,2.4999999999999998e-05,3.4495999999999996e-05,1,1
ttfs_M4_local-pool_dedicated,1,6,7,0,388,2.4999999999999998e-05,3.2312e-05,1,1
ttfs_M4_local-pool_dedicated,1,6,7,1,389,2.4999999999999998e-05,,0,0
ttfs_M4_local-pool_dedicated,1,6,7,2,390,2.4999999999999998e-05,3.1719999999999994e-05,1,1
ttfs_M4_local-pool_dedicated,1,6,7,3,391,2.4999999999999998e-05,3.170399999999999e-05,1,1
ttfs_M4_local-pool_dedicated,1,6,8,0,8,2.4999999999999998e-05,,0,0
ttfs_M4_local-pool_dedicated,1,6,8,1,9,2.4999999999999998e-05,,0,0
ttfs_M4_local-pool_dedicated,1,6,8,2,10,2.4999999999999998e-05,3.1728e-05,1,1
ttfs_M4_local-pool_dedicated,1,6,8,3,11,2.4999999999999998e-05,,0,0
ttfs_M4_local-pool_dedicated,1,6,9,0,136,2.2e-05,,0,0
ttfs_M4_local-pool_dedicated,1,6,9,1,137,2.2e-05,2.7575999999999995e-05,1,1
ttfs_M4_local-pool_dedicated,1,6,9,2,138,2.2e-05,,0,0
ttfs_M4_local-pool_dedicated,1,6,9,3,139,2.2e-05,,0,0
ttfs_M4_local-pool_dedicated,1,6,10,0,264,2.4999999999999998e-05,3.0935999999999997e-05,1,1
ttfs_M4_local-pool_dedicated,1,6,10,1,265,2.4999999999999998e-05,3.1904e-05,1,1
ttfs_M4_local-pool_dedicated,1,6,10,2,266,2.4999999999999998e-05,2.9615999999999996e-05,1,1
ttfs_M4_local-pool_dedicated,1,6,10,3,267,2.4999999999999998e-05,3.4416e-05,1,1
ttfs_M4_local-pool_dedicated,1,6,11,0,392,2.4999999999999998e-05,3.466399999999999e-05,1,1
ttfs_M4_local-pool_dedicated,1,6,11,1,393,2.4999999999999998e-05,3.1231999999999995e-05,1,1
ttfs_M4_local-pool_dedicated,1,6,11,2,394,2.4999999999999998e-05,3.2143999999999996e-05,1,1
ttfs_M4_local-pool_dedicated,1,6,11,3,395,2.4999999999999998e-05,3.160799999999999e-05,1,1
ttfs_M4_local-pool_dedicated,1,6,12,0,12,2.4999999999999998e-05,3.0111999999999996e-05,1,1
ttfs_M4_local-pool_dedicated,1,6,12,1,13,2.4999999999999998e-05,3.1344e-05,1,1
ttfs_M4_local-pool_dedicated,1,6,12,2,14,2.4999999999999998e-05,3.0031999999999996e-05,1,1
ttfs_M4_local-pool_dedicated,1,6,12,3,15,2.4999999999999998e-05,3.2647999999999996e-05,1,1
ttfs_M4_local-pool_dedicated,1,6,13,0,140,2.2e-05,2.8127999999999996e-05,1,1
ttfs_M4_local-pool_dedicated,1,6,13,1,141,2.2e-05,2.7031999999999995e-05,1,1
ttfs_M4_local-pool_dedicated,1,6,13,2,142,2.2e-05,,0,0
ttfs_M4_local-pool_dedicated,1,6,13,3,143,2.2e-05,2.6223999999999995e-05,1,1
ttfs_M4_local-pool_dedicated,1,6,14,0,268,2.1e-05,,0,0
ttfs_M4_local-pool_dedicated,1,6,14,1,269,2.1e-05,,0,0
ttfs_M4_local-pool_dedicated,1,6,14,2,270,2.1e-05,,0,0
ttfs_M4_local-pool_dedicated,1,6,14,3,271,2.1e-05,,0,0
ttfs_M4_local-pool_dedicated,1,6,15,0,396,2.4999999999999998e-05,3.056e-05,1,1
ttfs_M4_local-pool_dedicated,1,6,15,1,397,2.4999999999999998e-05,2.9807999999999996e-05,1,1
ttfs_M4_local-pool_dedicated,1,6,15,2,398,2.4999999999999998e-05,3.1503999999999995e-05,1,1
ttfs_M4_local-pool_dedicated,1,6,15,3,399,2.4999999999999998e-05,3.2448e-05,1,1
ttfs_M4_local-pool_dedicated,1,6,16,0,16,1.9999999999999998e-05,,0,0
ttfs_M4_local-pool_dedicated,1,6,16,1,17,1.9999999999999998e-05,,0,0
ttfs_M4_local-pool_dedicated,1,6,16,2,18,1.9999999999999998e-05,,0,0
ttfs_M4_local-pool_dedicated,1,6,16,3,19,1.9999999999999998e-05,,0,0
ttfs_M4_local-pool_dedicated,1,6,17,0,144,2.4999999999999998e-05,3.0879999999999996e-05,1,1
ttfs_M4_local-pool_dedicated,1,6,17,1,145,2.4999999999999998e-05,3.1255999999999993e-05,1,1
ttfs_M4_local-pool_dedicated,1,6,17,2,146,2.4999999999999998e-05,3.0919999999999995e-05,1,1
ttfs_M4_local-pool_dedicated,1,6,17,3,147,2.4999999999999998e-05,3.344e-05,1,1
ttfs_M4_local-pool_dedicated,1,6,18,0,272,2.2e-05,2.6159999999999997e-05,1,1
ttfs_M4_local-pool_dedicated,1,6,18,1,273,2.2e-05,2.5983999999999997e-05,1,1
ttfs_M4_local-pool_dedicated,1,6,18,2,274,2.2e-05,2.8423999999999998e-05,1,1
ttfs_M4_local-pool_dedicated,1,6,18,3,275,2.2e-05,2.6167999999999997e-05,1,1
ttfs_M4_local-pool_dedicated,1,6,19,0,400,1.9999999999999998e-05,,0,0
ttfs_M4_local-pool_dedicated,1,6,19,1,401,1.9999999999999998e-05,,0,0
ttfs_M4_local-pool_dedicated,1,6,19,2,402,1.9999999999999998e-05,,0,0
ttfs_M4_local-pool_dedicated,1,6,19,3,403,1.9999999999999998e-05,,0,0
ttfs_M4_local-pool_dedicated,1,6,20,0,20,2.2e-05,,0,0
ttfs_M4_local-pool_dedicated,1,6,20,1,21,2.2e-05,,0,0
ttfs_M4_local-pool_dedicated,1,6,20,2,22,2.2e-05,,0,0
ttfs_M4_local-pool_dedicated,1,6,20,3,23,2.2e-05,,0,0
ttfs_M4_local-pool_dedicated,1,6,21,0,148,2.1e-05,,0,0
ttfs_M4_local-pool_dedicated,1,6,21,1,149,2.1e-05,,0,0
ttfs_M4_local-pool_dedicated,1,6,21,2,150,2.1e-05,2.4895999999999997e-05,1,1
ttfs_M4_local-pool_dedicated,1,6,21,3,151,2.1e-05,2.6975999999999997e-05,1,1
ttfs_M4_local-pool_dedicated,1,6,22,0,276,2.4e-05,,0,0
ttfs_M4_local-pool_dedicated,1,6,22,1,277,2.4e-05,,0,0
ttfs_M4_local-pool_dedicated,1,6,22,2,278,2.4e-05,3.0087999999999997e-05,1,1
ttfs_M4_local-pool_dedicated,1,6,22,3,279,2.4e-05,,0,0
ttfs_M4_local-pool_dedicated,1,6,23,0,404,2.1e-05,,0,0
ttfs_M4_local-pool_dedicated,1,6,23,1,405,2.1e-05,,0,0
ttfs_M4_local-pool_dedicated,1,6,23,2,406,2.1e-05,2.6519999999999997e-05,1,1
ttfs_M4_local-pool_dedicated,1,6,23,3,407,2.1e-05,,0,0
ttfs_M4_local-pool_dedicated,1,6,24,0,24,2.4999999999999998e-05,3.0351999999999997e-05,1,1
ttfs_M4_local-pool_dedicated,1,6,24,1,25,2.4999999999999998e-05,3.0287999999999995e-05,1,1
ttfs_M4_local-pool_dedicated,1,6,24,2,26,2.4999999999999998e-05,3.088799999999999e-05,1,1
ttfs_M4_local-pool_dedicated,1,6,24,3,27,2.4999999999999998e-05,3.1015999999999996e-05,1,1
ttfs_M4_local-pool_dedicated,1,6,25,0,152,2.4999999999999998e-05,3.0167999999999996e-05,1,1
ttfs_M4_local-pool_dedicated,1,6,25,1,153,2.4999999999999998e-05,2.9799999999999996e-05,1,1
ttfs_M4_local-pool_dedicated,1,6,25,2,154,2.4999999999999998e-05,3.071199999999999e-05,1,1
ttfs_M4_local-pool_dedicated,1,6,25,3,155,2.4999999999999998e-05,3.088799999999999e-05,1,1
ttfs_M4_local-pool_dedicated,1,6,26,0,280,2.4999999999999998e-05,3.0087999999999997e-05,1,1
ttfs_M4_local-pool_dedicated,1,6,26,1,281,2.4999999999999998e-05,3.0199999999999995e-05,1,1
ttfs_M4_local-pool_dedicated,1,6,26,2,282,2.4999999999999998e-05,3.0903999999999994e-05,1,1
ttfs_M4_local-pool_dedicated,1,6,26,3,283,2.4999999999999998e-05,3.0319999999999994e-05,1,1
ttfs_M4_local-pool_dedicated,1,6,27,0,408,2.4999999999999998e-05,3.115999999999999e-05,1,1
ttfs_M4_local-pool_dedicated,1,6,27,1,409,2.4999999999999998e-05,3.1008e-05,1,1
ttfs_M4_local-pool_dedicated,1,6,27,2,410,2.4999999999999998e-05,3.1391999999999994e-05,1,1
ttfs_M4_local-pool_dedicated,1,6,27,3,411,2.4999999999999998e-05,2.9607999999999995e-05,1,1
ttfs_M4_local-pool_dedicated,1,6,28,0,28,2.4999999999999998e-05,3.0015999999999995e-05,1,1
ttfs_M4_local-pool_dedicated,1,6,28,1,29,2.4999999999999998e-05,3.0359999999999994e-05,1,1
ttfs_M4_local-pool_dedicated,1,6,28,2,30,2.4999999999999998e-05,3.0039999999999997e-05,1,1
ttfs_M4_local-pool_dedicated,1,6,28,3,31,2.4999999999999998e-05,3.0039999999999997e-05,1,1
ttfs_M4_local-pool_dedicated,1,6,29,0,156,2.4999999999999998e-05,3.064e-05,1,1
ttfs_M4_local-pool_dedicated,1,6,29,1,157,2.4999999999999998e-05,2.9079999999999996e-05,1,1
ttfs_M4_local-pool_dedicated,1,6,29,2,158,2.4999999999999998e-05,3.0111999999999996e-05,1,1
ttfs_M4_local-pool_dedicated,1,6,29,3,159,2.4999999999999998e-05,2.9543999999999997e-05,1,1
ttfs_M4_local-pool_dedicated,1,7,0,0,0,2.2e-05,,0,0
ttfs_M4_local-pool_dedicated,1,7,0,1,1,2.2e-05,,0,0
ttfs_M4_local-pool_dedicated,1,7,0,2,2,2.2e-05,,0,0
ttfs_M4_local-pool_dedicated,1,7,0,3,3,2.2e-05,,0,0
ttfs_M4_local-pool_dedicated,1,7,1,0,128,2.4999999999999998e-05,,0,0
ttfs_M4_local-pool_dedicated,1,7,1,1,129,2.4999999999999998e-05,,0,0
ttfs_M4_local-pool_dedicated,1,7,1,2,130,2.4999999999999998e-05,,0,0
ttfs_M4_local-pool_dedicated,1,7,1,3,131,2.4999999999999998e-05,,0,0
ttfs_M4_local-pool_dedicated,1,7,2,0,256,2.3e-05,,0,0
ttfs_M4_local-pool_dedicated,1,7,2,1,257,2.3e-05,,0,0
ttfs_M4_local-pool_dedicated,1,7,2,2,258,2.3e-05,,0,0
ttfs_M4_local-pool_dedicated,1,7,2,3,259,2.3e-05,,0,0
ttfs_M4_local-pool_dedicated,1,7,3,0,384,2.4999999999999998e-05,,0,0
ttfs_M4_local-pool_dedicated,1,7,3,1,385,2.4999999999999998e-05,,0,0
ttfs_M4_local-pool_dedicated,1,7,3,2,386,2.4999999999999998e-05,,0,0
ttfs_M4_local-pool_dedicated,1,7,3,3,387,2.4999999999999998e-05,,0,0
ttfs_M4_local-pool_dedicated,1,7,4,0,4,2.4999999999999998e-05,3.2071999999999994e-05,1,1
ttfs_M4_local-pool_dedicated,1,7,4,1,5,2.4999999999999998e-05,,0,0
ttfs_M4_local-pool_dedicated,1,7,4,2,6,2.4999999999999998e-05,,0,0
ttfs_M4_local-pool_dedicated,1,7,4,3,7,2.4999999999999998e-05,,0,0
ttfs_M4_local-pool_dedicated,1,7,5,0,132,2.4e-05,,0,0
ttfs_M4_local-pool_dedicated,1,7,5,1,133,2.4e-05,,0,0
ttfs_M4_local-pool_dedicated,1,7,5,2,134,2.4e-05,,0,0
ttfs_M4_local-pool_dedicated,1,7,5,3,135,2.4e-05,,0,0
ttfs_M4_local-pool_dedicated,1,7,6,0,260,2.4999999999999998e-05,3.3703999999999994e-05,1,1
ttfs_M4_local-pool_dedicated,1,7,6,1,261,2.4999999999999998e-05,,0,0
ttfs_M4_local-pool_dedicated,1,7,6,2,262,2.4999999999999998e-05,,0,0
ttfs_M4_local-pool_dedicated,1,7,6,3,263,2.4999999999999998e-05,,0,0
ttfs_M4_local-pool_dedicated,1,7,7,0,388,2.4999999999999998e-05,,0,0
ttfs_M4_local-pool_dedicated,1,7,7,1,389,2.4999999999999998e-05,,0,0
ttfs_M4_local-pool_dedicated,1,7,7,2,390,2.4999999999999998e-05,,0,0
ttfs_M4_local-pool_dedicated,1,7,7,3,391,2.4999999999999998e-05,,0,0
ttfs_M4_local-pool_dedicated,1,7,8,0,8,2.4999999999999998e-05,,0,0
ttfs_M4_local-pool_dedicated,1,7,8,1,9,2.4999999999999998e-05,,0,0
ttfs_M4_local-pool_dedicated,1,7,8,2,10,2.4999999999999998e-05,,0,0
ttfs_M4_local-pool_dedicated,1,7,8,3,11,2.4999999999999998e-05,,0,0
ttfs_M4_local-pool_dedicated,1,7,9,0,136,2.4e-05,,0,0
ttfs_M4_local-pool_dedicated,1,7,9,1,137,2.4e-05,,0,0
ttfs_M4_local-pool_dedicated,1,7,9,2,138,2.4e-05,,0,0
ttfs_M4_local-pool_dedicated,1,7,9,3,139,2.4e-05,,0,0
ttfs_M4_local-pool_dedicated,1,7,10,0,264,2.4999999999999998e-05,3.1855999999999995e-05,1,1
ttfs_M4_local-pool_dedicated,1,7,10,1,265,2.4999999999999998e-05,3.452799999999999e-05,1,1
ttfs_M4_local-pool_dedicated,1,7,10,2,266,2.4999999999999998e-05,3.0263999999999997e-05,1,1
ttfs_M4_local-pool_dedicated,1,7,10,3,267,2.4999999999999998e-05,,0,0
ttfs_M4_local-pool_dedicated,1,7,11,0,392,2.2e-05,,0,0
ttfs_M4_local-pool_dedicated,1,7,11,1,393,2.2e-05,,0,0
ttfs_M4_local-pool_dedicated,1,7,11,2,394,2.2e-05,,0,0
ttfs_M4_local-pool_dedicated,1,7,11,3,395,2.2e-05,,0,0
ttfs_M4_local-pool_dedicated,1,7,12,0,12,2.2e-05,2.7943999999999995e-05,1,1
ttfs_M4_local-pool_dedicated,1,7,12,1,13,2.2e-05,,0,0
ttfs_M4_local-pool_dedicated,1,7,12,2,14,2.2e-05,,0,0
ttfs_M4_local-pool_dedicated,1,7,12,3,15,2.2e-05,,0,0
ttfs_M4_local-pool_dedicated,1,7,13,0,140,2.4e-05,,0,0
ttfs_M4_local-pool_dedicated,1,7,13,1,141,2.4e-05,,0,0
ttfs_M4_local-pool_dedicated,1,7,13,2,142,2.4e-05,,0,0
ttfs_M4_local-pool_dedicated,1,7,13,3,143,2.4e-05,,0,0
ttfs_M4_local-pool_dedicated,1,7,14,0,268,2.4999999999999998e-05,3.2223999999999995e-05,1,1
ttfs_M4_local-pool_dedicated,1,7,14,1,269,2.4999999999999998e-05,3.4367999999999993e-05,1,1
ttfs_M4_local-pool_dedicated,1,7,14,2,270,2.4999999999999998e-05,3.318399999999999e-05,1,1
ttfs_M4_local-pool_dedicated,1,7,14,3,271,2.4999999999999998e-05,2.9791999999999995e-05,1,1
ttfs_M4_local-pool_dedicated,1,7,15,0,396,2.4999999999999998e-05,3.2256e-05,1,1
ttfs_M4_local-pool_dedicated,1,7,15,1,397,2.4999999999999998e-05,3.0584e-05,1,1
ttfs_M4_local-pool_dedicated,1,7,15,2,398,2.4999999999999998e-05,3.356e-05,1,1
ttfs_M4_local-pool_dedicated,1,7,15,3,399,2.4999999999999998e-05,,0,0
ttfs_M4_local-pool_dedicated,1,7,16,0,16,2.4999999999999998e-05,,0,0
ttfs_M4_local-pool_dedicated,1,7,16,1,17,2.4999999999999998e-05,3.2976e-05,1,1
ttfs_M4_local-pool_dedicated,1,7,16,2,18,2.4999999999999998e-05,3.255999999999999e-05,1,1
ttfs_M4_local-pool_dedicated,1,7,16,3,19,2.4999999999999998e-05,3.148e-05,1,1
ttfs_M4_local-pool_dedicated,1,7,17,0,144,2.4999999999999998e-05,3.1519999999999996e-05,1,1
ttfs_M4_local-pool_dedicated,1,7,17,1,145,2.4999999999999998e-05,3.2767999999999995e-05,1,1
ttfs_M4_local-pool_dedicated,1,7,17,2,146,2.4999999999999998e-05,3.1904e-05,1,1
ttfs_M4_local-pool_dedicated,1,7,17,3,147,2.4999999999999998e-05,,0,0
ttfs_M4_local-pool_dedicated,1,7,18,0,272,2.4999999999999998e-05,3.0431999999999996e-05,1,1
ttfs_M4_local-pool_dedicated,1,7,18,1,273,2.4999999999999998e-05,3.0295999999999996e-05,1,1
ttfs_M4_local-pool_dedicated,1,7,18,2,274,2.4999999999999998e-05,3.115999999999999e-05,1,1
ttfs_M4_local-pool_dedicated,1,7,18,3,275,2.4999999999999998e-05,3.0319999999999994e-05,1,1
ttfs_M4_local-pool_dedicated,1,7,19,0,400,2.4e-05,,0,0
ttfs_M4_local-pool_dedicated,1,7,19,1,401,2.4e-05,,0,0
ttfs_M4_local-pool_dedicated,1,7,19,2,402,2.4e-05,,0,0
ttfs_M4_local-pool_dedicated,1,7,19,3,403,2.4e-05,,0,0
ttfs_M4_local-pool_dedicated,1,7,20,0,20,2.4999999999999998e-05,3.2519999999999994e-05,1,1
ttfs_M4_local-pool_dedicated,1,7,20,1,21,2.4999999999999998e-05,3.1848e-05,1,1
ttfs_M4_local-pool_dedicated,1,7,20,2,22,2.4999999999999998e-05,3.3647999999999994e-05,1,1
ttfs_M4_local-pool_dedicated,1,7,20,3,23,2.4999999999999998e-05,3.259999999999999e-05,1,1
ttfs_M4_local-pool_dedicated,1,7,21,0,148,2.4e-05,,0,0
ttfs_M4_local-pool_dedicated,1,7,21,1,149,2.4e-05,,0,0
ttfs_M4_local-pool_dedicated,1,7,21,2,150,2.4e-05,2.9695999999999995e-05,1,1
ttfs_M4_local-pool_dedicated,1,7,21,3,151,2.4e-05,,0,0
ttfs_M4_local-pool_dedicated,1,7,22,0,276,2.2e-05,,0,0
ttfs_M4_local-pool_dedicated,1,7,22,1,277,2.2e-05,,0,0
ttfs_M4_local-pool_dedicated,1,7,22,2,278,2.2e-05,2.6727999999999995e-05,1,1
ttfs_M4_local-pool_dedicated,1,7,22,3,279,2.2e-05,,0,0
ttfs_M4_local-pool_dedicated,1,7,23,0,404,2.4999999999999998e-05,3.1487999999999994e-05,1,1
ttfs_M4_local-pool_dedicated,1,7,23,1,405,2.4999999999999998e-05,3.1119999999999993e-05,1,1
ttfs_M4_local-pool_dedicated,1,7,23,2,406,2.4999999999999998e-05,3.072e-05,1,1
ttfs_M4_local-pool_dedicated,1,7,23,3,407,2.4999999999999998e-05,3.1304e-05,1,1
ttfs_M4_local-pool_dedicated,1,7,24,0,24,2.4999999999999998e-05,3.0495999999999994e-05,1,1
ttfs_M4_local-pool_dedicated,1,7,24,1,25,2.4999999999999998e-05,3.0544e-05,1,1
ttfs_M4_local-pool_dedicated,1,7,24,2,26,2.4999999999999998e-05,3.0999999999999995e-05,1,1
ttfs_M4_local-pool_dedicated,1,7,24,3,27,2.4999999999999998e-05,3.1151999999999996e-05,1,1
ttfs_M4_local-pool_dedicated,1,7,25,0,152,2.4999999999999998e-05,3.0479999999999996e-05,1,1
ttfs_M4_local-pool_dedicated,1,7,25,1,153,2.4999999999999998e-05,2.9919999999999995e-05,1,1
ttfs_M4_local-pool_dedicated,1,7,25,2,154,2.4999999999999998e-05,3.1135999999999995e-05,1,1
ttfs_M4_local-pool_dedicated,1,7,25,3,155,2.4999999999999998e-05,3.0896e-05,1,1
ttfs_M4_local-pool_dedicated,1,7,26,0,280,2.4999999999999998e-05,3.0247999999999996e-05,1,1
ttfs_M4_local-pool_dedicated,1,7,26,1,281,2.4999999999999998e-05,3.056e-05,1,1
ttfs_M4_local-pool_dedicated,1,7,26,2,282,2.4999999999999998e-05,3.136e-05,1,1
ttfs_M4_local-pool_dedicated,1,7,26,3,283,2.4999999999999998e-05,3.0487999999999997e-05,1,1
ttfs_M4_local-pool_dedicated,1,7,27,0,408,2.4999999999999998e-05,3.0919999999999995e-05,1,1
ttfs_M4_local-pool_dedicated,1,7,27,1,409,2.4999999999999998e-05,3.1055999999999995e-05,1,1
ttfs_M4_local-pool_dedicated,1,7,27,2,410,2.4999999999999998e-05,3.1616e-05,1,1
ttfs_M4_local-pool_dedicated,1,7,27,3,411,2.4999999999999998e-05,2.9927999999999995e-05,1,1
ttfs_M4_local-pool_dedicated,1,7,28,0,28,2.4999999999999998e-05,3.0375999999999995e-05,1,1
ttfs_M4_local-pool_dedicated,1,7,28,1,29,2.4999999999999998e-05,3.0584e-05,1,1
ttfs_M4_local-pool_dedicated,1,7,28,2,30,2.4999999999999998e-05,3.0079999999999997e-05,1,1
ttfs_M4_local-pool_dedicated,1,7,28,3,31,2.4999999999999998e-05,2.9983999999999996e-05,1,1
ttfs_M4_local-pool_dedicated,1,7,29,0,156,2.4999999999999998e-05,3.072e-05,1,1
ttfs_M4_local-pool_dedicated,1,7,29,1,157,2.4999999999999998e-05,2.9407999999999997e-05,1,1
ttfs_M4_local-pool_dedicated,1,7,29,2,158,2.4999999999999998e-05,3.0151999999999995e-05,1,1
ttfs_M4_local-pool_dedicated,1,7,29,3,159,2.4999999999999998e-05,2.9671999999999996e-05,1,1
ttfs_M4_local-pool_dedicated,1,8,0,0,0,2.4e-05,,0,0
ttfs_M4_local-pool_dedicated,1,8,0,1,1,2.4e-05,,0,0
ttfs_M4_local-pool_dedicated,1,8,0,2,2,2.4e-05,,0,0
ttfs_M4_local-pool_dedicated,1,8,0,3,3,2.4e-05,,0,0
ttfs_M4_local-pool_dedicated,1,8,1,0,128,2.4999999999999998e-05,,0,0
ttfs_M4_local-pool_dedicated,1,8,1,1,129,2.4999999999999998e-05,,0,0
ttfs_M4_local-pool_dedicated,1,8,1,2,130,2.4999999999999998e-05,,0,0
ttfs_M4_local-pool_dedicated,1,8,1,3,131,2.4999999999999998e-05,,0,0
ttfs_M4_local-pool_dedicated,1,8,2,0,256,2.4999999999999998e-05,,0,0
ttfs_M4_local-pool_dedicated,1,8,2,1,257,2.4999999999999998e-05,,0,0
ttfs_M4_local-pool_dedicated,1,8,2,2,258,2.4999999999999998e-05,,0,0
ttfs_M4_local-pool_dedicated,1,8,2,3,259,2.4999999999999998e-05,,0,0
ttfs_M4_local-pool_dedicated,1,8,3,0,384,2.4999999999999998e-05,,0,0
ttfs_M4_local-pool_dedicated,1,8,3,1,385,2.4999999999999998e-05,,0,0
ttfs_M4_local-pool_dedicated,1,8,3,2,386,2.4999999999999998e-05,,0,0
ttfs_M4_local-pool_dedicated,1,8,3,3,387,2.4999999999999998e-05,,0,0
ttfs_M4_local-pool_dedicated,1,8,4,0,4,2.4999999999999998e-05,,0,0
ttfs_M4_local-pool_dedicated,1,8,4,1,5,2.4999999999999998e-05,,0,0
ttfs_M4_local-pool_dedicated,1,8,4,2,6,2.4999999999999998e-05,,0,0
ttfs_M4_local-pool_dedicated,1,8,4,3,7,2.4999999999999998e-05,,0,0
ttfs_M4_local-pool_dedicated,1,8,5,0,132,2.4999999999999998e-05,,0,0
ttfs_M4_local-pool_dedicated,1,8,5,1,133,2.4999999999999998e-05,,0,0
ttfs_M4_local-pool_dedicated,1,8,5,2,134,2.4999999999999998e-05,,0,0
ttfs_M4_local-pool_dedicated,1,8,5,3,135,2.4999999999999998e-05,,0,0
ttfs_M4_local-pool_dedicated,1,8,6,0,260,2.4999999999999998e-05,,0,0
ttfs_M4_local-pool_dedicated,1,8,6,1,261,2.4999999999999998e-05,,0,0
ttfs_M4_local-pool_dedicated,1,8,6,2,262,2.4999999999999998e-05,,0,0
ttfs_M4_local-pool_dedicated,1,8,6,3,263,2.4999999999999998e-05,,0,0
ttfs_M4_local-pool_dedicated,1,8,7,0,388,2.4999999999999998e-05,,0,0
ttfs_M4_local-pool_dedicated,1,8,7,1,389,2.4999999999999998e-05,,0,0
ttfs_M4_local-pool_dedicated,1,8,7,2,390,2.4999999999999998e-05,,0,0
ttfs_M4_local-pool_dedicated,1,8,7,3,391,2.4999999999999998e-05,,0,0
ttfs_M4_local-pool_dedicated,1,8,8,0,8,2.4999999999999998e-05,,0,0
ttfs_M4_local-pool_dedicated,1,8,8,1,9,2.4999999999999998e-05,,0,0
ttfs_M4_local-pool_dedicated,1,8,8,2,10,2.4999999999999998e-05,,0,0
ttfs_M4_local-pool_dedicated,1,8,8,3,11,2.4999999999999998e-05,,0,0
ttfs_M4_local-pool_dedicated,1,8,9,0,136,2.4999999999999998e-05,,0,0
ttfs_M4_local-pool_dedicated,1,8,9,1,137,2.4999999999999998e-05,3.3527999999999995e-05,1,1
ttfs_M4_local-pool_dedicated,1,8,9,2,138,2.4999999999999998e-05,,0,0
ttfs_M4_local-pool_dedicated,1,8,9,3,139,2.4999999999999998e-05,,0,0
ttfs_M4_local-pool_dedicated,1,8,10,0,264,2.4999999999999998e-05,3.3063999999999994e-05,1,1
ttfs_M4_local-pool_dedicated,1,8,10,1,265,2.4999999999999998e-05,3.3783999999999994e-05,1,1
ttfs_M4_local-pool_dedicated,1,8,10,2,266,2.4999999999999998e-05,3.056e-05,1,1
ttfs_M4_local-pool_dedicated,1,8,10,3,267,2.4999999999999998e-05,,0,0
ttfs_M4_local-pool_dedicated,1,8,11,0,392,1.9999999999999998e-05,2.5695999999999996e-05,1,1
ttfs_M4_local-pool_dedicated,1,8,11,1,393,1.9999999999999998e-05,2.4055999999999998e-05,1,1
ttfs_M4_local-pool_dedicated,1,8,11,2,394,1.9999999999999998e-05,2.5679999999999995e-05,1,1
ttfs_M4_local-pool_dedicated,1,8,11,3,395,1.9999999999999998e-05,2.5047999999999998e-05,1,1
ttfs_M4_local-pool_dedicated,1,8,12,0,12,2.1e-05,2.4695999999999995e-05,1,1
ttfs_M4_local-pool_dedicated,1,8,12,1,13,2.1e-05,2.5663999999999997e-05,1,1
ttfs_M4_local-pool_dedicated,1,8,12,2,14,2.1e-05,2.4847999999999997e-05,1,1
ttfs_M4_local-pool_dedicated,1,8,12,3,15,2.1e-05,,0,0
ttfs_M4_local-pool_dedicated,1,8,13,0,140,2.4999999999999998e-05,3.4144e-05,1,1
ttfs_M4_local-pool_dedicated,1,8,13,1,141,2.4999999999999998e-05,3.2535999999999995e-05,1,1
ttfs_M4_local-pool_dedicated,1,8,13,2,142,2.4999999999999998e-05,,0,0
ttfs_M4_local-pool_dedicated,1,8,13,3,143,2.4999999999999998e-05,3.2687999999999996e-05,1,1
ttfs_M4_local-pool_dedicated,1,8,14,0,268,2.4999999999999998e-05,3.341599999999999e-05,1,1
ttfs_M4_local-pool_dedicated,1,8,14,1,269,2.4999999999999998e-05,3.4503999999999994e-05,1,1
ttfs_M4_local-pool_dedicated,1,8,14,2,270,2.4999999999999998e-05,3.386399999999999e-05,1,1
ttfs_M4_local-pool_dedicated,1,8,14,3,271,2.4999999999999998e-05,2.9887999999999996e-05,1,1
ttfs_M4_local-pool_dedicated,1,8,15,0,396,2.4e-05,,0,0
ttfs_M4_local-pool_dedicated,1,8,15,1,397,2.4e-05,,0,0
ttfs_M4_local-pool_dedicated,1,8,15,2,398,2.4e-05,,0,0
ttfs_M4_local-pool_dedicated,1,8,15,3,399,2.4e-05,,0,0
ttfs_M4_local-pool_dedicated,1,8,16,0,16,2.4999999999999998e-05,,0,0
ttfs_M4_local-pool_dedicated,1,8,16,1,17,2.4999999999999998e-05,3.454399999999999e-05,1,1
ttfs_M4_local-pool_dedicated,1,8,16,2,18,2.4999999999999998e-05,3.2943999999999995e-05,1,1
ttfs_M4_local-pool_dedicated,1,8,16,3,19,2.4999999999999998e-05,3.1799999999999994e-05,1,1
ttfs_M4_local-pool_dedicated,1,8,17,0,144,2.4999999999999998e-05,3.208e-05,1,1
ttfs_M4_local-pool_dedicated,1,8,17,1,145,2.4999999999999998e-05,3.3647999999999994e-05,1,1
ttfs_M4_local-pool_dedicated,1,8,17,2,146,2.4999999999999998e-05,3.259999999999999e-05,1,1
ttfs_M4_local-pool_dedicated,1,8,17,3,147,2.4999999999999998e-05,,0,0
ttfs_M4_local-pool_dedicated,1,8,18,0,272,2.4999999999999998e-05,3.0832e-05,1,1
ttfs_M4_local-pool_dedicated,1,8,18,1,273,2.4999999999999998e-05,3.057599999999999e-05,1,1
ttfs_M4_local-pool_dedicated,1,8,18,2,274,2.4999999999999998e-05,3.191999999999999e-05,1,1
ttfs_M4_local-pool_dedicated,1,8,18,3,275,2.4999999999999998e-05,3.0727999999999994e-05,1,1
ttfs_M4_local-pool_dedicated,1,8,19,0,400,2.4999999999999998e-05,3.308799999999999e-05,1,1
ttfs_M4_local-pool_dedicated,1,8,19,1,401,2.4999999999999998e-05,3.254399999999999e-05,1,1
ttfs_M4_local-pool_dedicated,1,8,19,2,402,2.4999999999999998e-05,3.4047999999999997e-05,1,1
ttfs_M4_local-pool_dedicated,1,8,19,3,403,2.4999999999999998e-05,3.1639999999999995e-05,1,1
ttfs_M4_local-pool_dedicated,1,8,20,0,20,2.4999999999999998e-05,3.2256e-05,1,1
ttfs_M4_local-pool_dedicated,1,8,20,1,21,2.4999999999999998e-05,3.2272e-05,1,1
ttfs_M4_local-pool_dedicated,1,8,20,2,22,2.4999999999999998e-05,3.3384e-05,1,1
ttfs_M4_local-pool_dedicated,1,8,20,3,23,2.4999999999999998e-05,3.2936e-05,1,1
ttfs_M4_local-pool_dedicated,1,8,21,0,148,2.4e-05,,0,0
ttfs_M4_local-pool_dedicated,1,8,21,1,149,2.4e-05,,0,0
ttfs_M4_local-pool_dedicated,1,8,21,2,150,2.4e-05,3.2167999999999994e-05,1,1
ttfs_M4_local-pool_dedicated,1,8,21,3,151,2.4e-05,,0,0
ttfs_M4_local-pool_dedicated,1,8,22,0,276,1.9999999999999998e-05,2.4855999999999997e-05,1,1
ttfs_M4_local-pool_dedicated,1,8,22,1,277,1.9999999999999998e-05,2.4615999999999996e-05,1,1
ttfs_M4_local-pool_dedicated,1,8,22,2,278,1.9999999999999998e-05,2.3855999999999997e-05,1,1
ttfs_M4_local-pool_dedicated,1,8,22,3,279,1.9999999999999998e-05,2.4399999999999997e-05,1,1
ttfs_M4_local-pool_dedicated,1,8,23,0,404,2.4999999999999998e-05,3.1735999999999996e-05,1,1
ttfs_M4_local-pool_dedicated,1,8,23,1,405,2.4999999999999998e-05,3.170399999999999e-05,1,1
ttfs_M4_local-pool_dedicated,1,8,23,2,406,2.4999999999999998e-05,3.1231999999999995e-05,1,1
ttfs_M4_local-pool_dedicated,1,8,23,3,407,2.4999999999999998e-05,3.1679999999999995e-05,1,1
ttfs_M4_local-pool_dedicated,1,8,24,0,24,2.4999999999999998e-05,3.0912e-05,1,1
ttfs_M4_local-pool_dedicated,1,8,24,1,25,2.4999999999999998e-05,3.0736e-05,1,1
ttfs_M4_local-pool_dedicated,1,8,24,2,26,2.4999999999999998e-05,3.0896e-05,1,1
ttfs_M4_local-pool_dedicated,1,8,24,3,27,2.4999999999999998e-05,3.1632e-05,1,1
ttfs_M4_local-pool_dedicated,1,8,25,0,152,2.4999999999999998e-05,3.0896e-05,1,1
ttfs_M4_local-pool_dedicated,1,8,25,1,153,2.4999999999999998e-05,3.0255999999999996e-05,1,1
ttfs_M4_local-pool_dedicated,1,8,25,2,154,2.4999999999999998e-05,3.1095999999999995e-05,1,1
ttfs_M4_local-pool_dedicated,1,8,25,3,155,2.4999999999999998e-05,3.143199999999999e-05,1,1
ttfs_M4_local-pool_dedicated,1,8,26,0,280,2.4999999999999998e-05,3.0311999999999997e-05,1,1
ttfs_M4_local-pool_dedicated,1,8,26,1,281,2.4999999999999998e-05,3.0879999999999996e-05,1,1
ttfs_M4_local-pool_dedicated,1,8,26,2,282,2.4999999999999998e-05,3.1367999999999995e-05,1,1
ttfs_M4_local-pool_dedicated,1,8,26,3,283,2.4999999999999998e-05,3.0856e-05,1,1
ttfs_M4_local-pool_dedicated,1,8,27,0,408,2.4999999999999998e-05,3.148e-05,1,1
ttfs_M4_local-pool_dedicated,1,8,27,1,409,2.4999999999999998e-05,3.1496e-05,1,1
ttfs_M4_local-pool_dedicated,1,8,27,2,410,2.4999999999999998e-05,3.2183999999999995e-05,1,1
ttfs_M4_local-pool_dedicated,1,8,27,3,411,2.4999999999999998e-05,3.0223999999999997e-05,1,1
ttfs_M4_local-pool_dedicated,1,8,28,0,28,2.4999999999999998e-05,3.0503999999999995e-05,1,1
ttfs_M4_local-pool_dedicated,1,8,28,1,29,2.4999999999999998e-05,3.1079999999999994e-05,1,1
ttfs_M4_local-pool_dedicated,1,8,28,2,30,2.4999999999999998e-05,3.0247999999999996e-05,1,1
ttfs_M4_local-pool_dedicated,1,8,28,3,31,2.4999999999999998e-05,3.0271999999999994e-05,1,1
ttfs_M4_local-pool_dedicated,1,8,29,0,156,2.4999999999999998e-05,3.092799999999999e-05,1,1
ttfs_M4_local-pool_dedicated,1,8,29,1,157,2.4999999999999998e-05,2.9735999999999994e-05,1,1
ttfs_M4_local-pool_dedicated,1,8,29,2,158,2.4999999999999998e-05,3.0263999999999997e-05,1,1
ttfs_M4_local-pool_dedicated,1,8,29,3,159,2.4999999999999998e-05,2.9759999999999996e-05,1,1
ttfs_M4_local-pool_dedicated,1,9,0,0,0,2.1e-05,2.6455999999999995e-05,1,1
ttfs_M4_local-pool_dedicated,1,9,0,1,1,2.1e-05,,0,0
ttfs_M4_local-pool_dedicated,1,9,0,2,2,2.1e-05,,0,0
ttfs_M4_local-pool_dedicated,1,9,0,3,3,2.1e-05,,0,0
ttfs_M4_local-pool_dedicated,1,9,1,0,128,2.2e-05,,0,0
ttfs_M4_local-pool_dedicated,1,9,1,1,129,2.2e-05,,0,0
ttfs_M4_local-pool_dedicated,1,9,1,2,130,2.2e-05,,0,0
ttfs_M4_local-pool_dedicated,1,9,1,3,131,2.2e-05,,0,0
ttfs_M4_local-pool_dedicated,1,9,2,0,256,2.4999999999999998e-05,,0,0
ttfs_M4_local-pool_dedicated,1,9,2,1,257,2.4999999999999998e-05,3.2279999999999996e-05,1,1
ttfs_M4_local-pool_dedicated,1,9,2,2,258,2.4999999999999998e-05,,0,0
ttfs_M4_local-pool_dedicated,1,9,2,3,259,2.4999999999999998e-05,,0,0
ttfs_M4_local-pool_dedicated,1,9,3,0,384,2.4999999999999998e-05,,0,0
ttfs_M4_local-pool_dedicated,1,9,3,1,385,2.4999999999999998e-05,,0,0
ttfs_M4_local-pool_dedicated,1,9,3,2,386,2.4999999999999998e-05,,0,0
ttfs_M4_local-pool_dedicated,1,9,3,3,387,2.4999999999999998e-05,,0,0
ttfs_M4_local-pool_dedicated,1,9,4,0,4,2.4999999999999998e-05,3.0727999999999994e-05,1,1
ttfs_M4_local-pool_dedicated,1,9,4,1,5,2.4999999999999998e-05,,0,0
ttfs_M4_local-pool_dedicated,1,9,4,2,6,2.4999999999999998e-05,,0,0
ttfs_M4_local-pool_dedicated,1,9,4,3,7,2.4999999999999998e-05,,0,0
ttfs_M4_local-pool_dedicated,1,9,5,0,132,2.2e-05,,0,0
ttfs_M4_local-pool_dedicated,1,9,5,1,133,2.2e-05,,0,0
ttfs_M4_local-pool_dedicated,1,9,5,2,134,2.2e-05,,0,0
ttfs_M4_local-pool_dedicated,1,9,5,3,135,2.2e-05,,0,0
ttfs_M4_local-pool_dedicated,1,9,6,0,260,2.4999999999999998e-05,3.1519999999999996e-05,1,1
ttfs_M4_local-pool_dedicated,1,9,6,1,261,2.4999999999999998e-05,3.2568e-05,1,1
ttfs_M4_local-pool_dedicated,1,9,6,2,262,2.4999999999999998e-05,3.4784e-05,1,1
ttfs_M4_local-pool_dedicated,1,9,6,3,263,2.4999999999999998e-05,,0,0
ttfs_M4_local-pool_dedicated,1,9,7,0,388,2.4999999999999998e-05,3.2136e-05,1,1
ttfs_M4_local-pool_dedicated,1,9,7,1,389,2.4999999999999998e-05,3.3719999999999996e-05,1,1
ttfs_M4_local-pool_dedicated,1,9,7,2,390,2.4999999999999998e-05,3.168799999999999e-05,1,1
ttfs_M4_local-pool_dedicated,1,9,7,3,391,2.4999999999999998e-05,3.1423999999999996e-05,1,1
ttfs_M4_local-pool_dedicated,1,9,8,0,8,2.4999999999999998e-05,,0,0
ttfs_M4_local-pool_dedicated,1,9,8,1,9,2.4999999999999998e-05,,0,0
ttfs_M4_local-pool_dedicated,1,9,8,2,10,2.4999999999999998e-05,3.1864e-05,1,1
ttfs_M4_local-pool_dedicated,1,9,8,3,11,2.4999999999999998e-05,,0,0
ttfs_M4_local-pool_dedicated,1,9,9,0,136,2.2e-05,,0,0
ttfs_M4_local-pool_dedicated,1,9,9,1,137,2.2e-05,2.8295999999999995e-05,1,1
ttfs_M4_local-pool_dedicated,1,9,9,2,138,2.2e-05,,0,0
ttfs_M4_local-pool_dedicated,1,9,9,3,139,2.2e-05,,0,0
ttfs_M4_local-pool_dedicated,1,9,10,0,264,2.4999999999999998e-05,3.096799999999999e-05,1,1
ttfs_M4_local-pool_dedicated,1,9,10,1,265,2.4999999999999998e-05,3.1991999999999995e-05,1,1
ttfs_M4_local-pool_dedicated,1,9,10,2,266,2.4999999999999998e-05,2.9759999999999996e-05,1,1
ttfs_M4_local-pool_dedicated,1,9,10,3,267,2.4999999999999998e-05,3.3703999999999994e-05,1,1
ttfs_M4_local-pool_dedicated,1,9,11,0,392,2.4999999999999998e-05,3.3152e-05,1,1
ttfs_M4_local-pool_dedicated,1,9,11,1,393,2.4999999999999998e-05,3.0439999999999997e-05,1,1
ttfs_M4_local-pool_dedicated,1,9,11,2,394,2.4999999999999998e-05,3.2303999999999994e-05,1,1
ttfs_M4_local-pool_dedicated,1,9,11,3,395,2.4999999999999998e-05,3.1984e-05,1,1
ttfs_M4_local-pool_dedicated,1,9,12,0,12,2.4999999999999998e-05,3.0367999999999995e-05,1,1
ttfs_M4_local-pool_dedicated,1,9,12,1,13,2.4999999999999998e-05,3.1967999999999996e-05,1,1
ttfs_M4_local-pool_dedicated,1,9,12,2,14,2.4999999999999998e-05,3.0167999999999996e-05,1,1
ttfs_M4_local-pool_dedicated,1,9,12,3,15,2.4999999999999998e-05,3.219199999999999e-05,1,1
ttfs_M4_local-pool_dedicated,1,9,13,0,140,2.2e-05,,0,0
ttfs_M4_local-pool_dedicated,1,9,13,1,141,2.2e-05,2.7535999999999995e-05,1,1
ttfs_M4_local-pool_dedicated,1,9,13,2,142,2.2e-05,,0,0
ttfs_M4_local-pool_dedicated,1,9,13,3,143,2.2e-05,2.7159999999999997e-05,1,1
ttfs_M4_local-pool_dedicated,1,9,14,0,268,2.1e-05,,0,0
ttfs_M4_local-pool_dedicated,1,9,14,1,269,2.1e-05,,0,0
ttfs_M4_local-pool_dedicated,1,9,14,2,270,2.1e-05,,0,0
ttfs_M4_local-pool_dedicated,1,9,14,3,271,2.1e-05,2.4759999999999997e-05,1,1
ttfs_M4_local-pool_dedicated,1,9,15,0,396,2.4999999999999998e-05,3.1015999999999996e-05,1,1
ttfs_M4_local-pool_dedicated,1,9,15,1,397,2.4999999999999998e-05,2.9767999999999997e-05,1,1
ttfs_M4_local-pool_dedicated,1,9,15,2,398,2.4999999999999998e-05,3.128e-05,1,1
ttfs_M4_local-pool_dedicated,1,9,15,3,399,2.4999999999999998e-05,3.242399999999999e-05,1,1
ttfs_M4_local-pool_dedicated,1,9,16,0,16,1.9999999999999998e-05,,0,0
ttfs_M4_local-pool_dedicated,1,9,16,1,17,1.9999999999999998e-05,,0,0
ttfs_M4_local-pool_dedicated,1,9,16,2,18,1.9999999999999998e-05,,0,0
ttfs_M4_local-pool_dedicated,1,9,16,3,19,1.9999999999999998e-05,2.6351999999999998e-05,1,1
ttfs_M4_local-pool_dedicated,1,9,17,0,144,2.4999999999999998e-05,3.0832e-05,1,1
ttfs_M4_local-pool_dedicated,1,9,17,1,145,2.4999999999999998e-05,3.1728e-05,1,1
ttfs_M4_local-pool_dedicated,1,9,17,2,146,2.4999999999999998e-05,3.1048e-05,1,1
ttfs_M4_local-pool_dedicated,1,9,17,3,147,2.4999999999999998e-05,3.254399999999999e-05,1,1
ttfs_M4_local-pool_dedicated,1,9,18,0,272,2.2e-05,2.6127999999999998e-05,1,1
ttfs_M4_local-pool_dedicated,1,9,18,1,273,2.2e-05,2.6143999999999996e-05,1,1
ttfs_M4_local-pool_dedicated,1,9,18,2,274,2.2e-05,2.8567999999999995e-05,1,1
ttfs_M4_local-pool_dedicated,1,9,18,3,275,2.2e-05,2.6591999999999995e-05,1,1
ttfs_M4_local-pool_dedicated,1,9,19,0,400,1.9999999999999998e-05,,0,0
ttfs_M4_local-pool_dedicated,1,9,19,1,401,1.9999999999999998e-05,,0,0
ttfs_M4_local-pool_dedicated,1,9,19,2,402,1.9999999999999998e-05,,0,0
ttfs_M4_local-pool_dedicated,1,9,19,3,403,1.9999999999999998e-05,,0,0
ttfs_M4_local-pool_dedicated,1,9,20,0,20,2.2e-05,,0,0
ttfs_M4_local-pool_dedicated,1,9,20,1,21,2.2e-05,,0,0
ttfs_M4_local-pool_dedicated,1,9,20,2,22,2.2e-05,,0,0
ttfs_M4_local-pool_dedicated,1,9,20,3,23,2.2e-05,,0,0
ttfs_M4_local-pool_dedicated,1,9,21,0,148,2.1e-05,,0,0
ttfs_M4_local-pool_dedicated,1,9,21,1,149,2.1e-05,,0,0
ttfs_M4_local-pool_dedicated,1,9,21,2,150,2.1e-05,2.5303999999999997e-05,1,1
ttfs_M4_local-pool_dedicated,1,9,21,3,151,2.1e-05,,0,0
ttfs_M4_local-pool_dedicated,1,9,22,0,276,2.3e-05,3.0767999999999994e-05,1,1
ttfs_M4_local-pool_dedicated,1,9,22,1,277,2.3e-05,3.1071999999999997e-05,1,1
ttfs_M4_local-pool_dedicated,1,9,22,2,278,2.3e-05,2.7007999999999996e-05,1,1
ttfs_M4_local-pool_dedicated,1,9,22,3,279,2.3e-05,2.9775999999999994e-05,1,1
ttfs_M4_local-pool_dedicated,1,9,23,0,404,2.1e-05,,0,0
ttfs_M4_local-pool_dedicated,1,9,23,1,405,2.1e-05,,0,0
ttfs_M4_local-pool_dedicated,1,9,23,2,406,2.1e-05,2.7359999999999996e-05,1,1
ttfs_M4_local-pool_dedicated,1,9,23,3,407,2.1e-05,,0,0
ttfs_M4_local-pool_dedicated,1,9,24,0,24,2.4999999999999998e-05,3.0143999999999995e-05,1,1
ttfs_M4_local-pool_dedicated,1,9,24,1,25,2.4999999999999998e-05,3.0383999999999996e-05,1,1
ttfs_M4_local-pool_dedicated,1,9,24,2,26,2.4999999999999998e-05,3.0903999999999994e-05,1,1
ttfs_M4_local-pool_dedicated,1,9,24,3,27,2.4999999999999998e-05,3.0935999999999997e-05,1,1
ttfs_M4_local-pool_dedicated,1,9,25,0,152,2.4999999999999998e-05,3.0287999999999995e-05,1,1
ttfs_M4_local-pool_dedicated,1,9,25,1,153,2.4999999999999998e-05,2.9775999999999994e-05,1,1
ttfs_M4_local-pool_dedicated,1,9,25,2,154,2.4999999999999998e-05,3.0727999999999994e-05,1,1
ttfs_M4_local-pool_dedicated,1,9,25,3,155,2.4999999999999998e-05,3.088799999999999e-05,1,1
ttfs_M4_local-pool_dedicated,1,9,26,0,280,2.4999999999999998e-05,2.9895999999999996e-05,1,1
ttfs_M4_local-pool_dedicated,1,9,26,1,281,2.4999999999999998e-05,3.0391999999999996e-05,1,1
ttfs_M4_local-pool_dedicated,1,9,26,2,282,2.4999999999999998e-05,3.0807999999999994e-05,1,1
ttfs_M4_local-pool_dedicated,1,9,26,3,283,2.4999999999999998e-05,3.0055999999999995e-05,1,1
ttfs_M4_local-pool_dedicated,1,9,27,0,408,2.4999999999999998e-05,3.0647999999999995e-05,1,1
ttfs_M4_local-pool_dedicated,1,9,27,1,409,2.4999999999999998e-05,3.1032e-05,1,1
ttfs_M4_local-pool_dedicated,1,9,27,2,410,2.4999999999999998e-05,3.1632e-05,1,1
ttfs_M4_local-pool_dedicated,1,9,27,3,411,2.4999999999999998e-05,2.9751999999999996e-05,1,1
ttfs_M4_local-pool_dedicated,1,9,28,0,28,2.4999999999999998e-05,3.0007999999999995e-05,1,1
ttfs_M4_local-pool_dedicated,1,9,28,1,29,2.4999999999999998e-05,3.0423999999999995e-05,1,1
ttfs_M4_local-pool_dedicated,1,9,28,2,30,2.4999999999999998e-05,2.9767999999999997e-05,1,1
ttfs_M4_local-pool_dedicated,1,9,28,3,31,2.4999999999999998e-05,2.9887999999999996e-05,1,1
ttfs_M4_local-pool_dedicated,1,9,29,0,156,2.4999999999999998e-05,3.057599999999999e-05,1,1
ttfs_M4_local-pool_dedicated,1,9,29,1,157,2.4999999999999998e-05,2.9087999999999997e-05,1,1
ttfs_M4_local-pool_dedicated,1,9,29,2,158,2.4999999999999998e-05,2.9783999999999995e-05,1,1
ttfs_M4_local-pool_dedicated,1,9,29,3,159,2.4999999999999998e-05,2.9279999999999994e-05,1,1
ttfs_M4_local-pool_dedicated,1,10,0,0,0,2.2e-05,,0,0
ttfs_M4_local-pool_dedicated,1,10,0,1,1,2.2e-05,,0,0
ttfs_M4_local-pool_dedicated,1,10,0,2,2,2.2e-05,,0,0
ttfs_M4_local-pool_dedicated,1,10,0,3,3,2.2e-05,,0,0
ttfs_M4_local-pool_dedicated,1,10,1,0,128,2.4999999999999998e-05,,0,0
ttfs_M4_local-pool_dedicated,1,10,1,1,129,2.4999999999999998e-05,,0,0
ttfs_M4_local-pool_dedicated,1,10,1,2,130,2.4999999999999998e-05,,0,0
ttfs_M4_local-pool_dedicated,1,10,1,3,131,2.4999999999999998e-05,,0,0
ttfs_M4_local-pool_dedicated,1,10,2,0,256,2.4e-05,,0,0
ttfs_M4_local-pool_dedicated,1,10,2,1,257,2.4e-05,,0,0
ttfs_M4_local-pool_dedicated,1,10,2,2,258,2.4e-05,,0,0
ttfs_M4_local-pool_dedicated,1,10,2,3,259,2.4e-05,,0,0
ttfs_M4_local-pool_dedicated,1,10,3,0,384,2.4999999999999998e-05,,0,0
ttfs_M4_local-pool_dedicated,1,10,3,1,385,2.4999999999999998e-05,,0,0
ttfs_M4_local-pool_dedicated,1,10,3,2,386,2.4999999999999998e-05,,0,0
ttfs_M4_local-pool_dedicated,1,10,3,3,387,2.4999999999999998e-05,,0,0
ttfs_M4_local-pool_dedicated,1,10,4,0,4,2.4999999999999998e-05,3.254399999999999e-05,1,1
ttfs_M4_local-pool_dedicated,1,10,4,1,5,2.4999999999999998e-05,,0,0
ttfs_M4_local-pool_dedicated,1,10,4,2,6,2.4999999999999998e-05,,0,0
ttfs_M4_local-pool_dedicated,1,10,4,3,7,2.4999999999999998e-05,,0,0
ttfs_M4_local-pool_dedicated,1,10,5,0,132,2.4e-05,,0,0
ttfs_M4_local-pool_dedicated,1,10,5,1,133,2.4e-05,,0,0
ttfs_M4_local-pool_dedicated,1,10,5,2,134,2.4e-05,,0,0
ttfs_M4_local-pool_dedicated,1,10,5,3,135,2.4e-05,,0,0
ttfs_M4_local-pool_dedicated,1,10,6,0,260,2.4999999999999998e-05,3.3759999999999995e-05,1,1
ttfs_M4_local-pool_dedicated,1,10,6,1,261,2.4999999999999998e-05,,0,0
ttfs_M4_local-pool_dedicated,1,10,6,2,262,2.4999999999999998e-05,,0,0
ttfs_M4_local-pool_dedicated,1,10,6,3,263,2.4999999999999998e-05,,0,0
ttfs_M4_local-pool_dedicated,1,10,7,0,388,2.4999999999999998e-05,,0,0
ttfs_M4_local-pool_dedicated,1,10,7,1,389,2.4999999999999998e-05,,0,0
ttfs_M4_local-pool_dedicated,1,10,7,2,390,2.4999999999999998e-05,,0,0
ttfs_M4_local-pool_dedicated,1,10,7,3,391,2.4999999999999998e-05,,0,0
ttfs_M4_local-pool_dedicated,1,10,8,0,8,2.4999999999999998e-05,,0,0
ttfs_M4_local-pool_dedicated,1,10,8,1,9,2.4999999999999998e-05,,0,0
ttfs_M4_local-pool_dedicated,1,10,8,2,10,2.4999999999999998e-05,,0,0
ttfs_M4_local-pool_dedicated,1,10,8,3,11,2.4999999999999998e-05,,0,0
ttfs_M4_local-pool_dedicated,1,10,9,0,136,2.4999999999999998e-05,,0,0
ttfs_M4_local-pool_dedicated,1,10,9,1,137,2.4999999999999998e-05,3.259999999999999e-05,1,1
ttfs_M4_local-pool_dedicated,1,10,9,2,138,2.4999999999999998e-05,,0,0
ttfs_M4_local-pool_dedicated,1,10,9,3,139,2.4999999999999998e-05,3.439199999999999e-05,1,1
ttfs_M4_local-pool_dedicated,1,10,10,0,264,2.4999999999999998e-05,3.170399999999999e-05,1,1
ttfs_M4_local-pool_dedicated,1,10,10,1,265,2.4999999999999998e-05,3.2031999999999994e-05,1,1
ttfs_M4_local-pool_dedicated,1,10,10,2,266,2.4999999999999998e-05,3.0327999999999995e-05,1,1
ttfs_M4_local-pool_dedicated,1,10,10,3,267,2.4999999999999998e-05,,0,0
ttfs_M4_local-pool_dedicated,1,10,11,0,392,2.2e-05,,0,0
ttfs_M4_local-pool_dedicated,1,10,11,1,393,2.2e-05,,0,0
ttfs_M4_local-pool_dedicated,1,10,11,2,394,2.2e-05,,0,0
ttfs_M4_local-pool_dedicated,1,10,11,3,395,2.2e-05,,0,0
ttfs_M4_local-pool_dedicated,1,10,12,0,12,1.9999999999999998e-05,2.3967999999999998e-05,1,1
ttfs_M4_local-pool_dedicated,1,10,12,1,13,1.9999999999999998e-05,2.4919999999999995e-05,1,1
ttfs_M4_local-pool_dedicated,1,10,12,2,14,1.9999999999999998e-05,2.4023999999999996e-05,1,1
ttfs_M4_local-pool_dedicated,1,10,12,3,15,1.9999999999999998e-05,,0,0
ttfs_M4_local-pool_dedicated,1,10,13,0,140,2.4e-05,,0,0
ttfs_M4_local-pool_dedicated,1,10,13,1,141,2.4e-05,,0,0
ttfs_M4_local-pool_dedicated,1,10,13,2,142,2.4e-05,,0,0
ttfs_M4_local-pool_dedicated,1,10,13,3,143,2.4e-05,,0,0
ttfs_M4_local-pool_dedicated,1,10,14,0,268,2.4999999999999998e-05,3.2439999999999994e-05,1,1
ttfs_M4_local-pool_dedicated,1,10,14,1,269,2.4999999999999998e-05,3.345599999999999e-05,1,1
ttfs_M4_local-pool_dedicated,1,10,14,2,270,2.4999999999999998e-05,3.3656e-05,1,1
ttfs_M4_local-pool_dedicated,1,10,14,3,271,2.4999999999999998e-05,2.9711999999999996e-05,1,1
ttfs_M4_local-pool_dedicated,1,10,15,0,396,2.4e-05,,0,0
ttfs_M4_local-pool_dedicated,1,10,15,1,397,2.4e-05,,0,0
ttfs_M4_local-pool_dedicated,1,10,15,2,398,2.4e-05,,0,0
ttfs_M4_local-pool_dedicated,1,10,15,3,399,2.4e-05,,0,0
ttfs_M4_local-pool_dedicated,1,10,16,0,16,2.4999999999999998e-05,3.4439999999999996e-05,1,1
ttfs_M4_local-pool_dedicated,1,10,16,1,17,2.4999999999999998e-05,3.4503999999999994e-05,1,1
ttfs_M4_local-pool_dedicated,1,10,16,2,18,2.4999999999999998e-05,3.322399999999999e-05,1,1
ttfs_M4_local-pool_dedicated,1,10,16,3,19,2.4999999999999998e-05,3.1679999999999995e-05,1,1
ttfs_M4_local-pool_dedicated,1,10,17,0,144,2.4999999999999998e-05,3.1592e-05,1,1
ttfs_M4_local-pool_dedicated,1,10,17,1,145,2.4999999999999998e-05,3.272e-05,1,1
ttfs_M4_local-pool_dedicated,1,10,17,2,146,2.4999999999999998e-05,3.1543999999999995e-05,1,1
ttfs_M4_local-pool_dedicated,1,10,17,3,147,2.4999999999999998e-05,,0,0
ttfs_M4_local-pool_dedicated,1,10,18,0,272,2.4999999999999998e-05,3.0271999999999994e-05,1,1
ttfs_M4_local-pool_dedicated,1,10,18,1,273,2.4999999999999998e-05,3.0607999999999996e-05,1,1
ttfs_M4_local-pool_dedicated,1,10,18,2,274,2.4999999999999998e-05,3.102399999999999e-05,1,1
ttfs_M4_local-pool_dedicated,1,10,18,3,275,2.4999999999999998e-05,3.0407999999999994e-05,1,1
ttfs_M4_local-pool_dedicated,1,10,19,0,400,2.2e-05,,0,0
ttfs_M4_local-pool_dedicated,1,10,19,1,401,2.2e-05,,0,0
ttfs_M4_local-pool_dedicated,1,10,19,2,402,2.2e-05,,0,0
ttfs_M4_local-pool_dedicated,1,10,19,3,403,2.2e-05,,0,0
ttfs_M4_local-pool_dedicated,1,10,20,0,20,2.4999999999999998e-05,3.2647999999999996e-05,1,1
ttfs_M4_local-pool_dedicated,1,10,20,1,21,2.4999999999999998e-05,3.1831999999999996e-05,1,1
ttfs_M4_local-pool_dedicated,1,10,20,2,22,2.4999999999999998e-05,3.349599999999999e-05,1,1
ttfs_M4_local-pool_dedicated,1,10,20,3,23,2.4999999999999998e-05,3.2383999999999994e-05,1,1
ttfs_M4_local-pool_dedicated,1,10,21,0,148,2.4e-05,,0,0
ttfs_M4_local-pool_dedicated,1,10,21,1,149,2.4e-05,,0,0
ttfs_M4_local-pool_dedicated,1,10,21,2,150,2.4e-05,3.0175999999999997e-05,1,1
ttfs_M4_local-pool_dedicated,1,10,21,3,151,2.4e-05,,0,0
ttfs_M4_local-pool_dedicated,1,10,22,0,276,2.1e-05,,0,0
ttfs_M4_local-pool_dedicated,1,10,22,1,277,2.1e-05,,0,0
ttfs_M4_local-pool_dedicated,1,10,22,2,278,2.1e-05,2.4735999999999995e-05,1,1
ttfs_M4_local-pool_dedicated,1,10,22,3,279,2.1e-05,,0,0
ttfs_M4_local-pool_dedicated,1,10,23,0,404,2.4999999999999998e-05,3.1616e-05,1,1
ttfs_M4_local-pool_dedicated,1,10,23,1,405,2.4999999999999998e-05,3.1231999999999995e-05,1,1
ttfs_M4_local-pool_dedicated,1,10,23,2,406,2.4999999999999998e-05,3.0495999999999994e-05,1,1
ttfs_M4_local-pool_dedicated,1,10,23,3,407,2.4999999999999998e-05,3.1447999999999994e-05,1,1
ttfs_M4_local-pool_dedicated,1,10,24,0,24,2.4999999999999998e-05,3.0743999999999996e-05,1,1
ttfs_M4_local-pool_dedicated,1,10,24,1,25,2.4999999999999998e-05,3.056e-05,1,1
ttfs_M4_local-pool_dedicated,1,10,24,2,26,2.4999999999999998e-05,3.0935999999999997e-05,1,1
ttfs_M4_local-pool_dedicated,1,10,24,3,27,2.4999999999999998e-05,3.0975999999999996e-05,1,1
ttfs_M4_local-pool_dedicated,1,10,25,0,152,2.4999999999999998e-05,3.0663999999999996e-05,1,1
ttfs_M4_local-pool_dedicated,1,10,25,1,153,2.4999999999999998e-05,2.9831999999999995e-05,1,1
ttfs_M4_local-pool_dedicated,1,10,25,2,154,2.4999999999999998e-05,3.0919999999999995e-05,1,1
ttfs_M4_local-pool_dedicated,1,10,25,3,155,2.4999999999999998e-05,3.084799999999999e-05,1,1
ttfs_M4_local-pool_dedicated,1,10,26,0,280,2.4999999999999998e-05,2.9983999999999996e-05,1,1
ttfs_M4_local-pool_dedicated,1,10,26,1,281,2.4999999999999998e-05,3.0527999999999996e-05,1,1
ttfs_M4_local-pool_dedicated,1,10,26,2,282,2.4999999999999998e-05,3.1191999999999995e-05,1,1
ttfs_M4_local-pool_dedicated,1,10,26,3,283,2.4999999999999998e-05,3.0367999999999995e-05,1,1
ttfs_M4_local-pool_dedicated,1,10,27,0,408,2.4999999999999998e-05,3.1175999999999994e-05,1,1
ttfs_M4_local-pool_dedicated,1,10,27,1,409,2.4999999999999998e-05,3.102399999999999e-05,1,1
ttfs_M4_local-pool_dedicated,1,10,27,2,410,2.4999999999999998e-05,3.1799999999999994e-05,1,1
ttfs_M4_local-pool_dedicated,1,10,27,3,411,2.4999999999999998e-05,2.9847999999999996e-05,1,1
ttfs_M4_local-pool_dedicated,1,10,28,0,28,2.4999999999999998e-05,3.0327999999999995e-05,1,1
ttfs_M4_local-pool_dedicated,1,10,28,1,29,2.4999999999999998e-05,3.071199999999999e-05,1,1
ttfs_M4_local-pool_dedicated,1,10,28,2,30,2.4999999999999998e-05,3.0191999999999995e-05,1,1
ttfs_M4_local-pool_dedicated,1,10,28,3,31,2.4999999999999998e-05,3.0343999999999996e-05,1,1
ttfs_M4_local-pool_dedicated,1,10,29,0,156,2.4999999999999998e-05,3.0823999999999995e-05,1,1
ttfs_M4_local-pool_dedicated,1,10,29,1,157,2.4999999999999998e-05,2.9455999999999997e-05,1,1
ttfs_M4_local-pool_dedicated,1,10,29,2,158,2.4999999999999998e-05,3.0111999999999996e-05,1,1
ttfs_M4_local-pool_dedicated,1,10,29,3,159,2.4999999999999998e-05,2.9487999999999996e-05,1,1
ttfs_M4_local-pool_dedicated,1,11,0,0,0,2.2e-05,,0,0
ttfs_M4_local-pool_dedicated,1,11,0,1,1,2.2e-05,,0,0
ttfs_M4_local-pool_dedicated,1,11,0,2,2,2.2e-05,,0,0
ttfs_M4_local-pool_dedicated,1,11,0,3,3,2.2e-05,,0,0
ttfs_M4_local-pool_dedicated,1,11,1,0,128,2.4999999999999998e-05,,0,0
ttfs_M4_local-pool_dedicated,1,11,1,1,129,2.4999999999999998e-05,,0,0
ttfs_M4_local-pool_dedicated,1,11,1,2,130,2.4999999999999998e-05,,0,0
ttfs_M4_local-pool_dedicated,1,11,1,3,131,2.4999999999999998e-05,,0,0
ttfs_M4_local-pool_dedicated,1,11,2,0,256,2.4e-05,,0,0
ttfs_M4_local-pool_dedicated,1,11,2,1,257,2.4e-05,,0,0
ttfs_M4_local-pool_dedicated,1,11,2,2,258,2.4e-05,,0,0
ttfs_M4_local-pool_dedicated,1,11,2,3,259,2.4e-05,,0,0
ttfs_M4_local-pool_dedicated,1,11,3,0,384,2.4999999999999998e-05,,0,0
ttfs_M4_local-pool_dedicated,1,11,3,1,385,2.4999999999999998e-05,,0,0
ttfs_M4_local-pool_dedicated,1,11,3,2,386,2.4999999999999998e-05,,0,0
ttfs_M4_local-pool_dedicated,1,11,3,3,387,2.4999999999999998e-05,,0,0
ttfs_M4_local-pool_dedicated,1,11,4,0,4,2.4999999999999998e-05,3.0415999999999995e-05,1,1
ttfs_M4_local-pool_dedicated,1,11,4,1,5,2.4999999999999998e-05,,0,0
ttfs_M4_local-pool_dedicated,1,11,4,2,6,2.4999999999999998e-05,,0,0
ttfs_M4_local-pool_dedicated,1,11,4,3,7,2.4999999999999998e-05,,0,0
ttfs_M4_local-pool_dedicated,1,11,5,0,132,2.4e-05,,0,0
ttfs_M4_local-pool_dedicated,1,11,5,1,133,2.4e-05,,0,0
ttfs_M4_local-pool_dedicated,1,11,5,2,134,2.4e-05,,0,0
ttfs_M4_local-pool_dedicated,1,11,5,3,135,2.4e-05,,0,0
ttfs_M4_local-pool_dedicated,1,11,6,0,260,2.4e-05,,0,0
ttfs_M4_local-pool_dedicated,1,11,6,1,261,2.4e-05,,0,0
ttfs_M4_local-pool_dedicated,1,11,6,2,262,2.4e-05,,0,0
ttfs_M4_local-pool_dedicated,1,11,6,3,263,2.4e-05,,0,0
ttfs_M4_local-pool_dedicated,1,11,7,0,388,2.4999999999999998e-05,3.3055999999999997e-05,1,1
ttfs_M4_local-pool_dedicated,1,11,7,1,389,2.4999999999999998e-05,,0,0
ttfs_M4_local-pool_dedicated,1,11,7,2,390,2.4999999999999998e-05,3.2927999999999994e-05,1,1
ttfs_M4_local-pool_dedicated,1,11,7,3,391,2.4999999999999998e-05,3.1695999999999996e-05,1,1
ttfs_M4_local-pool_dedicated,1,11,8,0,8,2.4999999999999998e-05,,0,0
ttfs_M4_local-pool_dedicated,1,11,8,1,9,2.4999999999999998e-05,,0,0
ttfs_M4_local-pool_dedicated,1,11,8,2,10,2.4999999999999998e-05,3.178399999999999e-05,1,1
ttfs_M4_local-pool_dedicated,1,11,8,3,11,2.4999999999999998e-05,,0,0
ttfs_M4_local-pool_dedicated,1,11,9,0,136,2.4e-05,,0,0
ttfs_M4_local-pool_dedicated,1,11,9,1,137,2.4e-05,,0,0
ttfs_M4_local-pool_dedicated,1,11,9,2,138,2.4e-05,,0,0
ttfs_M4_local-pool_dedicated,1,11,9,3,139,2.4e-05,,0,0
ttfs_M4_local-pool_dedicated,1,11,10,0,264,2.4999999999999998e-05,3.1215999999999994e-05,1,1
ttfs_M4_local-pool_dedicated,1,11,10,1,265,2.4999999999999998e-05,3.208e-05,1,1
ttfs_M4_local-pool_dedicated,1,11,10,2,266,2.4999999999999998e-05,2.9951999999999997e-05,1,1
ttfs_M4_local-pool_dedicated,1,11,10,3,267,2.4999999999999998e-05,,0,0
ttfs_M4_local-pool_dedicated,1,11,11,0,392,1.8999999999999998e-05,2.3959999999999998e-05,1,1
ttfs_M4_local-pool_dedicated,1,11,11,1,393,1.8999999999999998e-05,2.3159999999999995e-05,1,1
ttfs_M4_local-pool_dedicated,1,11,11,2,394,1.8999999999999998e-05,2.4639999999999998e-05,1,1
ttfs_M4_local-pool_dedicated,1,11,11,3,395,1.8999999999999998e-05,2.3735999999999998e-05,1,1
ttfs_M4_local-pool_dedicated,1,11,12,0,12,2.2e-05,,0,0
ttfs_M4_local-pool_dedicated,1,11,12,1,13,2.2e-05,,0,0
ttfs_M4_local-pool_dedicated,1,11,12,2,14,2.2e-05,,0,0
ttfs_M4_local-pool_dedicated,1,11,12,3,15,2.2e-05,,0,0
ttfs_M4_local-pool_dedicated,1,11,13,0,140,2.4e-05,,0,0
ttfs_M4_local-pool_dedicated,1,11,13,1,141,2.4e-05,,0,0
ttfs_M4_local-pool_dedicated,1,11,13,2,142,2.4e-05,,0,0
ttfs_M4_local-pool_dedicated,1,11,13,3,143,2.4e-05,,0,0
ttfs_M4_local-pool_dedicated,1,11,14,0,268,2.4999999999999998e-05,3.128e-05,1,1
ttfs_M4_local-pool_dedicated,1,11,14,1,269,2.4999999999999998e-05,3.1991999999999995e-05,1,1
ttfs_M4_local-pool_dedicated,1,11,14,2,270,2.4999999999999998e-05,3.2127999999999995e-05,1,1
ttfs_M4_local-pool_dedicated,1,11,14,3,271,2.4999999999999998e-05,2.9343999999999996e-05,1,1
ttfs_M4_local-pool_dedicated,1,11,15,0,396,2.4999999999999998e-05,3.1304e-05,1,1
ttfs_M4_local-pool_dedicated,1,11,15,1,397,2.4999999999999998e-05,3.0159999999999996e-05,1,1
ttfs_M4_local-pool_dedicated,1,11,15,2,398,2.4999999999999998e-05,3.1599999999999996e-05,1,1
ttfs_M4_local-pool_dedicated,1,11,15,3,399,2.4999999999999998e-05,,0,0
ttfs_M4_local-pool_dedicated,1,11,16,0,16,2.4999999999999998e-05,3.2432e-05,1,1
ttfs_M4_local-pool_dedicated,1,11,16,1,17,2.4999999999999998e-05,3.1927999999999997e-05,1,1
ttfs_M4_local-pool_dedicated,1,11,16,2,18,2.4999999999999998e-05,3.1344e-05,1,1
ttfs_M4_local-pool_dedicated,1,11,16,3,19,2.4999999999999998e-05,3.0743999999999996e-05,1,1
ttfs_M4_local-pool_dedicated,1,11,17,0,144,2.4e-05,,0,0
ttfs_M4_local-pool_dedicated,1,11,17,1,145,2.4e-05,,0,0
ttfs_M4_local-pool_dedicated,1,11,17,2,146,2.4e-05,,0,0
ttfs_M4_local-pool_dedicated,1,11,17,3,147,2.4e-05,,0,0
ttfs_M4_local-pool_dedicated,1,11,18,0,272,2.4999999999999998e-05,2.9927999999999995e-05,1,1
ttfs_M4_local-pool_dedicated,1,11,18,1,273,2.4999999999999998e-05,3.0103999999999995e-05,1,1
ttfs_M4_local-pool_dedicated,1,11,18,2,274,2.4999999999999998e-05,3.061599999999999e-05,1,1
ttfs_M4_local-pool_dedicated,1,11,18,3,275,2.4999999999999998e-05,2.9975999999999996e-05,1,1
ttfs_M4_local-pool_dedicated,1,11,19,0,400,2.4999999999999998e-05,3.1855999999999995e-05,1,1
ttfs_M4_local-pool_dedicated,1,11,19,1,401,2.4999999999999998e-05,3.1407999999999995e-05,1,1
ttfs_M4_local-pool_dedicated,1,11,19,2,402,2.4999999999999998e-05,3.204e-05,1,1
ttfs_M4_local-pool_dedicated,1,11,19,3,403,2.4999999999999998e-05,3.0912e-05,1,1
ttfs_M4_local-pool_dedicated,1,11,20,0,20,2.4999999999999998e-05,3.1815999999999995e-05,1,1
ttfs_M4_local-pool_dedicated,1,11,20,1,21,2.4999999999999998e-05,3.0943999999999994e-05,1,1
ttfs_M4_local-pool_dedicated,1,11,20,2,22,2.4999999999999998e-05,3.2343999999999994e-05,1,1
ttfs_M4_local-pool_dedicated,1,11,20,3,23,2.4999999999999998e-05,3.1583999999999994e-05,1,1
ttfs_M4_local-pool_dedicated,1,11,21,0,148,2.3e-05,,0,0
ttfs_M4_local-pool_dedicated,1,11,21,1,149,2.3e-05,,0,0
ttfs_M4_local-pool_dedicated,1,11,21,2,150,2.3e-05,2.8735999999999997e-05,1,1
ttfs_M4_local-pool_dedicated,1,11,21,3,151,2.3e-05,,0,0
ttfs_M4_local-pool_dedicated,1,11,22,0,276,2.2e-05,,0,0
ttfs_M4_local-pool_dedicated,1,11,22,1,277,2.2e-05,,0,0
ttfs_M4_local-pool_dedicated,1,11,22,2,278,2.2e-05,,0,0
ttfs_M4_local-pool_dedicated,1,11,22,3,279,2.2e-05,,0,0
ttfs_M4_local-pool_dedicated,1,11,23,0,404,2.4999999999999998e-05,3.1224e-05,1,1
ttfs_M4_local-pool_dedicated,1,11,23,1,405,2.4999999999999998e-05,3.0839999999999996e-05,1,1
ttfs_M4_local-pool_dedicated,1,11,23,2,406,2.4999999999999998e-05,3.0279999999999995e-05,1,1
ttfs_M4_local-pool_dedicated,1,11,23,3,407,2.4999999999999998e-05,3.0783999999999995e-05,1,1
ttfs_M4_local-pool_dedicated,1,11,24,0,24,2.4999999999999998e-05,3.0047999999999994e-05,1,1
ttfs_M4_local-pool_dedicated,1,11,24,1,25,2.4999999999999998e-05,2.9887999999999996e-05,1,1
ttfs_M4_local-pool_dedicated,1,11,24,2,26,2.4999999999999998e-05,3.0423999999999995e-05,1,1
ttfs_M4_local-pool_dedicated,1,11,24,3,27,2.4999999999999998e-05,3.0487999999999997e-05,1,1
ttfs_M4_local-pool_dedicated,1,11,25,0,152,2.3e-05,,0,0
ttfs_M4_local-pool_dedicated,1,11,25,1,153,2.3e-05,,0,0
ttfs_M4_local-pool_dedicated,1,11,25,2,154,2.3e-05,,0,0
ttfs_M4_local-pool_dedicated,1,11,25,3,155,2.3e-05,,0,0
ttfs_M4_local-pool_dedicated,1,11,26,0,280,2.4e-05,,0,0
ttfs_M4_local-pool_dedicated,1,11,26,1,281,2.4e-05,,0,0
ttfs_M4_local-pool_dedicated,1,11,26,2,282,2.4e-05,,0,0
ttfs_M4_local-pool_dedicated,1,11,26,3,283,2.4e-05,,0,0
ttfs_M4_local-pool_dedicated,1,11,27,0,408,2.4999999999999998e-05,3.098399999999999e-05,1,1
ttfs_M4_local-pool_dedicated,1,11,27,1,409,2.4999999999999998e-05,3.0975999999999996e-05,1,1
ttfs_M4_local-pool_dedicated,1,11,27,2,410,2.4999999999999998e-05,3.144e-05,1,1
ttfs_M4_local-pool_dedicated,1,11,27,3,411,2.4999999999999998e-05,2.9775999999999994e-05,1,1
ttfs_M4_local-pool_dedicated,1,11,28,0,28,2.4999999999999998e-05,3.0047999999999994e-05,1,1
ttfs_M4_local-pool_dedicated,1,11,28,1,29,2.4999999999999998e-05,3.0255999999999996e-05,1,1
ttfs_M4_local-pool_dedicated,1,11,28,2,30,2.4999999999999998e-05,2.9711999999999996e-05,1,1
ttfs_M4_local-pool_dedicated,1,11,28,3,31,2.4999999999999998e-05,3.0183999999999994e-05,1,1
ttfs_M4_local-pool_dedicated,1,11,29,0,156,2.4999999999999998e-05,3.0663999999999996e-05,1,1
ttfs_M4_local-pool_dedicated,1,11,29,1,157,2.4999999999999998e-05,2.9191999999999994e-05,1,1
ttfs_M4_local-pool_dedicated,1,11,29,2,158,2.4999999999999998e-05,2.9895999999999996e-05,1,1
ttfs_M4_local-pool_dedicated,1,11,29,3,159,2.4999999999999998e-05,2.9335999999999995e-05,1,1
