primitive,stage,split,device,physical_coordinate,input_code,ideal_variable,sample_count,mean,variance,miss_rate,multiple_spike_rate,saturation_rate
phi-np,dynamic,calibration,0,3,0.0,0.0,128,1.9555000000000036e-05,1.1161600000000242e-13,0.0,0.0,0.0
phi-np,dynamic,calibration,0,3,1.0,1.0,128,1.9549250000000036e-05,7.638217322834727e-14,0.0,0.0,0.0
phi-np,dynamic,calibration,0,3,2.0,2.0,128,1.9046437500000034e-05,1.5751161811023588e-13,0.0,0.0,0.0
phi-np,dynamic,calibration,0,3,3.0,3.0,128,1.8480125000000035e-05,1.3928716535433676e-13,0.0,0.0,0.0
phi-np,dynamic,calibration,0,3,4.0,4.0,128,1.8021937500000038e-05,1.175233976377988e-13,0.0,0.0,0.0
phi-np,dynamic,calibration,0,3,5.0,5.0,128,1.7840250000000036e-05,9.722853543307636e-14,0.0,0.0,0.0
phi-np,dynamic,calibration,0,3,6.0,6.0,128,1.756437500000004e-05,1.180632283464592e-13,0.0,0.0,0.0
phi-np,dynamic,calibration,0,3,7.0,7.0,128,1.7608125000000034e-05,9.252181102362365e-14,0.0,0.0,0.0
phi-np,dynamic,calibration,0,3,8.0,8.0,128,1.713012500000004e-05,1.1846902362204775e-13,0.0,0.0,0.0
phi-np,dynamic,calibration,0,3,9.0,9.0,128,1.6979937500000036e-05,1.222873661417342e-13,0.0,0.0,0.0
phi-np,dynamic,calibration,0,3,10.0,10.0,128,1.6513250000000037e-05,1.168977007874013e-13,0.0,0.0,0.0
phi-np,dynamic,calibration,0,3,11.0,11.0,128,1.625568750000004e-05,8.931517716535871e-14,0.0,0.0,0.0
phi-np,dynamic,calibration,0,3,12.0,12.0,128,1.5986375000000035e-05,9.253629921259717e-14,0.0,0.0,0.0
phi-np,dynamic,calibration,0,3,13.0,13.0,128,1.5904250000000033e-05,8.042727559055529e-14,0.0,0.0,0.0
phi-np,dynamic,calibration,0,3,14.0,14.0,128,1.5593562500000037e-05,7.634046850393708e-14,0.0,0.0,0.0
phi-np,dynamic,calibration,0,3,15.0,15.0,128,1.5155312500000035e-05,3.967246850393467e-14,0.0,0.0,0.0
phi-np,dynamic,calibration,0,3,16.0,16.0,128,1.4985125000000037e-05,6.178744881889852e-14,0.0,0.0,0.0
phi-np,dynamic,calibration,0,3,17.0,17.0,128,1.4681750000000036e-05,5.54602204724372e-14,0.0,0.0,0.0
phi-np,dynamic,calibration,0,3,18.0,18.0,128,1.4570250000000037e-05,7.593014173228532e-14,0.0,0.0,0.0
phi-np,dynamic,calibration,0,3,19.0,19.0,128,1.4361375000000037e-05,7.012496062992501e-14,0.0,0.0,0.0
phi-np,dynamic,calibration,0,3,20.0,20.0,128,1.4230000000000037e-05,9.427451968503921e-14,0.0,0.0,0.0
phi-np,dynamic,calibration,0,3,21.0,21.0,128,1.4082937500000037e-05,5.301605905511705e-14,0.0,0.0,0.0
phi-np,dynamic,calibration,0,3,22.0,22.0,128,1.3538437500000035e-05,5.792308267717107e-14,0.0,0.0,0.0
phi-np,dynamic,calibration,0,3,23.0,23.0,128,1.3101375000000037e-05,9.065233070866102e-14,0.0,0.0,0.0
phi-np,dynamic,calibration,0,3,24.0,24.0,128,1.3042375000000035e-05,6.603223622047377e-14,0.0,0.0,0.0
phi-np,dynamic,calibration,0,3,25.0,25.0,128,1.2945062500000034e-05,7.808440551181816e-14,0.0,0.0,0.0
phi-np,dynamic,calibration,0,3,26.0,26.0,128,1.2656687500000038e-05,4.9381822834645193e-14,0.0,0.0,0.0
phi-np,dynamic,calibration,0,3,27.0,27.0,128,1.260993750000004e-05,4.989454724409629e-14,0.0,0.0,0.0
phi-np,dynamic,calibration,0,3,28.0,28.0,128,1.2442312500000036e-05,6.271612204724465e-14,0.0,0.0,0.0
phi-np,dynamic,calibration,0,3,29.0,29.0,128,1.2465375000000033e-05,1.112180000000017e-13,0.0,0.0,0.0
phi-np,dynamic,calibration,0,3,30.0,30.0,128,1.2225625000000038e-05,6.074190551181148e-14,0.0,0.0,0.0
phi-np,dynamic,calibration,0,3,31.0,31.0,128,1.1907312500000035e-05,8.766541338583049e-14,0.0,0.0,0.0
phi-np,dynamic,calibration,1,11,0.0,0.0,128,1.952312500000004e-05,8.032678740157173e-14,0.0,0.0,0.0
phi-np,dynamic,calibration,1,11,1.0,1.0,128,1.9378812500000036e-05,1.0772418503937309e-13,0.0,0.0,0.0
phi-np,dynamic,calibration,1,11,2.0,2.0,128,1.897743750000004e-05,7.67500433070829e-14,0.0,0.0,0.0
phi-np,dynamic,calibration,1,11,3.0,3.0,128,1.8833125000000037e-05,6.653957480314812e-14,0.0,0.0,0.0
phi-np,dynamic,calibration,1,11,4.0,4.0,128,1.868456250000004e-05,1.0696434251968873e-13,0.0,0.0,0.0
phi-np,dynamic,calibration,1,11,5.0,5.0,128,1.8081000000000032e-05,6.011565354331007e-14,0.0,0.0,0.0
phi-np,dynamic,calibration,1,11,6.0,6.0,128,1.7701062500000037e-05,1.9348245275591044e-13,0.0,0.0,0.0
phi-np,dynamic,calibration,1,11,7.0,7.0,128,1.779137500000004e-05,1.342826929133832e-13,0.0,0.0,0.0
phi-np,dynamic,calibration,1,11,8.0,8.0,128,1.7245375000000038e-05,6.434077165354096e-14,0.0,0.0,0.0
phi-np,dynamic,calibration,1,11,9.0,9.0,128,1.6918687500000038e-05,7.824607480314992e-14,0.0,0.0,0.0
phi-np,dynamic,calibration,1,11,10.0,10.0,128,1.6661937500000037e-05,6.125983858267916e-14,0.0,0.0,0.0
phi-np,dynamic,calibration,1,11,11.0,11.0,128,1.6314687500000038e-05,3.048746062992461e-14,0.0,0.0,0.0
phi-np,dynamic,calibration,1,11,12.0,12.0,128,1.5950062500000036e-05,4.924043700787554e-14,0.0,0.0,0.0
phi-np,dynamic,calibration,1,11,13.0,13.0,128,1.5509312500000035e-05,7.801476771654221e-14,0.0,0.0,0.0
phi-np,dynamic,calibration,1,11,14.0,14.0,128,1.527556250000004e-05,6.049845275590937e-14,0.0,0.0,0.0
phi-np,dynamic,calibration,1,11,15.0,15.0,128,1.4989562500000036e-05,7.107382283465116e-14,0.0,0.0,0.0
phi-np,dynamic,calibration,1,11,16.0,16.0,128,1.4677375000000038e-05,4.5049055118109183e-14,0.0,0.0,0.0
phi-np,dynamic,calibration,1,11,17.0,17.0,128,1.4447562500000035e-05,2.996440551181529e-14,0.0,0.0,0.0
phi-np,dynamic,calibration,1,11,18.0,18.0,128,1.4282187500000033e-05,5.0840909448820444e-14,0.0,0.0,0.0
phi-np,dynamic,calibration,1,11,19.0,19.0,128,1.3953437500000037e-05,3.8562704724411986e-14,0.0,0.0,0.0
phi-np,dynamic,calibration,1,11,20.0,20.0,128,1.3626562500000037e-05,5.3293287401576385e-14,0.0,0.0,0.0
phi-np,dynamic,calibration,1,11,21.0,21.0,128,1.3491375000000038e-05,5.71994803149612e-14,0.0,0.0,0.0
phi-np,dynamic,calibration,1,11,22.0,22.0,128,1.3211750000000035e-05,3.996214173228523e-14,0.0,0.0,0.0
phi-np,dynamic,calibration,1,11,23.0,23.0,128,1.3256562500000036e-05,1.0312081496062822e-13,0.0,0.0,0.0
phi-np,dynamic,calibration,1,11,24.0,24.0,128,1.2955500000000035e-05,5.2538204724408253e-14,0.0,0.0,0.0
phi-np,dynamic,calibration,1,11,25.0,25.0,127,1.2771275590551217e-05,4.5535852018499195e-14,0.0078125,0.0,0.0
phi-np,dynamic,calibration,1,11,26.0,26.0,128,1.2382187500000034e-05,3.603070472440969e-14,0.0,0.0,0.0
phi-np,dynamic,calibration,1,11,27.0,27.0,128,1.2226625000000038e-05,4.8670346456692376e-14,0.0,0.0,0.0
phi-np,dynamic,calibration,1,11,28.0,28.0,128,1.1963250000000035e-05,5.32262677165372e-14,0.0,0.0,0.0
phi-np,dynamic,calibration,1,11,29.0,29.0,128,1.1795437500000035e-05,3.981372834645496e-14,0.0,0.0,0.0
phi-np,dynamic,calibration,1,11,30.0,30.0,128,1.1666625000000038e-05,3.4288992125987994e-14,0.0,0.0,0.0
phi-np,dynamic,calibration,1,11,31.0,31.0,128,1.1615437500000039e-05,2.379911417322853e-14,0.0,0.0,0.0
phi-np,dynamic,calibration,2,13,0.0,0.0,128,1.6711875000000037e-05,1.1412659842519508e-13,0.0,0.0,0.0
phi-np,dynamic,calibration,2,13,1.0,1.0,128,1.6691875000000037e-05,9.126196850393896e-14,0.0,0.0,0.0
phi-np,dynamic,calibration,2,13,2.0,2.0,128,1.6311875000000034e-05,8.719922834646094e-14,0.0,0.0,0.0
phi-np,dynamic,calibration,2,13,3.0,3.0,128,1.6225062500000036e-05,6.879483070866503e-14,0.0,0.0,0.0
phi-np,dynamic,calibration,2,13,4.0,4.0,128,1.5966500000000038e-05,8.128277165354301e-14,0.0,0.0,0.0
phi-np,dynamic,calibration,2,13,5.0,5.0,128,1.5787062500000038e-05,8.242607480315435e-14,0.0,0.0,0.0
phi-np,dynamic,calibration,2,13,6.0,6.0,128,1.5396500000000038e-05,7.60025196850414e-14,0.0,0.0,0.0
phi-np,dynamic,calibration,2,13,7.0,7.0,128,1.4952750000000036e-05,9.261499212598126e-14,0.0,0.0,0.0
phi-np,dynamic,calibration,2,13,8.0,8.0,128,1.4812250000000034e-05,4.8428283464569327e-14,0.0,0.0,0.0
phi-np,dynamic,calibration,2,13,9.0,9.0,128,1.4686437500000037e-05,5.78449724409479e-14,0.0,0.0,0.0
phi-np,dynamic,calibration,2,13,10.0,10.0,128,1.4461375000000037e-05,4.888703937007963e-14,0.0,0.0,0.0
phi-np,dynamic,calibration,2,13,11.0,11.0,128,1.4175687500000039e-05,6.374843700787691e-14,0.0,0.0,0.0
phi-np,dynamic,calibration,2,13,12.0,12.0,128,1.3904250000000037e-05,6.977303937008011e-14,0.0,0.0,0.0
phi-np,dynamic,calibration,2,13,13.0,13.0,128,1.3721437500000037e-05,5.75349251968523e-14,0.0,0.0,0.0
phi-np,dynamic,calibration,2,13,14.0,14.0,128,1.3427437500000034e-05,5.902582283464713e-14,0.0,0.0,0.0
phi-np,dynamic,calibration,2,13,15.0,15.0,128,1.3201250000000037e-05,7.215212598425452e-14,0.0,0.0,0.0
phi-np,dynamic,calibration,2,13,16.0,16.0,128,1.2841500000000036e-05,5.090948031496314e-14,0.0,0.0,0.0
phi-np,dynamic,calibration,2,13,17.0,17.0,128,1.266018750000004e-05,7.678182283464976e-14,0.0,0.0,0.0
phi-np,dynamic,calibration,2,13,18.0,18.0,128,1.2415062500000035e-05,4.7702295275590487e-14,0.0,0.0,0.0
phi-np,dynamic,calibration,2,13,19.0,19.0,128,1.2250000000000037e-05,5.3669291338587716e-14,0.0,0.0,0.0
phi-np,dynamic,calibration,2,13,20.0,20.0,128,1.2140250000000035e-05,6.631703937008277e-14,0.0,0.0,0.0
phi-np,dynamic,calibration,2,13,21.0,21.0,128,1.1824375000000037e-05,5.779337007874542e-14,0.0,0.0,0.0
phi-np,dynamic,calibration,2,13,22.0,22.0,128,1.1512750000000035e-05,7.007086614173732e-14,0.0,0.0,0.0
phi-np,dynamic,calibration,2,13,23.0,23.0,128,1.1362125000000038e-05,1.0212231496063757e-13,0.0,0.0,0.0
phi-np,dynamic,calibration,2,13,24.0,24.0,128,1.1419562500000036e-05,5.90289724409517e-14,0.0,0.0,0.0
phi-np,dynamic,calibration,2,13,25.0,25.0,128,1.1288687500000036e-05,7.683731889764269e-14,0.0,0.0,0.0
phi-np,dynamic,calibration,2,13,26.0,26.0,128,1.1157937500000035e-05,6.429353937008282e-14,0.0,0.0,0.0
phi-np,dynamic,calibration,2,13,27.0,27.0,128,1.0739375000000038e-05,9.463796850394351e-14,0.0,0.0,0.0
phi-np,dynamic,calibration,2,13,28.0,28.0,128,1.0780312500000034e-05,6.871775984252358e-14,0.0,0.0,0.0
phi-np,dynamic,calibration,2,13,29.0,29.0,128,1.0515812500000035e-05,9.649483070866629e-14,0.0,0.0,0.0
phi-np,dynamic,calibration,2,13,30.0,30.0,128,1.0389125000000038e-05,6.84122047244155e-14,0.0,0.0,0.0
phi-np,dynamic,calibration,2,13,31.0,31.0,128,1.0374625000000038e-05,6.088880314961338e-14,0.0,0.0,0.0
phi-np,dynamic,calibration,3,1,0.0,0.0,128,1.5158187500000036e-05,4.32581692913398e-14,0.0,0.0,0.0
phi-np,dynamic,calibration,3,1,1.0,1.0,128,1.5038187500000038e-05,5.6186169291337875e-14,0.0,0.0,0.0
phi-np,dynamic,calibration,3,1,2.0,2.0,128,1.4686437500000034e-05,5.313719291339085e-14,0.0,0.0,0.0
phi-np,dynamic,calibration,3,1,3.0,3.0,128,1.4671312500000038e-05,4.640254724409838e-14,0.0,0.0,0.0
phi-np,dynamic,calibration,3,1,4.0,4.0,128,1.4404812500000034e-05,6.482579133858352e-14,0.0,0.0,0.0
phi-np,dynamic,calibration,3,1,5.0,5.0,128,1.4155187500000036e-05,4.70307677165374e-14,0.0,0.0,0.0
phi-np,dynamic,calibration,3,1,6.0,6.0,128,1.3970312500000039e-05,3.7641224409448514e-14,0.0,0.0,0.0
phi-np,dynamic,calibration,3,1,7.0,7.0,128,1.3854687500000038e-05,6.784985433070864e-14,0.0,0.0,0.0
phi-np,dynamic,calibration,3,1,8.0,8.0,128,1.3609125000000037e-05,3.0494976377952724e-14,0.0,0.0,0.0
phi-np,dynamic,calibration,3,1,9.0,9.0,128,1.3477312500000035e-05,5.778975984252292e-14,0.0,0.0,0.0
phi-np,dynamic,calibration,3,1,10.0,10.0,128,1.3265750000000038e-05,3.9869417322837125e-14,0.0,0.0,0.0
phi-np,dynamic,calibration,3,1,11.0,11.0,128,1.310081250000004e-05,4.72988622047265e-14,0.0,0.0,0.0
phi-np,dynamic,calibration,3,1,12.0,12.0,128,1.2842437500000037e-05,5.816497244094487e-14,0.0,0.0,0.0
phi-np,dynamic,calibration,3,1,13.0,13.0,128,1.2778750000000038e-05,4.905165354331146e-14,0.0,0.0,0.0
phi-np,dynamic,calibration,3,1,14.0,14.0,128,1.2494750000000037e-05,2.3348850393701566e-14,0.0,0.0,0.0
phi-np,dynamic,calibration,3,1,15.0,15.0,128,1.2375937500000038e-05,3.551798031496156e-14,0.0,0.0,0.0
phi-np,dynamic,calibration,3,1,16.0,16.0,128,1.2077937500000037e-05,4.814437401575095e-14,0.0,0.0,0.0
phi-np,dynamic,calibration,3,1,17.0,17.0,128,1.1911375000000035e-05,3.475311811023709e-14,0.0,0.0,0.0
phi-np,dynamic,calibration,3,1,18.0,18.0,128,1.1750625000000038e-05,1.8583291338583785e-14,0.0,0.0,0.0
phi-np,dynamic,calibration,3,1,19.0,19.0,128,1.1758812500000035e-05,4.487870472441198e-14,0.0,0.0,0.0
phi-np,dynamic,calibration,3,1,20.0,20.0,128,1.1535312500000036e-05,3.9551019685041255e-14,0.0,0.0,0.0
phi-np,dynamic,calibration,3,1,21.0,21.0,128,1.1398937500000038e-05,2.2968814960633232e-14,0.0,0.0,0.0
phi-np,dynamic,calibration,3,1,22.0,22.0,128,1.1238250000000036e-05,3.560409448818912e-14,0.0,0.0,0.0
phi-np,dynamic,calibration,3,1,23.0,23.0,128,1.1088312500000038e-05,3.0584342519687897e-14,0.0,0.0,0.0
phi-np,dynamic,calibration,3,1,24.0,24.0,128,1.0880625000000038e-05,2.610152755905758e-14,0.0,0.0,0.0
phi-np,dynamic,calibration,3,1,25.0,25.0,128,1.0863875000000037e-05,4.312086614173368e-14,0.0,0.0,0.0
phi-np,dynamic,calibration,3,1,26.0,26.0,128,1.062787500000004e-05,2.3806976377953562e-14,0.0,0.0,0.0
phi-np,dynamic,calibration,3,1,27.0,27.0,128,1.0581812500000039e-05,3.5721791338582904e-14,0.0,0.0,0.0
phi-np,dynamic,calibration,3,1,28.0,28.0,128,1.0502312500000038e-05,2.1202295275590877e-14,0.0,0.0,0.0
phi-np,dynamic,calibration,3,1,29.0,29.0,128,1.0312250000000037e-05,3.81943307086608e-14,0.0,0.0,0.0
phi-np,dynamic,calibration,3,1,30.0,30.0,128,1.0204062500000036e-05,2.866796456693086e-14,0.0,0.0,0.0
phi-np,dynamic,calibration,3,1,31.0,31.0,128,9.970875000000039e-06,3.4786503937010764e-14,0.0,0.0,0.0
phi-np,dynamic,calibration,4,134,0.0,0.0,128,2.0770750000000038e-05,1.3712674015747547e-13,0.0,0.0,0.0
phi-np,dynamic,calibration,4,134,1.0,1.0,128,2.0521437500000033e-05,1.5950657874016427e-13,0.0,0.0,0.0
phi-np,dynamic,calibration,4,134,2.0,2.0,128,2.0240375000000036e-05,1.351356062992153e-13,0.0,0.0,0.0
phi-np,dynamic,calibration,4,134,3.0,3.0,128,1.9779937500000037e-05,1.5706909842520694e-13,0.0,0.0,0.0
phi-np,dynamic,calibration,4,134,4.0,4.0,128,1.936712500000004e-05,1.8304225196850831e-13,0.0,0.0,0.0
phi-np,dynamic,calibration,4,134,5.0,5.0,128,1.8984687500000038e-05,1.1427076771653442e-13,0.0,0.0,0.0
phi-np,dynamic,calibration,4,134,6.0,6.0,128,1.8685875000000036e-05,1.5845541732283493e-13,0.0,0.0,0.0
phi-np,dynamic,calibration,4,134,7.0,7.0,128,1.8457812500000036e-05,2.0095517716536253e-13,0.0,0.0,0.0
phi-np,dynamic,calibration,4,134,8.0,8.0,128,1.8186687500000036e-05,1.540911141732345e-13,0.0,0.0,0.0
phi-np,dynamic,calibration,4,134,9.0,9.0,128,1.763600000000004e-05,1.0445807874016028e-13,0.0,0.0,0.0
phi-np,dynamic,calibration,4,134,10.0,10.0,128,1.7398500000000033e-05,1.5224214173228173e-13,0.0,0.0,0.0
phi-np,dynamic,calibration,4,134,11.0,11.0,128,1.719525000000004e-05,1.1062267716535675e-13,0.0,0.0,0.0
phi-np,dynamic,calibration,4,134,12.0,12.0,128,1.657300000000004e-05,1.2154456692914098e-13,0.0,0.0,0.0
phi-np,dynamic,calibration,4,134,13.0,13.0,128,1.6338187500000035e-05,1.2220040551181257e-13,0.0,0.0,0.0
phi-np,dynamic,calibration,4,134,14.0,14.0,128,1.610387500000004e-05,1.422805511811008e-13,0.0,0.0,0.0
phi-np,dynamic,calibration,4,134,15.0,15.0,128,1.591137500000004e-05,1.27172141732297e-13,0.0,0.0,0.0
phi-np,dynamic,calibration,4,134,16.0,16.0,128,1.5387750000000032e-05,9.695540157480235e-14,0.0,0.0,0.0
phi-np,dynamic,calibration,4,134,17.0,17.0,128,1.5159187500000039e-05,9.780594881888976e-14,0.0,0.0,0.0
phi-np,dynamic,calibration,4,134,18.0,18.0,128,1.4882625000000036e-05,1.235211181102375e-13,0.0,0.0,0.0
phi-np,dynamic,calibration,4,134,19.0,19.0,128,1.4704375000000037e-05,1.1272955905512146e-13,0.0,0.0,0.0
phi-np,dynamic,calibration,4,134,20.0,20.0,128,1.4293375000000037e-05,9.285655118110704e-14,0.0,0.0,0.0
phi-np,dynamic,calibration,4,134,21.0,21.0,128,1.4279500000000035e-05,8.801234645669906e-14,0.0,0.0,0.0
phi-np,dynamic,calibration,4,134,22.0,22.0,128,1.3966812500000038e-05,8.906087795275517e-14,0.0,0.0,0.0
phi-np,dynamic,calibration,4,134,23.0,23.0,127,1.3746330708661453e-05,8.345712785901689e-14,0.0078125,0.0,0.0
phi-np,dynamic,calibration,4,134,24.0,24.0,128,1.3405312500000035e-05,7.573798031496242e-14,0.0,0.0,0.0
phi-np,dynamic,calibration,4,134,25.0,25.0,128,1.3125062500000035e-05,1.4044106692913507e-13,0.0,0.0,0.0
phi-np,dynamic,calibration,4,134,26.0,26.0,128,1.2858250000000036e-05,8.928144881890846e-14,0.0,0.0,0.0
phi-np,dynamic,calibration,4,134,27.0,27.0,128,1.283912500000004e-05,8.171866141732597e-14,0.0,0.0,0.0
phi-np,dynamic,calibration,4,134,28.0,28.0,128,1.2476062500000037e-05,8.776062598425536e-14,0.0,0.0,0.0
phi-np,dynamic,calibration,4,134,29.0,29.0,128,1.2210437500000037e-05,1.0650966535433877e-13,0.0,0.0,0.0
phi-np,dynamic,calibration,4,134,30.0,30.0,128,1.2297750000000037e-05,7.219193700787948e-14,0.0,0.0,0.0
phi-np,dynamic,calibration,4,134,31.0,31.0,128,1.2185062500000038e-05,7.73254763779529e-14,0.0,0.0,0.0
phi-np,dynamic,calibration,5,141,0.0,0.0,128,1.9157250000000038e-05,7.68135433070918e-14,0.0,0.0,0.0
phi-np,dynamic,calibration,5,141,1.0,1.0,128,1.899550000000004e-05,7.404018897637887e-14,0.0,0.0,0.0
phi-np,dynamic,calibration,5,141,2.0,2.0,128,1.8530187500000037e-05,8.62092244094501e-14,0.0,0.0,0.0
phi-np,dynamic,calibration,5,141,3.0,3.0,128,1.813112500000004e-05,9.067664566929093e-14,0.0,0.0,0.0
phi-np,dynamic,calibration,5,141,4.0,4.0,128,1.7936375000000035e-05,7.48002362204768e-14,0.0,0.0,0.0
phi-np,dynamic,calibration,5,141,5.0,5.0,128,1.7484750000000036e-05,7.636201574803604e-14,0.0,0.0,0.0
phi-np,dynamic,calibration,5,141,6.0,6.0,128,1.718168750000004e-05,6.141798031496597e-14,0.0,0.0,0.0
phi-np,dynamic,calibration,5,141,7.0,7.0,128,1.6772000000000035e-05,1.1522318110236829e-13,0.0,0.0,0.0
phi-np,dynamic,calibration,5,141,8.0,8.0,128,1.6698750000000034e-05,5.6173291338582025e-14,0.0,0.0,0.0
phi-np,dynamic,calibration,5,141,9.0,9.0,128,1.6492000000000038e-05,6.20537952755939e-14,0.0,0.0,0.0
phi-np,dynamic,calibration,5,141,10.0,10.0,128,1.5918687500000034e-05,8.8357066929141e-14,0.0,0.0,0.0
phi-np,dynamic,calibration,5,141,11.0,11.0,128,1.5688000000000037e-05,5.915615748031273e-14,0.0,0.0,0.0
phi-np,dynamic,calibration,5,141,12.0,12.0,128,1.5407375000000036e-05,9.806574803150281e-14,0.0,0.0,0.0
phi-np,dynamic,calibration,5,141,13.0,13.0,128,1.5242500000000036e-05,6.856440944882344e-14,0.0,0.0,0.0
phi-np,dynamic,calibration,5,141,14.0,14.0,128,1.4743812500000037e-05,9.893942913386304e-14,0.0,0.0,0.0
phi-np,dynamic,calibration,5,141,15.0,15.0,128,1.4454625000000041e-05,6.791670866142136e-14,0.0,0.0,0.0
phi-np,dynamic,calibration,5,141,16.0,16.0,128,1.4240125000000038e-05,9.602719685039615e-14,0.0,0.0,0.0
phi-np,dynamic,calibration,5,141,17.0,17.0,128,1.3865750000000037e-05,1.1737190551181638e-13,0.0,0.0,0.0
phi-np,dynamic,calibration,5,141,18.0,18.0,128,1.3592375000000036e-05,9.170429921260138e-14,0.0,0.0,0.0
phi-np,dynamic,calibration,5,141,19.0,19.0,128,1.3371812500000038e-05,9.966358661417644e-14,0.0,0.0,0.0
phi-np,dynamic,calibration,5,141,20.0,20.0,128,1.3160687500000036e-05,9.598188582677774e-14,0.0,0.0,0.0
phi-np,dynamic,calibration,5,141,21.0,21.0,128,1.3092625000000035e-05,1.0696527559056121e-13,0.0,0.0,0.0
phi-np,dynamic,calibration,5,141,22.0,22.0,128,1.2634437500000035e-05,1.2068843700787772e-13,0.0,0.0,0.0
phi-np,dynamic,calibration,5,141,23.0,23.0,128,1.2633937500000036e-05,9.349618503937591e-14,0.0,0.0,0.0
phi-np,dynamic,calibration,5,141,24.0,24.0,128,1.2414000000000037e-05,7.550891338583174e-14,0.0,0.0,0.0
phi-np,dynamic,calibration,5,141,25.0,25.0,128,1.2284375000000036e-05,8.825636220473291e-14,0.0,0.0,0.0
phi-np,dynamic,calibration,5,141,26.0,26.0,128,1.1915062500000039e-05,1.4187552362205638e-13,0.0,0.0,0.0
phi-np,dynamic,calibration,5,141,27.0,27.0,128,1.1719062500000037e-05,1.82080122047253e-13,0.0,0.0,0.0
phi-np,dynamic,calibration,5,141,28.0,28.0,128,1.1638437500000033e-05,1.302395551181168e-13,0.0,0.0,0.0
phi-np,dynamic,calibration,5,141,29.0,29.0,128,1.1389687500000037e-05,1.3835807480315884e-13,0.0,0.0,0.0
phi-np,dynamic,calibration,5,141,30.0,30.0,128,1.1136312500000037e-05,1.3344494094489464e-13,0.0,0.0,0.0
phi-np,dynamic,calibration,5,141,31.0,31.0,128,1.0906625000000036e-05,1.7605856692914635e-13,0.0,0.0,0.0
phi-np,dynamic,calibration,6,130,0.0,0.0,128,1.9660312500000037e-05,6.80102322834685e-14,0.0,0.0,0.0
phi-np,dynamic,calibration,6,130,1.0,1.0,128,1.944631250000004e-05,5.139719291339074e-14,0.0,0.0,0.0
phi-np,dynamic,calibration,6,130,2.0,2.0,128,1.9094687500000035e-05,5.975561811023991e-14,0.0,0.0,0.0
phi-np,dynamic,calibration,6,130,3.0,3.0,128,1.8653125000000035e-05,6.96629763779559e-14,0.0,0.0,0.0
phi-np,dynamic,calibration,6,130,4.0,4.0,128,1.842187500000004e-05,6.920514960630078e-14,0.0,0.0,0.0
phi-np,dynamic,calibration,6,130,5.0,5.0,128,1.8197000000000036e-05,5.907250393701266e-14,0.0,0.0,0.0
phi-np,dynamic,calibration,6,130,6.0,6.0,128,1.7726750000000038e-05,6.892390551181171e-14,0.0,0.0,0.0
phi-np,dynamic,calibration,6,130,7.0,7.0,128,1.7304625000000036e-05,9.147626771653728e-14,0.0,0.0,0.0
phi-np,dynamic,calibration,6,130,8.0,8.0,128,1.7022375000000034e-05,5.0231795275591154e-14,0.0,0.0,0.0
phi-np,dynamic,calibration,6,130,9.0,9.0,128,1.6760812500000035e-05,5.751719291338842e-14,0.0,0.0,0.0
phi-np,dynamic,calibration,6,130,10.0,10.0,128,1.635962500000004e-05,5.49672913385822e-14,0.0,0.0,0.0
phi-np,dynamic,calibration,6,130,11.0,11.0,128,1.622975000000004e-05,6.427811023622208e-14,0.0,0.0,0.0
phi-np,dynamic,calibration,6,130,12.0,12.0,128,1.5866000000000034e-05,4.5797795275591716e-14,0.0,0.0,0.0
phi-np,dynamic,calibration,6,130,13.0,13.0,128,1.560593750000004e-05,4.4681318897639385e-14,0.0,0.0,0.0
phi-np,dynamic,calibration,6,130,14.0,14.0,128,1.5362875000000037e-05,6.050039370078811e-14,0.0,0.0,0.0
phi-np,dynamic,calibration,6,130,15.0,15.0,128,1.4807062500000037e-05,3.776163385826951e-14,0.0,0.0,0.0
phi-np,dynamic,calibration,6,130,16.0,16.0,128,1.4411875000000037e-05,6.129787401574701e-14,0.0,0.0,0.0
phi-np,dynamic,calibration,6,130,17.0,17.0,128,1.4178875000000036e-05,4.470096062992288e-14,0.0,0.0,0.0
phi-np,dynamic,calibration,6,130,18.0,18.0,128,1.380281250000004e-05,5.609483070866046e-14,0.0,0.0,0.0
phi-np,dynamic,calibration,6,130,19.0,19.0,128,1.3715187500000033e-05,4.393558661417523e-14,0.0,0.0,0.0
phi-np,dynamic,calibration,6,130,20.0,20.0,128,1.3504437500000037e-05,3.6118484251968935e-14,0.0,0.0,0.0
phi-np,dynamic,calibration,6,130,21.0,21.0,128,1.3307812500000036e-05,4.920034251969038e-14,0.0,0.0,0.0
phi-np,dynamic,calibration,6,130,22.0,22.0,128,1.3028000000000035e-05,3.01193070866151e-14,0.0,0.0,0.0
phi-np,dynamic,calibration,6,130,23.0,23.0,128,1.2624937500000037e-05,1.3155438976377934e-13,0.0,0.0,0.0
phi-np,dynamic,calibration,6,130,24.0,24.0,128,1.2519812500000036e-05,4.7834169291343703e-14,0.0,0.0,0.0
phi-np,dynamic,calibration,6,130,25.0,25.0,128,1.2273187500000036e-05,3.144878346456755e-14,0.0,0.0,0.0
phi-np,dynamic,calibration,6,130,26.0,26.0,128,1.1999437500000035e-05,2.82770984251963e-14,0.0,0.0,0.0
phi-np,dynamic,calibration,6,130,27.0,27.0,128,1.1879437500000038e-05,4.7558736220469276e-14,0.0,0.0,0.0
phi-np,dynamic,calibration,6,130,28.0,28.0,128,1.1592875000000038e-05,3.6829968503938683e-14,0.0,0.0,0.0
phi-np,dynamic,calibration,6,130,29.0,29.0,128,1.1523750000000035e-05,4.1880125984254674e-14,0.0,0.0,0.0
phi-np,dynamic,calibration,6,130,30.0,30.0,128,1.1267312500000038e-05,4.905375984252444e-14,0.0,0.0,0.0
phi-np,dynamic,calibration,6,130,31.0,31.0,128,1.1111000000000036e-05,4.792541732283589e-14,0.0,0.0,0.0
phi-np,dynamic,calibration,7,128,0.0,0.0,128,1.771475000000004e-05,8.211092913385856e-14,0.0,0.0,0.0
phi-np,dynamic,calibration,7,128,1.0,1.0,128,1.7637625000000038e-05,9.592577952756475e-14,0.0,0.0,0.0
phi-np,dynamic,calibration,7,128,2.0,2.0,128,1.7461750000000037e-05,1.5158116535432838e-13,0.0,0.0,0.0
phi-np,dynamic,calibration,7,128,3.0,3.0,128,1.6939875000000036e-05,1.1804722834646082e-13,0.0,0.0,0.0
phi-np,dynamic,calibration,7,128,4.0,4.0,128,1.6699000000000034e-05,1.0280012598425511e-13,0.0,0.0,0.0
phi-np,dynamic,calibration,7,128,5.0,5.0,128,1.6454500000000037e-05,1.0179905511811285e-13,0.0,0.0,0.0
phi-np,dynamic,calibration,7,128,6.0,6.0,128,1.610968750000004e-05,8.549004330708941e-14,0.0,0.0,0.0
phi-np,dynamic,calibration,7,128,7.0,7.0,128,1.5775000000000038e-05,1.10468031496061e-13,0.0,0.0,0.0
phi-np,dynamic,calibration,7,128,8.0,8.0,128,1.5486250000000038e-05,1.0254809448819345e-13,0.0,0.0,0.0
phi-np,dynamic,calibration,7,128,9.0,9.0,128,1.5355812500000038e-05,1.2996330314960564e-13,0.0,0.0,0.0
phi-np,dynamic,calibration,7,128,10.0,10.0,128,1.4940000000000037e-05,8.206009448819073e-14,0.0,0.0,0.0
phi-np,dynamic,calibration,7,128,11.0,11.0,128,1.4612687500000038e-05,1.179439645669285e-13,0.0,0.0,0.0
phi-np,dynamic,calibration,7,128,12.0,12.0,128,1.4474875000000038e-05,8.498165354330866e-14,0.0,0.0,0.0
phi-np,dynamic,calibration,7,128,13.0,13.0,128,1.4385500000000035e-05,8.986885039370275e-14,0.0,0.0,0.0
phi-np,dynamic,calibration,7,128,14.0,14.0,128,1.4279625000000037e-05,9.568640944881849e-14,0.0,0.0,0.0
phi-np,dynamic,calibration,7,128,15.0,15.0,128,1.3853375000000037e-05,8.397214173228656e-14,0.0,0.0,0.0
phi-np,dynamic,calibration,7,128,16.0,16.0,128,1.3454062500000035e-05,1.1249360236220458e-13,0.0,0.0,0.0
phi-np,dynamic,calibration,7,128,17.0,17.0,128,1.3424125000000033e-05,9.647267716535032e-14,0.0,0.0,0.0
phi-np,dynamic,calibration,7,128,18.0,18.0,128,1.3406562500000038e-05,5.85599330708687e-14,0.0,0.0,0.0
phi-np,dynamic,calibration,7,128,19.0,19.0,128,1.3116625000000038e-05,9.75769291338593e-14,0.0,0.0,0.0
phi-np,dynamic,calibration,7,128,20.0,20.0,128,1.2864562500000037e-05,8.038015354330645e-14,0.0,0.0,0.0
phi-np,dynamic,calibration,7,128,21.0,21.0,128,1.2706312500000037e-05,6.68897283464585e-14,0.0,0.0,0.0
phi-np,dynamic,calibration,7,128,22.0,22.0,128,1.2702750000000037e-05,6.135577952755742e-14,0.0,0.0,0.0
phi-np,dynamic,calibration,7,128,23.0,23.0,128,1.2352375000000036e-05,1.1008792125984085e-13,0.0,0.0,0.0
phi-np,dynamic,calibration,7,128,24.0,24.0,128,1.2078875000000036e-05,9.880766929134623e-14,0.0,0.0,0.0
phi-np,dynamic,calibration,7,128,25.0,25.0,128,1.2046437500000037e-05,8.49456968503961e-14,0.0,0.0,0.0
phi-np,dynamic,calibration,7,128,26.0,26.0,128,1.1674562500000036e-05,7.954135039370531e-14,0.0,0.0,0.0
phi-np,dynamic,calibration,7,128,27.0,27.0,128,1.1563250000000037e-05,8.272170078740714e-14,0.0,0.0,0.0
phi-np,dynamic,calibration,7,128,28.0,28.0,128,1.1382062500000037e-05,9.980144488189471e-14,0.0,0.0,0.0
phi-np,dynamic,calibration,7,128,29.0,29.0,128,1.1115500000000036e-05,6.55760629921301e-14,0.0,0.0,0.0
phi-np,dynamic,calibration,7,128,30.0,30.0,128,1.0834625000000035e-05,9.29250866141814e-14,0.0,0.0,0.0
phi-np,dynamic,calibration,7,128,31.0,31.0,128,1.0715437500000037e-05,8.785404330709398e-14,0.0,0.0,0.0
phi-np,dynamic,calibration,8,273,0.0,0.0,128,1.8526875000000036e-05,5.024829921259813e-14,0.0,0.0,0.0
phi-np,dynamic,calibration,8,273,1.0,1.0,128,1.8801125000000034e-05,4.9549842519682074e-14,0.0,0.0,0.0
phi-np,dynamic,calibration,8,273,2.0,2.0,128,1.8431687500000035e-05,6.995694094488762e-14,0.0,0.0,0.0
phi-np,dynamic,calibration,8,273,3.0,3.0,128,1.8209562500000037e-05,5.08412559055106e-14,0.0,0.0,0.0
phi-np,dynamic,calibration,8,273,4.0,4.0,128,1.797537500000004e-05,6.119368503936718e-14,0.0,0.0,0.0
phi-np,dynamic,calibration,8,273,5.0,5.0,128,1.764287500000004e-05,5.181957480314947e-14,0.0,0.0,0.0
phi-np,dynamic,calibration,8,273,6.0,6.0,128,1.7390500000000036e-05,5.662412598425333e-14,0.0,0.0,0.0
phi-np,dynamic,calibration,8,273,7.0,7.0,128,1.7178875000000035e-05,6.460949606299157e-14,0.0,0.0,0.0
phi-np,dynamic,calibration,8,273,8.0,8.0,128,1.6581187500000033e-05,6.924053149606622e-14,0.0,0.0,0.0
phi-np,dynamic,calibration,8,273,9.0,9.0,128,1.6275000000000036e-05,4.73640314960627e-14,0.0,0.0,0.0
phi-np,dynamic,calibration,8,273,10.0,10.0,128,1.595193750000004e-05,4.584264173228412e-14,0.0,0.0,0.0
phi-np,dynamic,calibration,8,273,11.0,11.0,128,1.5828250000000036e-05,5.264321259842416e-14,0.0,0.0,0.0
phi-np,dynamic,calibration,8,273,12.0,12.0,128,1.5789312500000036e-05,7.071171259842565e-14,0.0,0.0,0.0
phi-np,dynamic,calibration,8,273,13.0,13.0,128,1.5632312500000038e-05,3.1586169291336186e-14,0.0,0.0,0.0
phi-np,dynamic,calibration,8,273,14.0,14.0,128,1.5460187500000038e-05,4.12099173228318e-14,0.0,0.0,0.0
phi-np,dynamic,calibration,8,273,15.0,15.0,128,1.5302062500000035e-05,3.418783858267369e-14,0.0,0.0,0.0
phi-np,dynamic,calibration,8,273,16.0,16.0,128,1.4936250000000035e-05,4.1392314960627416e-14,0.0,0.0,0.0
phi-np,dynamic,calibration,8,273,17.0,17.0,128,1.4773125000000035e-05,3.739185826771482e-14,0.0,0.0,0.0
phi-np,dynamic,calibration,8,273,18.0,18.0,128,1.4394875000000037e-05,2.8316960629919567e-14,0.0,0.0,0.0
phi-np,dynamic,calibration,8,273,19.0,19.0,128,1.4372687500000037e-05,4.5041413385823874e-14,0.0,0.0,0.0
phi-np,dynamic,calibration,8,273,20.0,20.0,128,1.4159750000000038e-05,2.8747527559056675e-14,0.0,0.0,0.0
phi-np,dynamic,calibration,8,273,21.0,21.0,128,1.4008437500000036e-05,2.952698818897239e-14,0.0,0.0,0.0
phi-np,dynamic,calibration,8,273,22.0,22.0,128,1.3709250000000038e-05,4.787244094488148e-14,0.0,0.0,0.0
phi-np,dynamic,calibration,8,273,23.0,23.0,128,1.3547500000000036e-05,2.709341732283665e-14,0.0,0.0,0.0
phi-np,dynamic,calibration,8,273,24.0,24.0,128,1.3325437500000036e-05,2.176295669291455e-14,0.0,0.0,0.0
phi-np,dynamic,calibration,8,273,25.0,25.0,128,1.3011437500000035e-05,4.16006889763792e-14,0.0,0.0,0.0
phi-np,dynamic,calibration,8,273,26.0,26.0,128,1.2837562500000035e-05,2.812125590551598e-14,0.0,0.0,0.0
phi-np,dynamic,calibration,8,273,27.0,27.0,128,1.2747500000000037e-05,4.2321385826770455e-14,0.0,0.0,0.0
phi-np,dynamic,calibration,8,273,28.0,28.0,128,1.2542562500000039e-05,5.2480437007872994e-14,0.0,0.0,0.0
phi-np,dynamic,calibration,8,273,29.0,29.0,128,1.2475312500000039e-05,2.8515303149605194e-14,0.0,0.0,0.0
phi-np,dynamic,calibration,8,273,30.0,30.0,128,1.2257000000000035e-05,3.9755590551182104e-14,0.0,0.0,0.0
phi-np,dynamic,calibration,8,273,31.0,31.0,128,1.2063312500000035e-05,4.3327523622048045e-14,0.0,0.0,0.0
phi-np,dynamic,calibration,9,261,0.0,0.0,128,1.7384125000000037e-05,9.139903937008377e-14,0.0,0.0,0.0
phi-np,dynamic,calibration,9,261,1.0,1.0,128,1.7301562500000035e-05,1.1516024803149758e-13,0.0,0.0,0.0
phi-np,dynamic,calibration,9,261,2.0,2.0,128,1.707231250000004e-05,1.3497187007874193e-13,0.0,0.0,0.0
phi-np,dynamic,calibration,9,261,3.0,3.0,128,1.6811312500000038e-05,9.918642125984327e-14,0.0,0.0,0.0
phi-np,dynamic,calibration,9,261,4.0,4.0,128,1.6455687500000035e-05,7.212286220472924e-14,0.0,0.0,0.0
phi-np,dynamic,calibration,9,261,5.0,5.0,128,1.626093750000004e-05,8.532875196850615e-14,0.0,0.0,0.0
phi-np,dynamic,calibration,9,261,6.0,6.0,128,1.5934187500000037e-05,1.507942952755909e-13,0.0,0.0,0.0
phi-np,dynamic,calibration,9,261,7.0,7.0,128,1.5595750000000034e-05,1.6049077165354947e-13,0.0,0.0,0.0
phi-np,dynamic,calibration,9,261,8.0,8.0,128,1.5400312500000034e-05,5.5448594488192794e-14,0.0,0.0,0.0
phi-np,dynamic,calibration,9,261,9.0,9.0,128,1.5193562500000038e-05,8.745227952756143e-14,0.0,0.0,0.0
phi-np,dynamic,calibration,9,261,10.0,10.0,128,1.4868812500000037e-05,9.499851574803605e-14,0.0,0.0,0.0
phi-np,dynamic,calibration,9,261,11.0,11.0,128,1.4840687500000038e-05,4.078667322834795e-14,0.0,0.0,0.0
phi-np,dynamic,calibration,9,261,12.0,12.0,128,1.4542000000000035e-05,5.838513385826993e-14,0.0,0.0,0.0
phi-np,dynamic,calibration,9,261,13.0,13.0,128,1.4391875000000036e-05,6.267966929133857e-14,0.0,0.0,0.0
phi-np,dynamic,calibration,9,261,14.0,14.0,128,1.4220687500000036e-05,1.099152401574794e-13,0.0,0.0,0.0
phi-np,dynamic,calibration,9,261,15.0,15.0,128,1.4182812500000037e-05,1.393537913385878e-13,0.0,0.0,0.0
phi-np,dynamic,calibration,9,261,16.0,16.0,128,1.4160750000000034e-05,5.631036220472862e-14,0.0,0.0,0.0
phi-np,dynamic,calibration,9,261,17.0,17.0,128,1.4007750000000039e-05,5.5784755905515415e-14,0.0,0.0,0.0
phi-np,dynamic,calibration,9,261,18.0,18.0,128,1.3708375000000035e-05,4.3721433070865296e-14,0.0,0.0,0.0
phi-np,dynamic,calibration,9,261,19.0,19.0,128,1.3435750000000035e-05,5.494318110236574e-14,0.0,0.0,0.0
phi-np,dynamic,calibration,9,261,20.0,20.0,128,1.3186812500000035e-05,4.245930314960613e-14,0.0,0.0,0.0
phi-np,dynamic,calibration,9,261,21.0,21.0,128,1.3010375000000036e-05,4.5011007874012953e-14,0.0,0.0,0.0
phi-np,dynamic,calibration,9,261,22.0,22.0,128,1.2771687500000038e-05,5.107391732283529e-14,0.0,0.0,0.0
phi-np,dynamic,calibration,9,261,23.0,23.0,128,1.2498625000000035e-05,1.126713543307088e-13,0.0,0.0,0.0
phi-np,dynamic,calibration,9,261,24.0,24.0,128,1.2277937500000036e-05,4.612862598425794e-14,0.0,0.0,0.0
phi-np,dynamic,calibration,9,261,25.0,25.0,128,1.2173437500000036e-05,6.324402755905884e-14,0.0,0.0,0.0
phi-np,dynamic,calibration,9,261,26.0,26.0,128,1.1459437500000036e-05,4.712170669291503e-13,0.0,0.0,0.0
phi-np,dynamic,calibration,9,261,27.0,27.0,128,1.1071562500000036e-05,3.0225769685041435e-13,0.0,0.0,0.0
phi-np,dynamic,calibration,9,261,28.0,28.0,128,1.0795562500000037e-05,2.4976711417325315e-13,0.0,0.0,0.0
phi-np,dynamic,calibration,9,261,29.0,29.0,128,1.0616125000000034e-05,4.667474488189298e-13,0.0,0.0,0.0
phi-np,dynamic,calibration,9,261,30.0,30.0,128,1.0400375000000035e-05,2.965335275590845e-13,0.0,0.0,0.0
phi-np,dynamic,calibration,9,261,31.0,31.0,128,1.0034625000000034e-05,4.647509763779848e-13,0.0,0.0,0.0
phi-np,dynamic,calibration,10,262,0.0,0.0,128,1.6170500000000038e-05,8.308384251968364e-14,0.0,0.0,0.0
phi-np,dynamic,calibration,10,262,1.0,1.0,128,1.6198687500000038e-05,5.139731889764004e-14,0.0,0.0,0.0
phi-np,dynamic,calibration,10,262,2.0,2.0,128,1.591856250000004e-05,5.830897244094331e-14,0.0,0.0,0.0
phi-np,dynamic,calibration,10,262,3.0,3.0,128,1.5791875000000036e-05,7.047859842519306e-14,0.0,0.0,0.0
phi-np,dynamic,calibration,10,262,4.0,4.0,128,1.5564812500000035e-05,4.369067322834862e-14,0.0,0.0,0.0
phi-np,dynamic,calibration,10,262,5.0,5.0,128,1.5528437500000035e-05,6.026412204724654e-14,0.0,0.0,0.0
phi-np,dynamic,calibration,10,262,6.0,6.0,128,1.5123812500000036e-05,6.091284645669644e-14,0.0,0.0,0.0
phi-np,dynamic,calibration,10,262,7.0,7.0,128,1.4791000000000037e-05,7.157618897637626e-14,0.0,0.0,0.0
phi-np,dynamic,calibration,10,262,8.0,8.0,128,1.4801562500000035e-05,6.133624803149761e-14,0.0,0.0,0.0
phi-np,dynamic,calibration,10,262,9.0,9.0,128,1.4524125000000034e-05,4.6288614173227513e-14,0.0,0.0,0.0
phi-np,dynamic,calibration,10,262,10.0,10.0,128,1.4171812500000035e-05,5.99422637795255e-14,0.0,0.0,0.0
phi-np,dynamic,calibration,10,262,11.0,11.0,128,1.3903687500000037e-05,7.606566535433315e-14,0.0,0.0,0.0
phi-np,dynamic,calibration,10,262,12.0,12.0,128,1.3856875000000035e-05,5.905459842519366e-14,0.0,0.0,0.0
phi-np,dynamic,calibration,10,262,13.0,13.0,128,1.3901187500000035e-05,4.3735271653545143e-14,0.0,0.0,0.0
phi-np,dynamic,calibration,10,262,14.0,14.0,128,1.3669937500000036e-05,4.787023228346702e-14,0.0,0.0,0.0
phi-np,dynamic,calibration,10,262,15.0,15.0,128,1.3506312500000038e-05,5.340437401574753e-14,0.0,0.0,0.0
phi-np,dynamic,calibration,10,262,16.0,16.0,128,1.3499812500000037e-05,4.9992531496060263e-14,0.0,0.0,0.0
phi-np,dynamic,calibration,10,262,17.0,17.0,128,1.3269250000000036e-05,9.814822047244362e-14,0.0,0.0,0.0
phi-np,dynamic,calibration,10,262,18.0,18.0,128,1.3071375000000035e-05,6.158272440944839e-14,0.0,0.0,0.0
phi-np,dynamic,calibration,10,262,19.0,19.0,128,1.2990500000000034e-05,3.237467716535215e-14,0.0,0.0,0.0
phi-np,dynamic,calibration,10,262,20.0,20.0,128,1.2649562500000036e-05,6.463602755905521e-14,0.0,0.0,0.0
phi-np,dynamic,calibration,10,262,21.0,21.0,128,1.2529562500000037e-05,7.184837401574706e-14,0.0,0.0,0.0
phi-np,dynamic,calibration,10,262,22.0,22.0,128,1.2266625000000038e-05,6.16729291338637e-14,0.0,0.0,0.0
phi-np,dynamic,calibration,10,262,23.0,23.0,128,1.2173750000000039e-05,7.752560629921501e-14,0.0,0.0,0.0
phi-np,dynamic,calibration,10,262,24.0,24.0,128,1.2081187500000037e-05,9.750686220473126e-14,0.0,0.0,0.0
phi-np,dynamic,calibration,10,262,25.0,25.0,128,1.1782125000000036e-05,7.489661417323044e-14,0.0,0.0,0.0
phi-np,dynamic,calibration,10,262,26.0,26.0,128,1.1831500000000036e-05,7.92398110236276e-14,0.0,0.0,0.0
phi-np,dynamic,calibration,10,262,27.0,27.0,128,1.1702437500000036e-05,5.2551618110236906e-14,0.0,0.0,0.0
phi-np,dynamic,calibration,10,262,28.0,28.0,128,1.1490500000000035e-05,1.0450418897638299e-13,0.0,0.0,0.0
phi-np,dynamic,calibration,10,262,29.0,29.0,128,1.1239437500000038e-05,1.2656396456693988e-13,0.0,0.0,0.0
phi-np,dynamic,calibration,10,262,30.0,30.0,128,1.1176312500000038e-05,1.2523278346457657e-13,0.0,0.0,0.0
phi-np,dynamic,calibration,10,262,31.0,31.0,128,1.0966937500000036e-05,1.1690872047244618e-13,0.0,0.0,0.0
phi-np,dynamic,calibration,11,274,0.0,0.0,128,1.6437875000000033e-05,2.6595259842519587e-14,0.0,0.0,0.0
phi-np,dynamic,calibration,11,274,1.0,1.0,128,1.6375437500000032e-05,2.3736625984252714e-14,0.0,0.0,0.0
phi-np,dynamic,calibration,11,274,2.0,2.0,128,1.6272312500000038e-05,3.908172834645643e-14,0.0,0.0,0.0
phi-np,dynamic,calibration,11,274,3.0,3.0,128,1.6133125000000035e-05,4.668244094488321e-14,0.0,0.0,0.0
phi-np,dynamic,calibration,11,274,4.0,4.0,128,1.629300000000004e-05,3.169965354330922e-14,0.0,0.0,0.0
phi-np,dynamic,calibration,11,274,5.0,5.0,128,1.5990000000000035e-05,3.201713385826756e-14,0.0,0.0,0.0
phi-np,dynamic,calibration,11,274,6.0,6.0,128,1.5573625000000035e-05,3.5030031496066646e-14,0.0,0.0,0.0
phi-np,dynamic,calibration,11,274,7.0,7.0,128,1.5562437500000042e-05,3.361114566929252e-14,0.0,0.0,0.0
phi-np,dynamic,calibration,11,274,8.0,8.0,128,1.5375875000000035e-05,4.0273622047246015e-14,0.0,0.0,0.0
phi-np,dynamic,calibration,11,274,9.0,9.0,128,1.515837500000004e-05,3.17010236220508e-14,0.0,0.0,0.0
phi-np,dynamic,calibration,11,274,10.0,10.0,128,1.4956750000000036e-05,3.2471118110236515e-14,0.0,0.0,0.0
phi-np,dynamic,calibration,11,274,11.0,11.0,128,1.4700000000000037e-05,3.4362456692915544e-14,0.0,0.0,0.0
phi-np,dynamic,calibration,11,274,12.0,12.0,128,1.4200437500000034e-05,6.269612204724676e-14,0.0,0.0,0.0
phi-np,dynamic,calibration,11,274,13.0,13.0,128,1.4220687500000036e-05,2.4346736220473202e-14,0.0,0.0,0.0
phi-np,dynamic,calibration,11,274,14.0,14.0,128,1.4080312500000034e-05,4.598163385827061e-14,0.0,0.0,0.0
phi-np,dynamic,calibration,11,274,15.0,15.0,128,1.3980750000000034e-05,3.381562204724769e-14,0.0,0.0,0.0
phi-np,dynamic,calibration,11,274,16.0,16.0,128,1.3811812500000037e-05,4.8430326771657187e-14,0.0,0.0,0.0
phi-np,dynamic,calibration,11,274,17.0,17.0,128,1.3468187500000037e-05,4.578868897638428e-14,0.0,0.0,0.0
phi-np,dynamic,calibration,11,274,18.0,18.0,128,1.3228625000000038e-05,5.590335433071432e-14,0.0,0.0,0.0
phi-np,dynamic,calibration,11,274,19.0,19.0,128,1.3148437500000034e-05,7.019924015748517e-14,0.0,0.0,0.0
phi-np,dynamic,calibration,11,274,20.0,20.0,128,1.2853312500000036e-05,9.433426377953171e-14,0.0,0.0,0.0
phi-np,dynamic,calibration,11,274,21.0,21.0,128,1.2758062500000035e-05,7.222500393701601e-14,0.0,0.0,0.0
phi-np,dynamic,calibration,11,274,22.0,22.0,128,1.2605250000000037e-05,7.315697637795557e-14,0.0,0.0,0.0
phi-np,dynamic,calibration,11,274,23.0,23.0,128,1.2178375000000037e-05,4.180544094488352e-13,0.0,0.0,0.0
phi-np,dynamic,calibration,11,274,24.0,24.0,128,1.2053000000000035e-05,2.2392037795277153e-13,0.0,0.0,0.0
phi-np,dynamic,calibration,11,274,25.0,25.0,128,1.1867250000000034e-05,2.226650078740311e-13,0.0,0.0,0.0
phi-np,dynamic,calibration,11,274,26.0,26.0,128,1.1632312500000035e-05,2.49472405511833e-13,0.0,0.0,0.0
phi-np,dynamic,calibration,11,274,27.0,27.0,128,1.1683312500000035e-05,1.7613256299214267e-13,0.0,0.0,0.0
phi-np,dynamic,calibration,11,274,28.0,28.0,128,1.1254750000000037e-05,3.2155357480317496e-13,0.0,0.0,0.0
phi-np,dynamic,calibration,11,274,29.0,29.0,128,1.0705812500000035e-05,4.850788937008209e-13,0.0,0.0,0.0
phi-np,dynamic,calibration,11,274,30.0,30.0,128,1.0903937500000037e-05,2.9888453149608924e-13,0.0,0.0,0.0
phi-np,dynamic,calibration,11,274,31.0,31.0,128,1.0837312500000039e-05,2.4459013779529727e-13,0.0,0.0,0.0
phi-np,dynamic,calibration,12,390,0.0,0.0,128,1.8226625000000035e-05,1.151144409448906e-13,0.0,0.0,0.0
phi-np,dynamic,calibration,12,390,1.0,1.0,128,1.8277250000000036e-05,1.0301625196851056e-13,0.0,0.0,0.0
phi-np,dynamic,calibration,12,390,2.0,2.0,128,1.7579000000000036e-05,7.997278740157423e-14,0.0,0.0,0.0
phi-np,dynamic,calibration,12,390,3.0,3.0,128,1.7245437500000036e-05,9.383401181102571e-14,0.0,0.0,0.0
phi-np,dynamic,calibration,12,390,4.0,4.0,128,1.7288937500000036e-05,1.218908937007887e-13,0.0,0.0,0.0
phi-np,dynamic,calibration,12,390,5.0,5.0,128,1.6892375000000033e-05,9.463418897637921e-14,0.0,0.0,0.0
phi-np,dynamic,calibration,12,390,6.0,6.0,128,1.6332750000000038e-05,2.4462859842520047e-13,0.0,0.0,0.0
phi-np,dynamic,calibration,12,390,7.0,7.0,128,1.6257437500000034e-05,8.122298818897909e-14,0.0,0.0,0.0
phi-np,dynamic,calibration,12,390,8.0,8.0,128,1.593606250000004e-05,1.2684749212598912e-13,0.0,0.0,0.0
phi-np,dynamic,calibration,12,390,9.0,9.0,128,1.545406250000004e-05,1.445006574803182e-13,0.0,0.0,0.0
phi-np,dynamic,calibration,12,390,10.0,10.0,128,1.4943750000000035e-05,2.0591363779528665e-13,0.0,0.0,0.0
phi-np,dynamic,calibration,12,390,11.0,11.0,128,1.5020562500000038e-05,6.590960236221142e-14,0.0,0.0,0.0
phi-np,dynamic,calibration,12,390,12.0,12.0,128,1.4685625000000036e-05,7.372231496063365e-14,0.0,0.0,0.0
phi-np,dynamic,calibration,12,390,13.0,13.0,128,1.434900000000004e-05,1.7037908661418088e-13,0.0,0.0,0.0
phi-np,dynamic,calibration,12,390,14.0,14.0,128,1.4407250000000037e-05,1.674234330708693e-13,0.0,0.0,0.0
phi-np,dynamic,calibration,12,390,15.0,15.0,128,1.4298250000000039e-05,9.076503937008369e-14,0.0,0.0,0.0
phi-np,dynamic,calibration,12,390,16.0,16.0,128,1.3608750000000036e-05,1.4520485039370528e-13,0.0,0.0,0.0
phi-np,dynamic,calibration,12,390,17.0,17.0,128,1.3620250000000036e-05,9.645751181102545e-14,0.0,0.0,0.0
phi-np,dynamic,calibration,12,390,18.0,18.0,128,1.3465500000000036e-05,1.3451565354331515e-13,0.0,0.0,0.0
phi-np,dynamic,calibration,12,390,19.0,19.0,128,1.2759312500000036e-05,1.3585438976378953e-13,0.0,0.0,0.0
phi-np,dynamic,calibration,12,390,20.0,20.0,128,1.2630812500000036e-05,2.3140191732284394e-13,0.0,0.0,0.0
phi-np,dynamic,calibration,12,390,21.0,21.0,128,1.2624562500000036e-05,1.6199577559056066e-13,0.0,0.0,0.0
phi-np,dynamic,calibration,12,390,22.0,22.0,128,1.2303000000000038e-05,1.5424000000001228e-13,0.0,0.0,0.0
phi-np,dynamic,calibration,12,390,23.0,23.0,128,1.2311062500000038e-05,9.927218503937712e-14,0.0,0.0,0.0
phi-np,dynamic,calibration,12,390,24.0,24.0,128,1.1942125000000033e-05,1.1578102362205455e-13,0.0,0.0,0.0
phi-np,dynamic,calibration,12,390,25.0,25.0,128,1.1848687500000037e-05,1.2257564960630503e-13,0.0,0.0,0.0
phi-np,dynamic,calibration,12,390,26.0,26.0,128,1.1418750000000034e-05,1.259191811023688e-13,0.0,0.0,0.0
phi-np,dynamic,calibration,12,390,27.0,27.0,128,1.0883812500000035e-05,1.663304212598558e-13,0.0,0.0,0.0
phi-np,dynamic,calibration,12,390,28.0,28.0,128,1.0886312500000036e-05,3.2050157086615136e-13,0.0,0.0,0.0
phi-np,dynamic,calibration,12,390,29.0,29.0,128,1.0933562500000036e-05,1.4212894094489402e-13,0.0,0.0,0.0
phi-np,dynamic,calibration,12,390,30.0,30.0,128,1.0651562500000034e-05,1.6193694094489079e-13,0.0,0.0,0.0
phi-np,dynamic,calibration,12,390,31.0,31.0,128,1.0477500000000036e-05,2.1827905511811727e-13,0.0,0.0,0.0
phi-np,dynamic,calibration,13,386,0.0,0.0,128,2.1757187500000035e-05,7.669779133858241e-14,0.0,0.0,0.0
phi-np,dynamic,calibration,13,386,1.0,1.0,128,2.1705875000000037e-05,1.538363307086706e-13,0.0,0.0,0.0
phi-np,dynamic,calibration,13,386,2.0,2.0,128,2.124875000000004e-05,8.45268031496122e-14,0.0,0.0,0.0
phi-np,dynamic,calibration,13,386,3.0,3.0,128,2.083756250000004e-05,1.0575779133858e-13,0.0,0.0,0.0
phi-np,dynamic,calibration,13,386,4.0,4.0,128,2.045893750000004e-05,1.2015760236221045e-13,0.0,0.0,0.0
phi-np,dynamic,calibration,13,386,5.0,5.0,128,2.002850000000004e-05,9.810519685039486e-14,0.0,0.0,0.0
phi-np,dynamic,calibration,13,386,6.0,6.0,128,1.964343750000004e-05,9.801946062992183e-14,0.0,0.0,0.0
phi-np,dynamic,calibration,13,386,7.0,7.0,128,1.9296125000000035e-05,1.153431023622078e-13,0.0,0.0,0.0
phi-np,dynamic,calibration,13,386,8.0,8.0,128,1.885631250000004e-05,8.935851574802677e-14,0.0,0.0,0.0
phi-np,dynamic,calibration,13,386,9.0,9.0,128,1.8440937500000035e-05,7.247079921260336e-14,0.0,0.0,0.0
phi-np,dynamic,calibration,13,386,10.0,10.0,128,1.8007437500000036e-05,7.126594881889591e-14,0.0,0.0,0.0
phi-np,dynamic,calibration,13,386,11.0,11.0,128,1.7634562500000037e-05,9.252377559055234e-14,0.0,0.0,0.0
phi-np,dynamic,calibration,13,386,12.0,12.0,128,1.7168750000000038e-05,5.4620157480319415e-14,0.0,0.0,0.0
phi-np,dynamic,calibration,13,386,13.0,13.0,128,1.6939812500000038e-05,1.1653842125984945e-13,0.0,0.0,0.0
phi-np,dynamic,calibration,13,386,14.0,14.0,128,1.6506875000000035e-05,1.0792792125984285e-13,0.0,0.0,0.0
phi-np,dynamic,calibration,13,386,15.0,15.0,128,1.647668750000004e-05,9.077772834646031e-14,0.0,0.0,0.0
phi-np,dynamic,calibration,13,386,16.0,16.0,128,1.595687500000004e-05,8.543469291339147e-14,0.0,0.0,0.0
phi-np,dynamic,calibration,13,386,17.0,17.0,128,1.5757062500000037e-05,6.072327165354761e-14,0.0,0.0,0.0
phi-np,dynamic,calibration,13,386,18.0,18.0,128,1.5372937500000036e-05,5.627678346456698e-14,0.0,0.0,0.0
phi-np,dynamic,calibration,13,386,19.0,19.0,128,1.5154312500000038e-05,8.833728740157551e-14,0.0,0.0,0.0
phi-np,dynamic,calibration,13,386,20.0,20.0,128,1.4582625000000036e-05,4.903015748031628e-14,0.0,0.0,0.0
phi-np,dynamic,calibration,13,386,21.0,21.0,128,1.4649125000000037e-05,7.078272440944769e-14,0.0,0.0,0.0
phi-np,dynamic,calibration,13,386,22.0,22.0,128,1.4284937500000038e-05,4.0686988188976364e-14,0.0,0.0,0.0
phi-np,dynamic,calibration,13,386,23.0,23.0,128,1.3870312500000033e-05,9.447977559054775e-14,0.0,0.0,0.0
phi-np,dynamic,calibration,13,386,24.0,24.0,128,1.379743750000004e-05,5.2822610236216017e-14,0.0,0.0,0.0
phi-np,dynamic,calibration,13,386,25.0,25.0,128,1.3598187500000034e-05,7.394087795275413e-14,0.0,0.0,0.0
phi-np,dynamic,calibration,13,386,26.0,26.0,128,1.3233062500000035e-05,6.325353937008143e-14,0.0,0.0,0.0
phi-np,dynamic,calibration,13,386,27.0,27.0,128,1.2790562500000037e-05,1.1680497244095152e-13,0.0,0.0,0.0
phi-np,dynamic,calibration,13,386,28.0,28.0,128,1.2528937500000036e-05,7.038349212598436e-14,0.0,0.0,0.0
phi-np,dynamic,calibration,13,386,29.0,29.0,128,1.2456125000000038e-05,7.26354488189046e-14,0.0,0.0,0.0
phi-np,dynamic,calibration,13,386,30.0,30.0,128,1.1948375000000034e-05,5.0244393700791306e-14,0.0,0.0,0.0
phi-np,dynamic,calibration,13,386,31.0,31.0,128,1.1787125000000037e-05,4.421768503937375e-14,0.0,0.0,0.0
phi-np,dynamic,calibration,14,388,0.0,0.0,128,2.1541937500000038e-05,1.4746733464568115e-13,0.0,0.0,0.0
phi-np,dynamic,calibration,14,388,1.0,1.0,128,2.1095062500000035e-05,1.1503936614174342e-13,0.0,0.0,0.0
phi-np,dynamic,calibration,14,388,2.0,2.0,128,2.068900000000004e-05,1.4645417322835067e-13,0.0,0.0,0.0
phi-np,dynamic,calibration,14,388,3.0,3.0,128,2.0154375000000037e-05,1.3720930708661885e-13,0.0,0.0,0.0
phi-np,dynamic,calibration,14,388,4.0,4.0,128,1.9642375000000036e-05,1.3199053543307407e-13,0.0,0.0,0.0
phi-np,dynamic,calibration,14,388,5.0,5.0,128,1.923800000000004e-05,1.0311458267716828e-13,0.0,0.0,0.0
phi-np,dynamic,calibration,14,388,6.0,6.0,128,1.903275000000004e-05,9.919137007874828e-14,0.0,0.0,0.0
phi-np,dynamic,calibration,14,388,7.0,7.0,128,1.8429687500000034e-05,1.7282837401575118e-13,0.0,0.0,0.0
phi-np,dynamic,calibration,14,388,8.0,8.0,128,1.8196562500000036e-05,8.832774409448971e-14,0.0,0.0,0.0
phi-np,dynamic,calibration,14,388,9.0,9.0,128,1.7881125000000036e-05,1.1366977952756063e-13,0.0,0.0,0.0
phi-np,dynamic,calibration,14,388,10.0,10.0,128,1.7395375000000035e-05,1.1435198425197147e-13,0.0,0.0,0.0
phi-np,dynamic,calibration,14,388,11.0,11.0,128,1.6850250000000037e-05,7.140277165354899e-14,0.0,0.0,0.0
phi-np,dynamic,calibration,14,388,12.0,12.0,128,1.650481250000004e-05,1.491631771653577e-13,0.0,0.0,0.0
phi-np,dynamic,calibration,14,388,13.0,13.0,128,1.6130062500000038e-05,8.080352362205277e-14,0.0,0.0,0.0
phi-np,dynamic,calibration,14,388,14.0,14.0,128,1.574193750000004e-05,1.288861692913462e-13,0.0,0.0,0.0
phi-np,dynamic,calibration,14,388,15.0,15.0,128,1.5596500000000036e-05,8.897587401575552e-14,0.0,0.0,0.0
phi-np,dynamic,calibration,14,388,16.0,16.0,128,1.5255625000000034e-05,6.625951181102495e-14,0.0,0.0,0.0
phi-np,dynamic,calibration,14,388,17.0,17.0,128,1.4889687500000035e-05,1.2091530314961498e-13,0.0,0.0,0.0
phi-np,dynamic,calibration,14,388,18.0,18.0,128,1.4551687500000036e-05,1.0369048425197818e-13,0.0,0.0,0.0
phi-np,dynamic,calibration,14,388,19.0,19.0,128,1.4038312500000039e-05,1.3835454724410235e-13,0.0,0.0,0.0
phi-np,dynamic,calibration,14,388,20.0,20.0,128,1.3868812500000038e-05,1.4502736614174106e-13,0.0,0.0,0.0
phi-np,dynamic,calibration,14,388,21.0,21.0,128,1.3789125000000035e-05,1.4169371653544535e-13,0.0,0.0,0.0
phi-np,dynamic,calibration,14,388,22.0,22.0,128,1.3571000000000038e-05,1.0438954330709529e-13,0.0,0.0,0.0
phi-np,dynamic,calibration,14,388,23.0,23.0,128,1.3598062500000036e-05,1.3509114566929897e-13,0.0,0.0,0.0
phi-np,dynamic,calibration,14,388,24.0,24.0,128,1.3281125000000036e-05,7.851211023622432e-14,0.0,0.0,0.0
phi-np,dynamic,calibration,14,388,25.0,25.0,128,1.2841875000000037e-05,9.41732125984325e-14,0.0,0.0,0.0
phi-np,dynamic,calibration,14,388,26.0,26.0,128,1.2645687500000036e-05,1.6103524015748747e-13,0.0,0.0,0.0
phi-np,dynamic,calibration,14,388,27.0,27.0,128,1.2459000000000038e-05,1.478017007874132e-13,0.0,0.0,0.0
phi-np,dynamic,calibration,14,388,28.0,28.0,128,1.222368750000004e-05,1.179267047244214e-13,0.0,0.0,0.0
phi-np,dynamic,calibration,14,388,29.0,29.0,127,1.184850393700791e-05,1.397158075240745e-13,0.0078125,0.0,0.0
phi-np,dynamic,calibration,14,388,30.0,30.0,128,1.1825875000000037e-05,1.3053831496064091e-13,0.0,0.0,0.0
phi-np,dynamic,calibration,14,388,31.0,31.0,128,1.1501312500000036e-05,1.3969867322836406e-13,0.0,0.0,0.0
phi-np,dynamic,calibration,15,392,0.0,0.0,128,2.323468750000004e-05,1.1712531889764078e-13,0.0,0.0,0.0
phi-np,dynamic,calibration,15,392,1.0,1.0,128,2.310575000000004e-05,1.3147508661417969e-13,0.0,0.0,0.0
phi-np,dynamic,calibration,15,392,2.0,2.0,128,2.261112500000004e-05,1.0435551181102158e-13,0.0,0.0,0.0
phi-np,dynamic,calibration,15,392,3.0,3.0,128,2.211393750000003e-05,1.181921220472465e-13,0.0,0.0,0.0
phi-np,dynamic,calibration,15,392,4.0,4.0,128,2.1646875000000037e-05,2.0308735433070693e-13,0.0,0.0,0.0
phi-np,dynamic,calibration,15,392,5.0,5.0,128,2.1151625000000038e-05,1.3962971653543699e-13,0.0,0.0,0.0
phi-np,dynamic,calibration,15,392,6.0,6.0,128,2.076268750000004e-05,1.241129094488173e-13,0.0,0.0,0.0
phi-np,dynamic,calibration,15,392,7.0,7.0,128,2.0511375000000037e-05,1.4755437795275717e-13,0.0,0.0,0.0
phi-np,dynamic,calibration,15,392,8.0,8.0,128,1.9975125000000033e-05,9.810165354331457e-14,0.0,0.0,0.0
phi-np,dynamic,calibration,15,392,9.0,9.0,128,1.950818750000004e-05,1.1209772834645854e-13,0.0,0.0,0.0
phi-np,dynamic,calibration,15,392,10.0,10.0,128,1.9388250000000036e-05,1.1394815748032133e-13,0.0,0.0,0.0
phi-np,dynamic,calibration,15,392,11.0,11.0,128,1.8965187500000036e-05,8.694585433071514e-14,0.0,0.0,0.0
phi-np,dynamic,calibration,15,392,12.0,12.0,128,1.8631500000000037e-05,8.722318110235636e-14,0.0,0.0,0.0
phi-np,dynamic,calibration,15,392,13.0,13.0,128,1.8036750000000037e-05,6.898437795275495e-14,0.0,0.0,0.0
phi-np,dynamic,calibration,15,392,14.0,14.0,128,1.774143750000004e-05,1.169899173228329e-13,0.0,0.0,0.0
phi-np,dynamic,calibration,15,392,15.0,15.0,128,1.737000000000004e-05,1.467666141732295e-13,0.0,0.0,0.0
phi-np,dynamic,calibration,15,392,16.0,16.0,128,1.6949062500000038e-05,1.052602165354362e-13,0.0,0.0,0.0
phi-np,dynamic,calibration,15,392,17.0,17.0,128,1.6643437500000037e-05,1.0489618503937152e-13,0.0,0.0,0.0
phi-np,dynamic,calibration,15,392,18.0,18.0,128,1.6303750000000035e-05,6.26352755905546e-14,0.0,0.0,0.0
phi-np,dynamic,calibration,15,392,19.0,19.0,128,1.6151562500000038e-05,1.0066979133858774e-13,0.0,0.0,0.0
phi-np,dynamic,calibration,15,392,20.0,20.0,128,1.565043750000004e-05,7.736295669291676e-14,0.0,0.0,0.0
phi-np,dynamic,calibration,15,392,21.0,21.0,128,1.5515500000000038e-05,9.511584251968819e-14,0.0,0.0,0.0
phi-np,dynamic,calibration,15,392,22.0,22.0,128,1.5269375000000032e-05,7.883198425197059e-14,0.0,0.0,0.0
phi-np,dynamic,calibration,15,392,23.0,23.0,128,1.4779687500000037e-05,1.9733961811024232e-13,0.0,0.0,0.0
phi-np,dynamic,calibration,15,392,24.0,24.0,128,1.4370812500000036e-05,1.3605350787402516e-13,0.0,0.0,0.0
phi-np,dynamic,calibration,15,392,25.0,25.0,128,1.4062250000000036e-05,1.2028970078740931e-13,0.0,0.0,0.0
phi-np,dynamic,calibration,15,392,26.0,26.0,128,1.3747875000000035e-05,1.2157680314960632e-13,0.0,0.0,0.0
phi-np,dynamic,calibration,15,392,27.0,27.0,128,1.3556312500000037e-05,1.1958112992126736e-13,0.0,0.0,0.0
phi-np,dynamic,calibration,15,392,28.0,28.0,128,1.3463437500000037e-05,9.621990157480908e-14,0.0,0.0,0.0
phi-np,dynamic,calibration,15,392,29.0,29.0,128,1.3037375000000035e-05,9.373138582677943e-14,0.0,0.0,0.0
phi-np,dynamic,calibration,15,392,30.0,30.0,128,1.2716187500000035e-05,1.1800890944882602e-13,0.0,0.0,0.0
phi-np,dynamic,calibration,15,392,31.0,31.0,128,1.2560375000000038e-05,1.2410744881890219e-13,0.0,0.0,0.0
phi-np,dynamic,validation,0,3,0.0,0.0,128,1.957631250000004e-05,9.821772834645955e-14,0.0,0.0,0.0
phi-np,dynamic,validation,0,3,1.0,1.0,128,1.9585875000000037e-05,1.2729800000000033e-13,0.0,0.0,0.0
phi-np,dynamic,validation,0,3,2.0,2.0,128,1.8949875000000035e-05,1.7865724409448856e-13,0.0,0.0,0.0
phi-np,dynamic,validation,0,3,3.0,3.0,128,1.8437562500000036e-05,1.2000509842519645e-13,0.0,0.0,0.0
phi-np,dynamic,validation,0,3,4.0,4.0,128,1.8034625000000034e-05,1.3093705511810869e-13,0.0,0.0,0.0
phi-np,dynamic,validation,0,3,5.0,5.0,128,1.7842812500000036e-05,9.834793307086825e-14,0.0,0.0,0.0
phi-np,dynamic,validation,0,3,6.0,6.0,128,1.7585312500000037e-05,1.0679209055118423e-13,0.0,0.0,0.0
phi-np,dynamic,validation,0,3,7.0,7.0,128,1.7607000000000037e-05,9.198362204724283e-14,0.0,0.0,0.0
phi-np,dynamic,validation,0,3,8.0,8.0,128,1.7159000000000037e-05,1.2212711811024257e-13,0.0,0.0,0.0
phi-np,dynamic,validation,0,3,9.0,9.0,128,1.6991875000000035e-05,1.245651496063018e-13,0.0,0.0,0.0
phi-np,dynamic,validation,0,3,10.0,10.0,128,1.6529187500000037e-05,1.27028500000005e-13,0.0,0.0,0.0
phi-np,dynamic,validation,0,3,11.0,11.0,128,1.627431250000004e-05,9.083076771653834e-14,0.0,0.0,0.0
phi-np,dynamic,validation,0,3,12.0,12.0,128,1.6000687500000034e-05,6.822503543307116e-14,0.0,0.0,0.0
phi-np,dynamic,validation,0,3,13.0,13.0,128,1.5905812500000038e-05,6.32120590551199e-14,0.0,0.0,0.0
phi-np,dynamic,validation,0,3,14.0,14.0,128,1.5557062500000035e-05,7.786116141732117e-14,0.0,0.0,0.0
phi-np,dynamic,validation,0,3,15.0,15.0,128,1.5169812500000036e-05,5.1268751968508417e-14,0.0,0.0,0.0
phi-np,dynamic,validation,0,3,16.0,16.0,128,1.4980625000000036e-05,6.87507244094512e-14,0.0,0.0,0.0
phi-np,dynamic,validation,0,3,17.0,17.0,128,1.4710312500000037e-05,6.904103543307666e-14,0.0,0.0,0.0
phi-np,dynamic,validation,0,3,18.0,18.0,128,1.4545625000000037e-05,6.941869291338326e-14,0.0,0.0,0.0
phi-np,dynamic,validation,0,3,19.0,19.0,128,1.4368625000000039e-05,6.479784251968778e-14,0.0,0.0,0.0
phi-np,dynamic,validation,0,3,20.0,20.0,128,1.4231687500000038e-05,7.980084645668917e-14,0.0,0.0,0.0
phi-np,dynamic,validation,0,3,21.0,21.0,128,1.4063125000000038e-05,4.6793811023623605e-14,0.0,0.0,0.0
phi-np,dynamic,validation,0,3,22.0,22.0,128,1.3554625000000038e-05,6.825031496062902e-14,0.0,0.0,0.0
phi-np,dynamic,validation,0,3,23.0,23.0,128,1.3086750000000037e-05,8.116755905512179e-14,0.0,0.0,0.0
phi-np,dynamic,validation,0,3,24.0,24.0,128,1.3089187500000036e-05,5.83882480314924e-14,0.0,0.0,0.0
phi-np,dynamic,validation,0,3,25.0,25.0,128,1.2903437500000037e-05,5.605511417322452e-14,0.0,0.0,0.0
phi-np,dynamic,validation,0,3,26.0,26.0,128,1.2702625000000035e-05,5.916332283464775e-14,0.0,0.0,0.0
phi-np,dynamic,validation,0,3,27.0,27.0,128,1.2598375000000037e-05,4.826946456692947e-14,0.0,0.0,0.0
phi-np,dynamic,validation,0,3,28.0,28.0,128,1.2447625000000038e-05,8.363324409448854e-14,0.0,0.0,0.0
phi-np,dynamic,validation,0,3,29.0,29.0,128,1.2517375000000037e-05,1.270063464566924e-13,0.0,0.0,0.0
phi-np,dynamic,validation,0,3,30.0,30.0,128,1.2215750000000038e-05,6.697921259842917e-14,0.0,0.0,0.0
phi-np,dynamic,validation,0,3,31.0,31.0,128,1.1891562500000036e-05,8.158720866141369e-14,0.0,0.0,0.0
phi-np,dynamic,validation,1,11,0.0,0.0,128,1.9534500000000038e-05,8.17252283464625e-14,0.0,0.0,0.0
phi-np,dynamic,validation,1,11,1.0,1.0,128,1.935150000000004e-05,1.0203388976377635e-13,0.0,0.0,0.0
phi-np,dynamic,validation,1,11,2.0,2.0,128,1.904268750000004e-05,6.987517716535641e-14,0.0,0.0,0.0
phi-np,dynamic,validation,1,11,3.0,3.0,128,1.8828875000000037e-05,5.230184251968554e-14,0.0,0.0,0.0
phi-np,dynamic,validation,1,11,4.0,4.0,128,1.856987500000004e-05,1.1015910236219938e-13,0.0,0.0,0.0
phi-np,dynamic,validation,1,11,5.0,5.0,128,1.806737500000004e-05,7.034215748031408e-14,0.0,0.0,0.0
phi-np,dynamic,validation,1,11,6.0,6.0,128,1.7817750000000038e-05,3.096994645669295e-13,0.0,0.0,0.0
phi-np,dynamic,validation,1,11,7.0,7.0,128,1.771443750000004e-05,1.6105177559055422e-13,0.0,0.0,0.0
phi-np,dynamic,validation,1,11,8.0,8.0,128,1.728806250000004e-05,5.862450000000019e-14,0.0,0.0,0.0
phi-np,dynamic,validation,1,11,9.0,9.0,128,1.690412500000004e-05,8.10532125984197e-14,0.0,0.0,0.0
phi-np,dynamic,validation,1,11,10.0,10.0,128,1.664918750000004e-05,6.541010629921612e-14,0.0,0.0,0.0
phi-np,dynamic,validation,1,11,11.0,11.0,128,1.631318750000004e-05,2.951971259842678e-14,0.0,0.0,0.0
phi-np,dynamic,validation,1,11,12.0,12.0,128,1.594031250000004e-05,4.7285318897638434e-14,0.0,0.0,0.0
phi-np,dynamic,validation,1,11,13.0,13.0,128,1.5539000000000035e-05,5.702450393700189e-14,0.0,0.0,0.0
phi-np,dynamic,validation,1,11,14.0,14.0,128,1.5263250000000037e-05,6.055653543307302e-14,0.0,0.0,0.0
phi-np,dynamic,validation,1,11,15.0,15.0,128,1.491212500000004e-05,7.585459842519804e-14,0.0,0.0,0.0
phi-np,dynamic,validation,1,11,16.0,16.0,128,1.4674750000000038e-05,5.26205354330719e-14,0.0,0.0,0.0
phi-np,dynamic,validation,1,11,17.0,17.0,128,1.4447500000000034e-05,4.129335433071092e-14,0.0,0.0,0.0
phi-np,dynamic,validation,1,11,18.0,18.0,128,1.4268000000000035e-05,4.384755905511916e-14,0.0,0.0,0.0
phi-np,dynamic,validation,1,11,19.0,19.0,128,1.3964937500000039e-05,4.997152362205077e-14,0.0,0.0,0.0
phi-np,dynamic,validation,1,11,20.0,20.0,128,1.3621375000000037e-05,4.984250393701195e-14,0.0,0.0,0.0
phi-np,dynamic,validation,1,11,21.0,21.0,128,1.3554562500000035e-05,5.896157086613998e-14,0.0,0.0,0.0
phi-np,dynamic,validation,1,11,22.0,22.0,128,1.3260375000000036e-05,4.3870598425195895e-14,0.0,0.0,0.0
phi-np,dynamic,validation,1,11,23.0,23.0,128,1.3248187500000036e-05,1.1483461023622006e-13,0.0,0.0,0.0
phi-np,dynamic,validation,1,11,24.0,24.0,128,1.2987000000000037e-05,3.85693228346463e-14,0.0,0.0,0.0
phi-np,dynamic,validation,1,11,25.0,25.0,128,1.2738187500000036e-05,5.3456342519684105e-14,0.0,0.0,0.0
phi-np,dynamic,validation,1,11,26.0,26.0,128,1.2357250000000037e-05,3.644012598425083e-14,0.0,0.0,0.0
phi-np,dynamic,validation,1,11,27.0,27.0,128,1.2271312500000037e-05,4.095398031496278e-14,0.0,0.0,0.0
phi-np,dynamic,validation,1,11,28.0,28.0,128,1.2004500000000037e-05,3.953965354330697e-14,0.0,0.0,0.0
phi-np,dynamic,validation,1,11,29.0,29.0,128,1.1788125000000035e-05,4.579677165354775e-14,0.0,0.0,0.0
phi-np,dynamic,validation,1,11,30.0,30.0,128,1.1667875000000038e-05,3.471418897637828e-14,0.0,0.0,0.0
phi-np,dynamic,validation,1,11,31.0,31.0,128,1.1580187500000038e-05,2.706037401574678e-14,0.0,0.0,0.0
phi-np,dynamic,validation,2,13,0.0,0.0,128,1.6687750000000037e-05,1.3508428346457522e-13,0.0,0.0,0.0
phi-np,dynamic,validation,2,13,1.0,1.0,128,1.6742750000000035e-05,8.423149606299584e-14,0.0,0.0,0.0
phi-np,dynamic,validation,2,13,2.0,2.0,128,1.6368437500000037e-05,7.867294094488579e-14,0.0,0.0,0.0
phi-np,dynamic,validation,2,13,3.0,3.0,128,1.620987500000004e-05,6.939261417322802e-14,0.0,0.0,0.0
phi-np,dynamic,validation,2,13,4.0,4.0,128,1.5974437500000037e-05,7.663275196850934e-14,0.0,0.0,0.0
phi-np,dynamic,validation,2,13,5.0,5.0,128,1.578237500000004e-05,9.92043937007876e-14,0.0,0.0,0.0
phi-np,dynamic,validation,2,13,6.0,6.0,128,1.5353375000000037e-05,6.952124409448925e-14,0.0,0.0,0.0
phi-np,dynamic,validation,2,13,7.0,7.0,128,1.493618750000004e-05,8.755750787402246e-14,0.0,0.0,0.0
phi-np,dynamic,validation,2,13,8.0,8.0,128,1.4833750000000037e-05,5.183590551181306e-14,0.0,0.0,0.0
phi-np,dynamic,validation,2,13,9.0,9.0,128,1.4681437500000038e-05,4.127690944881852e-14,0.0,0.0,0.0
phi-np,dynamic,validation,2,13,10.0,10.0,128,1.4472125000000037e-05,4.541277165354185e-14,0.0,0.0,0.0
phi-np,dynamic,validation,2,13,11.0,11.0,128,1.418712500000004e-05,5.78824409448828e-14,0.0,0.0,0.0
phi-np,dynamic,validation,2,13,12.0,12.0,128,1.3882687500000035e-05,7.706736614173296e-14,0.0,0.0,0.0
phi-np,dynamic,validation,2,13,13.0,13.0,128,1.3748625000000038e-05,5.393094488189349e-14,0.0,0.0,0.0
phi-np,dynamic,validation,2,13,14.0,14.0,128,1.3456125000000039e-05,4.896451968503648e-14,0.0,0.0,0.0
phi-np,dynamic,validation,2,13,15.0,15.0,128,1.3204812500000037e-05,5.6443303149607246e-14,0.0,0.0,0.0
phi-np,dynamic,validation,2,13,16.0,16.0,128,1.2871000000000037e-05,4.133492913386212e-14,0.0,0.0,0.0
phi-np,dynamic,validation,2,13,17.0,17.0,128,1.2664125000000039e-05,7.0729559055118e-14,0.0,0.0,0.0
phi-np,dynamic,validation,2,13,18.0,18.0,128,1.2426062500000038e-05,6.113183858268347e-14,0.0,0.0,0.0
phi-np,dynamic,validation,2,13,19.0,19.0,128,1.2229062500000038e-05,5.747388582677244e-14,0.0,0.0,0.0
phi-np,dynamic,validation,2,13,20.0,20.0,128,1.2141312500000042e-05,7.64606259842569e-14,0.0,0.0,0.0
phi-np,dynamic,validation,2,13,21.0,21.0,128,1.1866625000000035e-05,3.989075590551577e-14,0.0,0.0,0.0
phi-np,dynamic,validation,2,13,22.0,22.0,128,1.1544750000000037e-05,6.277889763780063e-14,0.0,0.0,0.0
phi-np,dynamic,validation,2,13,23.0,23.0,128,1.1361062500000037e-05,6.837051574803601e-14,0.0,0.0,0.0
phi-np,dynamic,validation,2,13,24.0,24.0,128,1.141862500000004e-05,5.3219889763781086e-14,0.0,0.0,0.0
phi-np,dynamic,validation,2,13,25.0,25.0,128,1.1331000000000038e-05,5.0548913385829625e-14,0.0,0.0,0.0
phi-np,dynamic,validation,2,13,26.0,26.0,128,1.1185812500000035e-05,5.414522440945166e-14,0.0,0.0,0.0
phi-np,dynamic,validation,2,13,27.0,27.0,128,1.0761250000000035e-05,7.400560629921856e-14,0.0,0.0,0.0
phi-np,dynamic,validation,2,13,28.0,28.0,128,1.0786187500000035e-05,3.739687795275793e-14,0.0,0.0,0.0
phi-np,dynamic,validation,2,13,29.0,29.0,128,1.0525625000000039e-05,8.210883464568031e-14,0.0,0.0,0.0
phi-np,dynamic,validation,2,13,30.0,30.0,128,1.0407250000000037e-05,7.863678740157965e-14,0.0,0.0,0.0
phi-np,dynamic,validation,2,13,31.0,31.0,128,1.0408812500000037e-05,4.8377791338587505e-14,0.0,0.0,0.0
phi-np,dynamic,validation,3,1,0.0,0.0,128,1.5154750000000036e-05,3.744094488189138e-14,0.0,0.0,0.0
phi-np,dynamic,validation,3,1,1.0,1.0,128,1.5072000000000036e-05,6.622034645669497e-14,0.0,0.0,0.0
phi-np,dynamic,validation,3,1,2.0,2.0,128,1.4676437500000039e-05,4.1125098425195116e-14,0.0,0.0,0.0
phi-np,dynamic,validation,3,1,3.0,3.0,128,1.4659875000000037e-05,3.422637795275568e-14,0.0,0.0,0.0
phi-np,dynamic,validation,3,1,4.0,4.0,128,1.4358250000000038e-05,5.922362204724694e-14,0.0,0.0,0.0
phi-np,dynamic,validation,3,1,5.0,5.0,128,1.4122250000000036e-05,6.026576377952558e-14,0.0,0.0,0.0
phi-np,dynamic,validation,3,1,6.0,6.0,128,1.3988500000000037e-05,3.660472440945094e-14,0.0,0.0,0.0
phi-np,dynamic,validation,3,1,7.0,7.0,128,1.3886500000000039e-05,5.372144881889953e-14,0.0,0.0,0.0
phi-np,dynamic,validation,3,1,8.0,8.0,128,1.366037500000004e-05,3.762077165354469e-14,0.0,0.0,0.0
phi-np,dynamic,validation,3,1,9.0,9.0,128,1.3463250000000036e-05,6.355193700787398e-14,0.0,0.0,0.0
phi-np,dynamic,validation,3,1,10.0,10.0,128,1.3247812500000039e-05,4.0547240157481053e-14,0.0,0.0,0.0
phi-np,dynamic,validation,3,1,11.0,11.0,128,1.3107562500000038e-05,4.7498893700788754e-14,0.0,0.0,0.0
phi-np,dynamic,validation,3,1,12.0,12.0,128,1.2822812500000037e-05,4.5007712598427697e-14,0.0,0.0,0.0
phi-np,dynamic,validation,3,1,13.0,13.0,128,1.2774625000000037e-05,3.854121259842804e-14,0.0,0.0,0.0
phi-np,dynamic,validation,3,1,14.0,14.0,128,1.2495437500000035e-05,2.2951492125984538e-14,0.0,0.0,0.0
phi-np,dynamic,validation,3,1,15.0,15.0,128,1.2379750000000038e-05,3.5756283464564804e-14,0.0,0.0,0.0
phi-np,dynamic,validation,3,1,16.0,16.0,128,1.2092437500000034e-05,4.679338188976267e-14,0.0,0.0,0.0
phi-np,dynamic,validation,3,1,17.0,17.0,128,1.1889437500000038e-05,3.92077440944893e-14,0.0,0.0,0.0
phi-np,dynamic,validation,3,1,18.0,18.0,128,1.1763250000000037e-05,2.0904755905510967e-14,0.0,0.0,0.0
phi-np,dynamic,validation,3,1,19.0,19.0,128,1.1754187500000038e-05,3.499410629921245e-14,0.0,0.0,0.0
phi-np,dynamic,validation,3,1,20.0,20.0,128,1.1540125000000035e-05,3.66160472440944e-14,0.0,0.0,0.0
phi-np,dynamic,validation,3,1,21.0,21.0,128,1.141318750000004e-05,2.4874925196851674e-14,0.0,0.0,0.0
phi-np,dynamic,validation,3,1,22.0,22.0,128,1.1253375000000039e-05,3.3352677165353395e-14,0.0,0.0,0.0
phi-np,dynamic,validation,3,1,23.0,23.0,128,1.1088687500000036e-05,3.3512846456693053e-14,0.0,0.0,0.0
phi-np,dynamic,validation,3,1,24.0,24.0,128,1.0918750000000037e-05,2.635735433070775e-14,0.0,0.0,0.0
phi-np,dynamic,validation,3,1,25.0,25.0,128,1.0837500000000036e-05,3.9358236220473494e-14,0.0,0.0,0.0
phi-np,dynamic,validation,3,1,26.0,26.0,128,1.0627875000000038e-05,2.4567921259845984e-14,0.0,0.0,0.0
phi-np,dynamic,validation,3,1,27.0,27.0,128,1.0560812500000037e-05,3.184160236220416e-14,0.0,0.0,0.0
phi-np,dynamic,validation,3,1,28.0,28.0,128,1.0513500000000036e-05,1.9629102362202384e-14,0.0,0.0,0.0
phi-np,dynamic,validation,3,1,29.0,29.0,128,1.0301187500000039e-05,4.167114566929345e-14,0.0,0.0,0.0
phi-np,dynamic,validation,3,1,30.0,30.0,128,1.0210375000000037e-05,2.6174850393698792e-14,0.0,0.0,0.0
phi-np,dynamic,validation,3,1,31.0,31.0,128,1.0001500000000038e-05,2.9261354330710165e-14,0.0,0.0,0.0
phi-np,dynamic,validation,4,134,0.0,0.0,128,2.074931250000004e-05,1.0952494094488916e-13,0.0,0.0,0.0
phi-np,dynamic,validation,4,134,1.0,1.0,128,2.0471125000000037e-05,1.6845327559056049e-13,0.0,0.0,0.0
phi-np,dynamic,validation,4,134,2.0,2.0,128,2.022293750000004e-05,1.3613794881890023e-13,0.0,0.0,0.0
phi-np,dynamic,validation,4,134,3.0,3.0,128,1.9793000000000036e-05,1.5714570078740797e-13,0.0,0.0,0.0
phi-np,dynamic,validation,4,134,4.0,4.0,128,1.941081250000004e-05,1.7196002755905674e-13,0.0,0.0,0.0
phi-np,dynamic,validation,4,134,5.0,5.0,128,1.9018250000000038e-05,1.3844856692913464e-13,0.0,0.0,0.0
phi-np,dynamic,validation,4,134,6.0,6.0,128,1.865250000000004e-05,1.5617990551181937e-13,0.0,0.0,0.0
phi-np,dynamic,validation,4,134,7.0,7.0,128,1.8462562500000036e-05,1.7204856299212653e-13,0.0,0.0,0.0
phi-np,dynamic,validation,4,134,8.0,8.0,128,1.8211562500000038e-05,1.330049094488236e-13,0.0,0.0,0.0
phi-np,dynamic,validation,4,134,9.0,9.0,128,1.7639375000000038e-05,1.456827559055148e-13,0.0,0.0,0.0
phi-np,dynamic,validation,4,134,10.0,10.0,128,1.7327187500000035e-05,1.4509842125984137e-13,0.0,0.0,0.0
phi-np,dynamic,validation,4,134,11.0,11.0,128,1.7199312500000035e-05,1.3443933464567108e-13,0.0,0.0,0.0
phi-np,dynamic,validation,4,134,12.0,12.0,128,1.6594625000000034e-05,1.2560741732284153e-13,0.0,0.0,0.0
phi-np,dynamic,validation,4,134,13.0,13.0,128,1.6350812500000038e-05,1.1993810629922061e-13,0.0,0.0,0.0
phi-np,dynamic,validation,4,134,14.0,14.0,128,1.605987500000004e-05,1.0924445669291211e-13,0.0,0.0,0.0
phi-np,dynamic,validation,4,134,15.0,15.0,128,1.5936250000000036e-05,1.2379710236220832e-13,0.0,0.0,0.0
phi-np,dynamic,validation,4,134,16.0,16.0,128,1.5379062500000038e-05,1.1910261023622655e-13,0.0,0.0,0.0
phi-np,dynamic,validation,4,134,17.0,17.0,128,1.5217812500000037e-05,1.0742648425197722e-13,0.0,0.0,0.0
phi-np,dynamic,validation,4,134,18.0,18.0,128,1.4906562500000039e-05,9.887338188976441e-14,0.0,0.0,0.0
phi-np,dynamic,validation,4,134,19.0,19.0,128,1.4692562500000035e-05,9.800131889763263e-14,0.0,0.0,0.0
phi-np,dynamic,validation,4,134,20.0,20.0,128,1.4289437500000037e-05,9.081089370079448e-14,0.0,0.0,0.0
phi-np,dynamic,validation,4,134,21.0,21.0,128,1.4240812500000037e-05,8.576387007874117e-14,0.0,0.0,0.0
phi-np,dynamic,validation,4,134,22.0,22.0,128,1.3990812500000036e-05,9.515246850394015e-14,0.0,0.0,0.0
phi-np,dynamic,validation,4,134,23.0,23.0,128,1.3764875000000038e-05,6.555538582677635e-14,0.0,0.0,0.0
phi-np,dynamic,validation,4,134,24.0,24.0,128,1.3407187500000039e-05,8.409483070866037e-14,0.0,0.0,0.0
phi-np,dynamic,validation,4,134,25.0,25.0,128,1.3141562500000038e-05,1.0006531889764176e-13,0.0,0.0,0.0
phi-np,dynamic,validation,4,134,26.0,26.0,127,1.2816944881889801e-05,8.225687789026831e-14,0.0078125,0.0,0.0
phi-np,dynamic,validation,4,134,27.0,27.0,128,1.2844750000000037e-05,7.135792125984529e-14,0.0,0.0,0.0
phi-np,dynamic,validation,4,134,28.0,28.0,128,1.2488750000000037e-05,9.266236220473024e-14,0.0,0.0,0.0
phi-np,dynamic,validation,4,134,29.0,29.0,128,1.2188625000000038e-05,9.153371653543269e-14,0.0,0.0,0.0
phi-np,dynamic,validation,4,134,30.0,30.0,128,1.2314937500000036e-05,9.654512992126649e-14,0.0,0.0,0.0
phi-np,dynamic,validation,4,134,31.0,31.0,128,1.2164875000000038e-05,7.963337007873819e-14,0.0,0.0,0.0
phi-np,dynamic,validation,5,141,0.0,0.0,128,1.9151125000000036e-05,1.0091261417323053e-13,0.0,0.0,0.0
phi-np,dynamic,validation,5,141,1.0,1.0,128,1.904675000000004e-05,6.006267716535865e-14,0.0,0.0,0.0
phi-np,dynamic,validation,5,141,2.0,2.0,128,1.8535437500000035e-05,9.134582283464569e-14,0.0,0.0,0.0
phi-np,dynamic,validation,5,141,3.0,3.0,128,1.810125000000004e-05,9.58008818897657e-14,0.0,0.0,0.0
phi-np,dynamic,validation,5,141,4.0,4.0,128,1.7878625000000038e-05,9.898341732283193e-14,0.0,0.0,0.0
phi-np,dynamic,validation,5,141,5.0,5.0,128,1.751200000000004e-05,9.94892598425211e-14,0.0,0.0,0.0
phi-np,dynamic,validation,5,141,6.0,6.0,128,1.7201000000000034e-05,6.893253543307026e-14,0.0,0.0,0.0
phi-np,dynamic,validation,5,141,7.0,7.0,128,1.6857562500000034e-05,9.987634251968441e-14,0.0,0.0,0.0
phi-np,dynamic,validation,5,141,8.0,8.0,128,1.6706125000000038e-05,4.612382677165377e-14,0.0,0.0,0.0
phi-np,dynamic,validation,5,141,9.0,9.0,128,1.6479375000000036e-05,5.3745496062994767e-14,0.0,0.0,0.0
phi-np,dynamic,validation,5,141,10.0,10.0,128,1.5889875000000037e-05,8.260987401575057e-14,0.0,0.0,0.0
phi-np,dynamic,validation,5,141,11.0,11.0,128,1.5688625000000036e-05,5.4677779527562484e-14,0.0,0.0,0.0
phi-np,dynamic,validation,5,141,12.0,12.0,128,1.5408937500000037e-05,9.051980708661071e-14,0.0,0.0,0.0
phi-np,dynamic,validation,5,141,13.0,13.0,128,1.5211437500000038e-05,8.826223228346743e-14,0.0,0.0,0.0
phi-np,dynamic,validation,5,141,14.0,14.0,128,1.4773187500000038e-05,8.26039330708719e-14,0.0,0.0,0.0
phi-np,dynamic,validation,5,141,15.0,15.0,128,1.447568750000004e-05,5.111927165354763e-14,0.0,0.0,0.0
phi-np,dynamic,validation,5,141,16.0,16.0,128,1.4272937500000037e-05,8.330846850393861e-14,0.0,0.0,0.0
phi-np,dynamic,validation,5,141,17.0,17.0,128,1.3881125000000036e-05,7.698518110236994e-14,0.0,0.0,0.0
phi-np,dynamic,validation,5,141,18.0,18.0,128,1.3608250000000037e-05,7.917549606299434e-14,0.0,0.0,0.0
phi-np,dynamic,validation,5,141,19.0,19.0,128,1.3391500000000038e-05,1.0262148031496586e-13,0.0,0.0,0.0
phi-np,dynamic,validation,5,141,20.0,20.0,128,1.3149937500000037e-05,1.15850326771659e-13,0.0,0.0,0.0
phi-np,dynamic,validation,5,141,21.0,21.0,128,1.3086562500000036e-05,1.161498543307091e-13,0.0,0.0,0.0
phi-np,dynamic,validation,5,141,22.0,22.0,128,1.2691250000000035e-05,1.0370563779528393e-13,0.0,0.0,0.0
phi-np,dynamic,validation,5,141,23.0,23.0,128,1.2655812500000035e-05,6.269527165354539e-14,0.0,0.0,0.0
phi-np,dynamic,validation,5,141,24.0,24.0,128,1.2424250000000036e-05,9.547685039370683e-14,0.0,0.0,0.0
phi-np,dynamic,validation,5,141,25.0,25.0,128,1.2258812500000037e-05,5.6304468503942264e-14,0.0,0.0,0.0
phi-np,dynamic,validation,5,141,26.0,26.0,128,1.1937437500000037e-05,1.1470557086615082e-13,0.0,0.0,0.0
phi-np,dynamic,validation,5,141,27.0,27.0,128,1.1742875000000035e-05,1.0881182677165979e-13,0.0,0.0,0.0
phi-np,dynamic,validation,5,141,28.0,28.0,128,1.165056250000004e-05,1.2347357086614961e-13,0.0,0.0,0.0
phi-np,dynamic,validation,5,141,29.0,29.0,128,1.1427000000000038e-05,1.045034330708787e-13,0.0,0.0,0.0
phi-np,dynamic,validation,5,141,30.0,30.0,128,1.1157125000000038e-05,1.0408691338583701e-13,0.0,0.0,0.0
phi-np,dynamic,validation,5,141,31.0,31.0,128,1.0932500000000036e-05,1.3948044094489115e-13,0.0,0.0,0.0
phi-np,dynamic,validation,6,130,0.0,0.0,128,1.9709875000000038e-05,8.318839370078964e-14,0.0,0.0,0.0
phi-np,dynamic,validation,6,130,1.0,1.0,128,1.940093750000004e-05,4.949832677165125e-14,0.0,0.0,0.0
phi-np,dynamic,validation,6,130,2.0,2.0,128,1.9092500000000034e-05,5.385751181102087e-14,0.0,0.0,0.0
phi-np,dynamic,validation,6,130,3.0,3.0,128,1.868993750000004e-05,4.318412204724326e-14,0.0,0.0,0.0
phi-np,dynamic,validation,6,130,4.0,4.0,128,1.8402250000000035e-05,6.212730708661551e-14,0.0,0.0,0.0
phi-np,dynamic,validation,6,130,5.0,5.0,128,1.8182062500000035e-05,7.176944488189288e-14,0.0,0.0,0.0
phi-np,dynamic,validation,6,130,6.0,6.0,128,1.7676625000000035e-05,1.001379370078761e-13,0.0,0.0,0.0
phi-np,dynamic,validation,6,130,7.0,7.0,128,1.7300812500000037e-05,8.395927165354626e-14,0.0,0.0,0.0
phi-np,dynamic,validation,6,130,8.0,8.0,128,1.703418750000004e-05,5.091750787401675e-14,0.0,0.0,0.0
phi-np,dynamic,validation,6,130,9.0,9.0,128,1.6787125000000036e-05,5.711746456693045e-14,0.0,0.0,0.0
phi-np,dynamic,validation,6,130,10.0,10.0,128,1.6366375000000035e-05,5.797730708661498e-14,0.0,0.0,0.0
phi-np,dynamic,validation,6,130,11.0,11.0,128,1.6278062500000037e-05,6.683590157480483e-14,0.0,0.0,0.0
phi-np,dynamic,validation,6,130,12.0,12.0,128,1.5893562500000034e-05,3.943161811023543e-14,0.0,0.0,0.0
phi-np,dynamic,validation,6,130,13.0,13.0,128,1.5605750000000036e-05,4.1711811023623357e-14,0.0,0.0,0.0
phi-np,dynamic,validation,6,130,14.0,14.0,128,1.5312750000000037e-05,7.763697637795242e-14,0.0,0.0,0.0
phi-np,dynamic,validation,6,130,15.0,15.0,128,1.4809750000000037e-05,4.9410960629923916e-14,0.0,0.0,0.0
phi-np,dynamic,validation,6,130,16.0,16.0,128,1.4415375000000036e-05,5.08579370078762e-14,0.0,0.0,0.0
phi-np,dynamic,validation,6,130,17.0,17.0,128,1.4182187500000038e-05,3.506112992126039e-14,0.0,0.0,0.0
phi-np,dynamic,validation,6,130,18.0,18.0,128,1.3825562500000038e-05,4.556301968504127e-14,0.0,0.0,0.0
phi-np,dynamic,validation,6,130,19.0,19.0,128,1.3726187500000037e-05,2.907536614173383e-14,0.0,0.0,0.0
phi-np,dynamic,validation,6,130,20.0,20.0,128,1.3510750000000038e-05,3.656207874015846e-14,0.0,0.0,0.0
phi-np,dynamic,validation,6,130,21.0,21.0,128,1.326175000000004e-05,5.189335433071128e-14,0.0,0.0,0.0
phi-np,dynamic,validation,6,130,22.0,22.0,128,1.3022187500000035e-05,3.155473622047305e-14,0.0,0.0,0.0
phi-np,dynamic,validation,6,130,23.0,23.0,128,1.2685500000000036e-05,1.2538633070866533e-13,0.0,0.0,0.0
phi-np,dynamic,validation,6,130,24.0,24.0,128,1.2489625000000037e-05,4.091903937007615e-14,0.0,0.0,0.0
phi-np,dynamic,validation,6,130,25.0,25.0,128,1.2262375000000039e-05,2.9624803149606774e-14,0.0,0.0,0.0
phi-np,dynamic,validation,6,130,26.0,26.0,128,1.2048125000000033e-05,3.033800000000096e-14,0.0,0.0,0.0
phi-np,dynamic,validation,6,130,27.0,27.0,128,1.1875437500000035e-05,4.6592688976381216e-14,0.0,0.0,0.0
phi-np,dynamic,validation,6,130,28.0,28.0,128,1.1651937500000036e-05,3.34563740157505e-14,0.0,0.0,0.0
phi-np,dynamic,validation,6,130,29.0,29.0,128,1.151756250000004e-05,3.75247204724422e-14,0.0,0.0,0.0
phi-np,dynamic,validation,6,130,30.0,30.0,127,1.1292283464566967e-05,4.020093488313614e-14,0.0078125,0.0,0.0
phi-np,dynamic,validation,6,130,31.0,31.0,128,1.1148125000000037e-05,4.887280314961105e-14,0.0,0.0,0.0
phi-np,dynamic,validation,7,128,0.0,0.0,128,1.773350000000004e-05,1.0170028346456954e-13,0.0,0.0,0.0
phi-np,dynamic,validation,7,128,1.0,1.0,128,1.7661250000000037e-05,1.1094318110236015e-13,0.0,0.0,0.0
phi-np,dynamic,validation,7,128,2.0,2.0,128,1.7406625000000036e-05,1.4145825196849925e-13,0.0,0.0,0.0
phi-np,dynamic,validation,7,128,3.0,3.0,128,1.6977625000000037e-05,1.1754770078740269e-13,0.0,0.0,0.0
phi-np,dynamic,validation,7,128,4.0,4.0,128,1.6739812500000037e-05,1.0635486220473025e-13,0.0,0.0,0.0
phi-np,dynamic,validation,7,128,5.0,5.0,128,1.6462687500000037e-05,1.3157168110236363e-13,0.0,0.0,0.0
phi-np,dynamic,validation,7,128,6.0,6.0,128,1.6159312500000038e-05,7.405256299212296e-14,0.0,0.0,0.0
phi-np,dynamic,validation,7,128,7.0,7.0,128,1.5797750000000037e-05,1.3681177952755785e-13,0.0,0.0,0.0
phi-np,dynamic,validation,7,128,8.0,8.0,128,1.5524375000000035e-05,8.006637795275565e-14,0.0,0.0,0.0
phi-np,dynamic,validation,7,128,9.0,9.0,128,1.5286125000000038e-05,1.2183532283464678e-13,0.0,0.0,0.0
phi-np,dynamic,validation,7,128,10.0,10.0,128,1.4944062500000038e-05,6.191420078740205e-14,0.0,0.0,0.0
phi-np,dynamic,validation,7,128,11.0,11.0,128,1.4650187500000039e-05,1.173605944881882e-13,0.0,0.0,0.0
phi-np,dynamic,validation,7,128,12.0,12.0,128,1.4502875000000039e-05,7.781264566928925e-14,0.0,0.0,0.0
phi-np,dynamic,validation,7,128,13.0,13.0,128,1.4436750000000038e-05,9.468718110236018e-14,0.0,0.0,0.0
phi-np,dynamic,validation,7,128,14.0,14.0,128,1.4240812500000036e-05,1.1529357086614626e-13,0.0,0.0,0.0
phi-np,dynamic,validation,7,128,15.0,15.0,128,1.391462500000004e-05,7.982474015748419e-14,0.0,0.0,0.0
phi-np,dynamic,validation,7,128,16.0,16.0,128,1.3534000000000037e-05,7.472277165355003e-14,0.0,0.0,0.0
phi-np,dynamic,validation,7,128,17.0,17.0,128,1.3450750000000039e-05,7.614633070866259e-14,0.0,0.0,0.0
phi-np,dynamic,validation,7,128,18.0,18.0,128,1.3383437500000036e-05,7.829385433070924e-14,0.0,0.0,0.0
phi-np,dynamic,validation,7,128,19.0,19.0,128,1.3068812500000039e-05,1.1149438976378856e-13,0.0,0.0,0.0
phi-np,dynamic,validation,7,128,20.0,20.0,128,1.2891875000000037e-05,7.3534472440946e-14,0.0,0.0,0.0
phi-np,dynamic,validation,7,128,21.0,21.0,128,1.2745062500000037e-05,6.462727165354774e-14,0.0,0.0,0.0
phi-np,dynamic,validation,7,128,22.0,22.0,128,1.2669500000000039e-05,6.103458267715904e-14,0.0,0.0,0.0
phi-np,dynamic,validation,7,128,23.0,23.0,128,1.2319625000000035e-05,7.565995275590503e-14,0.0,0.0,0.0
phi-np,dynamic,validation,7,128,24.0,24.0,128,1.2036812500000038e-05,7.950144488189032e-14,0.0,0.0,0.0
phi-np,dynamic,validation,7,128,25.0,25.0,128,1.2062500000000037e-05,6.618784251968719e-14,0.0,0.0,0.0
phi-np,dynamic,validation,7,128,26.0,26.0,128,1.1709812500000037e-05,7.597627952756376e-14,0.0,0.0,0.0
phi-np,dynamic,validation,7,128,27.0,27.0,128,1.1600687500000035e-05,6.817061023622217e-14,0.0,0.0,0.0
phi-np,dynamic,validation,7,128,28.0,28.0,128,1.1429062500000037e-05,8.815861023622392e-14,0.0,0.0,0.0
phi-np,dynamic,validation,7,128,29.0,29.0,128,1.1167000000000037e-05,5.372472440945159e-14,0.0,0.0,0.0
phi-np,dynamic,validation,7,128,30.0,30.0,128,1.0868500000000037e-05,8.096932283465094e-14,0.0,0.0,0.0
phi-np,dynamic,validation,7,128,31.0,31.0,128,1.0751125000000038e-05,6.807003149606533e-14,0.0,0.0,0.0
phi-np,dynamic,validation,8,273,0.0,0.0,128,1.8568500000000037e-05,4.714305511811508e-14,0.0,0.0,0.0
phi-np,dynamic,validation,8,273,1.0,1.0,128,1.8804375000000038e-05,5.1320803149607045e-14,0.0,0.0,0.0
phi-np,dynamic,validation,8,273,2.0,2.0,128,1.845506250000004e-05,4.472604330708835e-14,0.0,0.0,0.0
phi-np,dynamic,validation,8,273,3.0,3.0,128,1.8201625000000034e-05,5.241485039370113e-14,0.0,0.0,0.0
phi-np,dynamic,validation,8,273,4.0,4.0,128,1.7960812500000034e-05,5.705054724409383e-14,0.0,0.0,0.0
phi-np,dynamic,validation,8,273,5.0,5.0,128,1.768031250000004e-05,4.5587555118111735e-14,0.0,0.0,0.0
phi-np,dynamic,validation,8,273,6.0,6.0,128,1.7451625000000036e-05,4.1429527559055257e-14,0.0,0.0,0.0
phi-np,dynamic,validation,8,273,7.0,7.0,128,1.7157187500000042e-05,5.4589066929132165e-14,0.0,0.0,0.0
phi-np,dynamic,validation,8,273,8.0,8.0,128,1.6551187500000038e-05,7.718585433070786e-14,0.0,0.0,0.0
phi-np,dynamic,validation,8,273,9.0,9.0,128,1.6300500000000038e-05,5.544592125984401e-14,0.0,0.0,0.0
phi-np,dynamic,validation,8,273,10.0,10.0,128,1.597087500000004e-05,5.1481937007870784e-14,0.0,0.0,0.0
phi-np,dynamic,validation,8,273,11.0,11.0,128,1.5897250000000035e-05,4.5364850393699834e-14,0.0,0.0,0.0
phi-np,dynamic,validation,8,273,12.0,12.0,128,1.581768750000004e-05,6.029067322834989e-14,0.0,0.0,0.0
phi-np,dynamic,validation,8,273,13.0,13.0,128,1.5634937500000035e-05,3.125202755905797e-14,0.0,0.0,0.0
phi-np,dynamic,validation,8,273,14.0,14.0,128,1.5469562500000036e-05,4.4991051181103064e-14,0.0,0.0,0.0
phi-np,dynamic,validation,8,273,15.0,15.0,128,1.528831250000004e-05,3.178270472441121e-14,0.0,0.0,0.0
phi-np,dynamic,validation,8,273,16.0,16.0,128,1.4931750000000035e-05,3.693650393701135e-14,0.0,0.0,0.0
phi-np,dynamic,validation,8,273,17.0,17.0,128,1.4762437500000038e-05,3.283709842519624e-14,0.0,0.0,0.0
phi-np,dynamic,validation,8,273,18.0,18.0,128,1.4400250000000039e-05,3.108377952755897e-14,0.0,0.0,0.0
phi-np,dynamic,validation,8,273,19.0,19.0,128,1.4363937500000036e-05,4.1809633858272174e-14,0.0,0.0,0.0
phi-np,dynamic,validation,8,273,20.0,20.0,128,1.4148000000000038e-05,3.286677165354191e-14,0.0,0.0,0.0
phi-np,dynamic,validation,8,273,21.0,21.0,128,1.4021812500000037e-05,3.926144488188819e-14,0.0,0.0,0.0
phi-np,dynamic,validation,8,273,22.0,22.0,128,1.3729125000000036e-05,4.272149606298991e-14,0.0,0.0,0.0
phi-np,dynamic,validation,8,273,23.0,23.0,128,1.3538937500000037e-05,2.7156027559053244e-14,0.0,0.0,0.0
phi-np,dynamic,validation,8,273,24.0,24.0,128,1.3317937500000037e-05,2.859766535433043e-14,0.0,0.0,0.0
phi-np,dynamic,validation,8,273,25.0,25.0,128,1.3041562500000035e-05,4.7470925196851015e-14,0.0,0.0,0.0
phi-np,dynamic,validation,8,273,26.0,26.0,128,1.2853125000000036e-05,2.978240944881913e-14,0.0,0.0,0.0
phi-np,dynamic,validation,8,273,27.0,27.0,128,1.2734625000000037e-05,3.2657244094489116e-14,0.0,0.0,0.0
phi-np,dynamic,validation,8,273,28.0,28.0,128,1.2537187500000039e-05,4.8016216535436386e-14,0.0,0.0,0.0
phi-np,dynamic,validation,8,273,29.0,29.0,128,1.2483875000000038e-05,2.0355007874015254e-14,0.0,0.0,0.0
phi-np,dynamic,validation,8,273,30.0,30.0,128,1.2239250000000035e-05,3.5420157480318446e-14,0.0,0.0,0.0
phi-np,dynamic,validation,8,273,31.0,31.0,128,1.2111062500000038e-05,4.8735366141734485e-14,0.0,0.0,0.0
phi-np,dynamic,validation,9,261,0.0,0.0,128,1.735062500000004e-05,9.770543307086716e-14,0.0,0.0,0.0
phi-np,dynamic,validation,9,261,1.0,1.0,128,1.721337500000004e-05,1.1707475590551264e-13,0.0,0.0,0.0
phi-np,dynamic,validation,9,261,2.0,2.0,128,1.711650000000004e-05,1.1182135433071009e-13,0.0,0.0,0.0
phi-np,dynamic,validation,9,261,3.0,3.0,128,1.680687500000004e-05,1.259406456692916e-13,0.0,0.0,0.0
phi-np,dynamic,validation,9,261,4.0,4.0,128,1.6443187500000035e-05,6.128916141732685e-14,0.0,0.0,0.0
phi-np,dynamic,validation,9,261,5.0,5.0,128,1.630862500000004e-05,1.3417485039370525e-13,0.0,0.0,0.0
phi-np,dynamic,validation,9,261,6.0,6.0,128,1.5779250000000037e-05,2.131758740157459e-13,0.0,0.0,0.0
phi-np,dynamic,validation,9,261,7.0,7.0,128,1.5629187500000036e-05,1.4298465748031615e-13,0.0,0.0,0.0
phi-np,dynamic,validation,9,261,8.0,8.0,128,1.545187500000004e-05,5.235601574803898e-14,0.0,0.0,0.0
phi-np,dynamic,validation,9,261,9.0,9.0,127,1.5224503937007909e-05,5.918653768279364e-14,0.0078125,0.0,0.0
phi-np,dynamic,validation,9,261,10.0,10.0,128,1.4925562500000038e-05,8.234084645669637e-14,0.0,0.0,0.0
phi-np,dynamic,validation,9,261,11.0,11.0,128,1.4874437500000038e-05,6.050021653543257e-14,0.0,0.0,0.0
phi-np,dynamic,validation,9,261,12.0,12.0,128,1.4521187500000036e-05,8.347423228346379e-14,0.0,0.0,0.0
phi-np,dynamic,validation,9,261,13.0,13.0,128,1.4345437500000036e-05,5.703501968503742e-14,0.0,0.0,0.0
phi-np,dynamic,validation,9,261,14.0,14.0,128,1.4241125000000037e-05,7.387085039370431e-14,0.0,0.0,0.0
phi-np,dynamic,validation,9,261,15.0,15.0,128,1.4242312500000036e-05,1.554213818897639e-13,0.0,0.0,0.0
phi-np,dynamic,validation,9,261,16.0,16.0,128,1.4203062500000041e-05,6.883690944882117e-14,0.0,0.0,0.0
phi-np,dynamic,validation,9,261,17.0,17.0,128,1.399831250000004e-05,4.8815019685039024e-14,0.0,0.0,0.0
phi-np,dynamic,validation,9,261,18.0,18.0,128,1.3746875000000036e-05,3.3275700787401275e-14,0.0,0.0,0.0
phi-np,dynamic,validation,9,261,19.0,19.0,128,1.3434687500000038e-05,4.752557086614099e-14,0.0,0.0,0.0
phi-np,dynamic,validation,9,261,20.0,20.0,128,1.3150750000000037e-05,3.594425196850657e-14,0.0,0.0,0.0
phi-np,dynamic,validation,9,261,21.0,21.0,128,1.3022500000000037e-05,4.2189354330713025e-14,0.0,0.0,0.0
phi-np,dynamic,validation,9,261,22.0,22.0,128,1.2747562500000038e-05,4.513442125984574e-14,0.0,0.0,0.0
phi-np,dynamic,validation,9,261,23.0,23.0,128,1.2499625000000039e-05,1.4763022047244444e-13,0.0,0.0,0.0
phi-np,dynamic,validation,9,261,24.0,24.0,128,1.2309250000000036e-05,3.149549606299098e-14,0.0,0.0,0.0
phi-np,dynamic,validation,9,261,25.0,25.0,128,1.2173000000000037e-05,5.5468346456695714e-14,0.0,0.0,0.0
phi-np,dynamic,validation,9,261,26.0,26.0,128,1.1501625000000037e-05,2.5183179527560335e-13,0.0,0.0,0.0
phi-np,dynamic,validation,9,261,27.0,27.0,128,1.1136875000000037e-05,2.7900697637796856e-13,0.0,0.0,0.0
phi-np,dynamic,validation,9,261,28.0,28.0,128,1.0896875000000036e-05,2.3858921259844383e-13,0.0,0.0,0.0
phi-np,dynamic,validation,9,261,29.0,29.0,128,1.0720125000000037e-05,3.009864409449034e-13,0.0,0.0,0.0
phi-np,dynamic,validation,9,261,30.0,30.0,128,1.048381250000004e-05,2.541011299212781e-13,0.0,0.0,0.0
phi-np,dynamic,validation,9,261,31.0,31.0,128,1.017750000000004e-05,3.095480944882127e-13,0.0,0.0,0.0
phi-np,dynamic,validation,10,262,0.0,0.0,128,1.6198062500000038e-05,8.897889370078646e-14,0.0,0.0,0.0
phi-np,dynamic,validation,10,262,1.0,1.0,128,1.6186562500000037e-05,5.963886220472282e-14,0.0,0.0,0.0
phi-np,dynamic,validation,10,262,2.0,2.0,128,1.5877000000000035e-05,6.991218897637733e-14,0.0,0.0,0.0
phi-np,dynamic,validation,10,262,3.0,3.0,128,1.5819250000000037e-05,7.85430551181139e-14,0.0,0.0,0.0
phi-np,dynamic,validation,10,262,4.0,4.0,128,1.5576750000000037e-05,3.89598110236229e-14,0.0,0.0,0.0
phi-np,dynamic,validation,10,262,5.0,5.0,128,1.5510062500000037e-05,5.750601181102153e-14,0.0,0.0,0.0
phi-np,dynamic,validation,10,262,6.0,6.0,128,1.5081750000000036e-05,7.222922834645746e-14,0.0,0.0,0.0
phi-np,dynamic,validation,10,262,7.0,7.0,128,1.4842625000000038e-05,5.990310236220724e-14,0.0,0.0,0.0
phi-np,dynamic,validation,10,262,8.0,8.0,128,1.4815250000000034e-05,6.692629921259904e-14,0.0,0.0,0.0
phi-np,dynamic,validation,10,262,9.0,9.0,128,1.4527812500000038e-05,5.164393307086954e-14,0.0,0.0,0.0
phi-np,dynamic,validation,10,262,10.0,10.0,128,1.4178812500000037e-05,5.1948437007879054e-14,0.0,0.0,0.0
phi-np,dynamic,validation,10,262,11.0,11.0,128,1.3896250000000037e-05,5.4452346456695987e-14,0.0,0.0,0.0
phi-np,dynamic,validation,10,262,12.0,12.0,128,1.3912437500000036e-05,6.717712992126399e-14,0.0,0.0,0.0
phi-np,dynamic,validation,10,262,13.0,13.0,128,1.3910812500000037e-05,3.749602755905324e-14,0.0,0.0,0.0
phi-np,dynamic,validation,10,262,14.0,14.0,128,1.365618750000004e-05,5.463933464567136e-14,0.0,0.0,0.0
phi-np,dynamic,validation,10,262,15.0,15.0,128,1.3516500000000037e-05,4.5308724409449374e-14,0.0,0.0,0.0
phi-np,dynamic,validation,10,262,16.0,16.0,128,1.3513812500000036e-05,3.091775984252174e-14,0.0,0.0,0.0
phi-np,dynamic,validation,10,262,17.0,17.0,128,1.3242375000000036e-05,6.715702362204718e-14,0.0,0.0,0.0
phi-np,dynamic,validation,10,262,18.0,18.0,128,1.3069750000000039e-05,4.87074645669288e-14,0.0,0.0,0.0
phi-np,dynamic,validation,10,262,19.0,19.0,128,1.2989875000000036e-05,3.257900787401605e-14,0.0,0.0,0.0
phi-np,dynamic,validation,10,262,20.0,20.0,128,1.2683250000000035e-05,5.177593700787805e-14,0.0,0.0,0.0
phi-np,dynamic,validation,10,262,21.0,21.0,128,1.2545062500000038e-05,5.2439051181102934e-14,0.0,0.0,0.0
phi-np,dynamic,validation,10,262,22.0,22.0,128,1.2280875000000037e-05,7.189793700787432e-14,0.0,0.0,0.0
phi-np,dynamic,validation,10,262,23.0,23.0,128,1.2211625000000039e-05,5.976779527559405e-14,0.0,0.0,0.0
phi-np,dynamic,validation,10,262,24.0,24.0,128,1.2075312500000038e-05,5.508689370078844e-14,0.0,0.0,0.0
phi-np,dynamic,validation,10,262,25.0,25.0,128,1.1805687500000038e-05,5.4029255905514285e-14,0.0,0.0,0.0
phi-np,dynamic,validation,10,262,26.0,26.0,128,1.1864687500000035e-05,1.0150301968504362e-13,0.0,0.0,0.0
phi-np,dynamic,validation,10,262,27.0,27.0,128,1.1694125000000038e-05,5.395702362204992e-14,0.0,0.0,0.0
phi-np,dynamic,validation,10,262,28.0,28.0,128,1.1540500000000036e-05,7.112541732283989e-14,0.0,0.0,0.0
phi-np,dynamic,validation,10,262,29.0,29.0,128,1.134943750000004e-05,5.356843700787891e-14,0.0,0.0,0.0
phi-np,dynamic,validation,10,262,30.0,30.0,128,1.1200500000000038e-05,7.012459842520303e-14,0.0,0.0,0.0
phi-np,dynamic,validation,10,262,31.0,31.0,128,1.1026750000000038e-05,1.4057870866142627e-13,0.0,0.0,0.0
phi-np,dynamic,validation,11,274,0.0,0.0,128,1.6480562500000037e-05,2.86419488188999e-14,0.0,0.0,0.0
phi-np,dynamic,validation,11,274,1.0,1.0,128,1.6363375000000035e-05,1.804559055118501e-14,0.0,0.0,0.0
phi-np,dynamic,validation,11,274,2.0,2.0,128,1.632487500000004e-05,3.315324409449086e-14,0.0,0.0,0.0
phi-np,dynamic,validation,11,274,3.0,3.0,128,1.613356250000004e-05,5.750884645669286e-14,0.0,0.0,0.0
phi-np,dynamic,validation,11,274,4.0,4.0,128,1.627612500000004e-05,3.367305511811122e-14,0.0,0.0,0.0
phi-np,dynamic,validation,11,274,5.0,5.0,128,1.6020937500000034e-05,3.6793570866140965e-14,0.0,0.0,0.0
phi-np,dynamic,validation,11,274,6.0,6.0,128,1.5557750000000036e-05,3.977467716535378e-14,0.0,0.0,0.0
phi-np,dynamic,validation,11,274,7.0,7.0,128,1.5541875000000037e-05,2.951204724409446e-14,0.0,0.0,0.0
phi-np,dynamic,validation,11,274,8.0,8.0,128,1.5388000000000036e-05,3.7359874015749294e-14,0.0,0.0,0.0
phi-np,dynamic,validation,11,274,9.0,9.0,128,1.5187062500000035e-05,3.617675196850472e-14,0.0,0.0,0.0
phi-np,dynamic,validation,11,274,10.0,10.0,128,1.5001437500000037e-05,3.645524015748413e-14,0.0,0.0,0.0
phi-np,dynamic,validation,11,274,11.0,11.0,128,1.4666000000000035e-05,2.6276283464568243e-14,0.0,0.0,0.0
phi-np,dynamic,validation,11,274,12.0,12.0,128,1.423437500000004e-05,6.09031653543332e-14,0.0,0.0,0.0
phi-np,dynamic,validation,11,274,13.0,13.0,128,1.4231875000000037e-05,1.3917716535432388e-14,0.0,0.0,0.0
phi-np,dynamic,validation,11,274,14.0,14.0,128,1.408937500000004e-05,4.2413464566930554e-14,0.0,0.0,0.0
phi-np,dynamic,validation,11,274,15.0,15.0,128,1.3974437500000036e-05,3.7067649606299433e-14,0.0,0.0,0.0
phi-np,dynamic,validation,11,274,16.0,16.0,128,1.3823812500000036e-05,3.7411744094490924e-14,0.0,0.0,0.0
phi-np,dynamic,validation,11,274,17.0,17.0,128,1.3515250000000038e-05,4.7211275590554974e-14,0.0,0.0,0.0
phi-np,dynamic,validation,11,274,18.0,18.0,128,1.3285250000000037e-05,4.6681133858271256e-14,0.0,0.0,0.0
phi-np,dynamic,validation,11,274,19.0,19.0,128,1.3165125000000036e-05,6.737006299213156e-14,0.0,0.0,0.0
phi-np,dynamic,validation,11,274,20.0,20.0,128,1.2912687500000036e-05,6.520947637796164e-14,0.0,0.0,0.0
phi-np,dynamic,validation,11,274,21.0,21.0,128,1.2810062500000036e-05,7.607760236220916e-14,0.0,0.0,0.0
phi-np,dynamic,validation,11,274,22.0,22.0,128,1.2664125000000035e-05,5.371362204724984e-14,0.0,0.0,0.0
phi-np,dynamic,validation,11,274,23.0,23.0,128,1.2210500000000037e-05,3.497159055118196e-13,0.0,0.0,0.0
phi-np,dynamic,validation,11,274,24.0,24.0,128,1.2157250000000038e-05,1.0612856692914461e-13,0.0,0.0,0.0
phi-np,dynamic,validation,11,274,25.0,25.0,128,1.1944937500000038e-05,1.9946695669292643e-13,0.0,0.0,0.0
phi-np,dynamic,validation,11,274,26.0,26.0,128,1.1732187500000036e-05,1.7902761811024984e-13,0.0,0.0,0.0
phi-np,dynamic,validation,11,274,27.0,27.0,128,1.1746000000000035e-05,1.056151181102444e-13,0.0,0.0,0.0
phi-np,dynamic,validation,11,274,28.0,28.0,128,1.1327375000000038e-05,2.6591003149608234e-13,0.0,0.0,0.0
phi-np,dynamic,validation,11,274,29.0,29.0,128,1.0781562500000037e-05,4.472436496063331e-13,0.0,0.0,0.0
phi-np,dynamic,validation,11,274,30.0,30.0,128,1.1054375000000036e-05,1.648280787401811e-13,0.0,0.0,0.0
phi-np,dynamic,validation,11,274,31.0,31.0,128,1.0974812500000039e-05,1.7859435826773506e-13,0.0,0.0,0.0
phi-np,dynamic,validation,12,390,0.0,0.0,128,1.8217125000000034e-05,9.106618897637475e-14,0.0,0.0,0.0
phi-np,dynamic,validation,12,390,1.0,1.0,128,1.8229500000000033e-05,1.3350979527558834e-13,0.0,0.0,0.0
phi-np,dynamic,validation,12,390,2.0,2.0,128,1.760550000000004e-05,8.596938582677547e-14,0.0,0.0,0.0
phi-np,dynamic,validation,12,390,3.0,3.0,128,1.7281625000000036e-05,1.0164244094488535e-13,0.0,0.0,0.0
phi-np,dynamic,validation,12,390,4.0,4.0,128,1.724737500000004e-05,1.3693844094488113e-13,0.0,0.0,0.0
phi-np,dynamic,validation,12,390,5.0,5.0,128,1.6879750000000038e-05,8.865455118110449e-14,0.0,0.0,0.0
phi-np,dynamic,validation,12,390,6.0,6.0,128,1.6395312500000037e-05,2.0194220078740193e-13,0.0,0.0,0.0
phi-np,dynamic,validation,12,390,7.0,7.0,128,1.630918750000004e-05,9.974686220472607e-14,0.0,0.0,0.0
phi-np,dynamic,validation,12,390,8.0,8.0,128,1.589943750000004e-05,1.248057283464599e-13,0.0,0.0,0.0
phi-np,dynamic,validation,12,390,9.0,9.0,128,1.5488312500000037e-05,1.0160116141732668e-13,0.0,0.0,0.0
phi-np,dynamic,validation,12,390,10.0,10.0,128,1.4969250000000036e-05,1.891995590551201e-13,0.0,0.0,0.0
phi-np,dynamic,validation,12,390,11.0,11.0,128,1.4956625000000037e-05,6.237894488189192e-14,0.0,0.0,0.0
phi-np,dynamic,validation,12,390,12.0,12.0,128,1.4728562500000038e-05,7.525511417322976e-14,0.0,0.0,0.0
phi-np,dynamic,validation,12,390,13.0,13.0,128,1.4392937500000039e-05,1.544170039370063e-13,0.0,0.0,0.0
phi-np,dynamic,validation,12,390,14.0,14.0,128,1.450406250000004e-05,1.1115086220472571e-13,0.0,0.0,0.0
phi-np,dynamic,validation,12,390,15.0,15.0,128,1.4274125000000038e-05,9.053075590551625e-14,0.0,0.0,0.0
phi-np,dynamic,validation,12,390,16.0,16.0,128,1.3634187500000035e-05,9.540305118110573e-14,0.0,0.0,0.0
phi-np,dynamic,validation,12,390,17.0,17.0,128,1.3603187500000035e-05,7.956191732283684e-14,0.0,0.0,0.0
phi-np,dynamic,validation,12,390,18.0,18.0,128,1.344875000000004e-05,1.3198355905512056e-13,0.0,0.0,0.0
phi-np,dynamic,validation,12,390,19.0,19.0,128,1.2803437500000037e-05,1.083925000000072e-13,0.0,0.0,0.0
phi-np,dynamic,validation,12,390,20.0,20.0,128,1.2738750000000038e-05,1.268817007874053e-13,0.0,0.0,0.0
phi-np,dynamic,validation,12,390,21.0,21.0,128,1.2686875000000036e-05,1.2372433070866333e-13,0.0,0.0,0.0
phi-np,dynamic,validation,12,390,22.0,22.0,128,1.240143750000004e-05,1.8406040551181214e-13,0.0,0.0,0.0
phi-np,dynamic,validation,12,390,23.0,23.0,128,1.2317000000000036e-05,7.247722834646148e-14,0.0,0.0,0.0
phi-np,dynamic,validation,12,390,24.0,24.0,128,1.2006937500000038e-05,1.07140405511822e-13,0.0,0.0,0.0
phi-np,dynamic,validation,12,390,25.0,25.0,128,1.1922062500000037e-05,1.2543621653544089e-13,0.0,0.0,0.0
phi-np,dynamic,validation,12,390,26.0,26.0,128,1.1426687500000037e-05,1.2821294094488908e-13,0.0,0.0,0.0
phi-np,dynamic,validation,12,390,27.0,27.0,128,1.0909000000000037e-05,1.9308346456694038e-13,0.0,0.0,0.0
phi-np,dynamic,validation,12,390,28.0,28.0,128,1.0921250000000037e-05,2.64657070866153e-13,0.0,0.0,0.0
phi-np,dynamic,validation,12,390,29.0,29.0,128,1.0963250000000036e-05,1.2557851968504477e-13,0.0,0.0,0.0
phi-np,dynamic,validation,12,390,30.0,30.0,128,1.0660687500000038e-05,1.332646574803253e-13,0.0,0.0,0.0
phi-np,dynamic,validation,12,390,31.0,31.0,128,1.0489062500000036e-05,1.4982689370079578e-13,0.0,0.0,0.0
phi-np,dynamic,validation,13,386,0.0,0.0,128,2.1734125000000035e-05,8.001862992126131e-14,0.0,0.0,0.0
phi-np,dynamic,validation,13,386,1.0,1.0,128,2.1625812500000037e-05,1.6255517716534676e-13,0.0,0.0,0.0
phi-np,dynamic,validation,13,386,2.0,2.0,128,2.120675000000004e-05,9.970639370078625e-14,0.0,0.0,0.0
phi-np,dynamic,validation,13,386,3.0,3.0,128,2.0828562500000034e-05,7.825605905511756e-14,0.0,0.0,0.0
phi-np,dynamic,validation,13,386,4.0,4.0,128,2.048993750000004e-05,1.2095470472441131e-13,0.0,0.0,0.0
phi-np,dynamic,validation,13,386,5.0,5.0,128,2.003356250000004e-05,1.3125448425197348e-13,0.0,0.0,0.0
phi-np,dynamic,validation,13,386,6.0,6.0,128,1.9602000000000037e-05,9.92080629921308e-14,0.0,0.0,0.0
phi-np,dynamic,validation,13,386,7.0,7.0,128,1.9283125000000037e-05,9.817422047244342e-14,0.0,0.0,0.0
phi-np,dynamic,validation,13,386,8.0,8.0,128,1.8844125000000037e-05,7.993044094488468e-14,0.0,0.0,0.0
phi-np,dynamic,validation,13,386,9.0,9.0,128,1.847525000000004e-05,8.885259842519754e-14,0.0,0.0,0.0
phi-np,dynamic,validation,13,386,10.0,10.0,128,1.806043750000004e-05,6.947256299212721e-14,0.0,0.0,0.0
phi-np,dynamic,validation,13,386,11.0,11.0,128,1.764312500000004e-05,9.133982677165262e-14,0.0,0.0,0.0
phi-np,dynamic,validation,13,386,12.0,12.0,128,1.7179250000000037e-05,7.194853543307038e-14,0.0,0.0,0.0
phi-np,dynamic,validation,13,386,13.0,13.0,128,1.6980625000000037e-05,1.1551103937007916e-13,0.0,0.0,0.0
phi-np,dynamic,validation,13,386,14.0,14.0,128,1.651056250000004e-05,1.0990103543307281e-13,0.0,0.0,0.0
phi-np,dynamic,validation,13,386,15.0,15.0,128,1.6451062500000034e-05,8.656541338582503e-14,0.0,0.0,0.0
phi-np,dynamic,validation,13,386,16.0,16.0,128,1.5972875000000036e-05,8.848552755905603e-14,0.0,0.0,0.0
phi-np,dynamic,validation,13,386,17.0,17.0,128,1.575868750000004e-05,5.886566535432928e-14,0.0,0.0,0.0
phi-np,dynamic,validation,13,386,18.0,18.0,128,1.5437687500000036e-05,5.6086326771655435e-14,0.0,0.0,0.0
phi-np,dynamic,validation,13,386,19.0,19.0,128,1.5123687500000037e-05,6.770787007874073e-14,0.0,0.0,0.0
phi-np,dynamic,validation,13,386,20.0,20.0,128,1.4583937500000036e-05,5.740396456692732e-14,0.0,0.0,0.0
phi-np,dynamic,validation,13,386,21.0,21.0,128,1.467831250000004e-05,5.600116141732654e-14,0.0,0.0,0.0
phi-np,dynamic,validation,13,386,22.0,22.0,128,1.4264250000000037e-05,4.85240314960584e-14,0.0,0.0,0.0
phi-np,dynamic,validation,13,386,23.0,23.0,128,1.3894437500000037e-05,9.817202755905707e-14,0.0,0.0,0.0
phi-np,dynamic,validation,13,386,24.0,24.0,128,1.3826250000000036e-05,6.820377952756396e-14,0.0,0.0,0.0
phi-np,dynamic,validation,13,386,25.0,25.0,128,1.3548250000000038e-05,6.1705007874015e-14,0.0,0.0,0.0
phi-np,dynamic,validation,13,386,26.0,26.0,128,1.3262812500000036e-05,4.426087795275593e-14,0.0,0.0,0.0
phi-np,dynamic,validation,13,386,27.0,27.0,128,1.2744937500000037e-05,1.135487204724368e-13,0.0,0.0,0.0
phi-np,dynamic,validation,13,386,28.0,28.0,128,1.2519187500000038e-05,6.540683070866635e-14,0.0,0.0,0.0
phi-np,dynamic,validation,13,386,29.0,29.0,128,1.2444937500000037e-05,6.227464173228183e-14,0.0,0.0,0.0
phi-np,dynamic,validation,13,386,30.0,30.0,128,1.1936375000000035e-05,6.172307086614296e-14,0.0,0.0,0.0
phi-np,dynamic,validation,13,386,31.0,31.0,128,1.1818375000000037e-05,4.776552755906008e-14,0.0,0.0,0.0
phi-np,dynamic,validation,14,388,0.0,0.0,128,2.1522812500000035e-05,1.8057835826771042e-13,0.0,0.0,0.0
phi-np,dynamic,validation,14,388,1.0,1.0,128,2.1145062500000033e-05,1.0700938188976188e-13,0.0,0.0,0.0
phi-np,dynamic,validation,14,388,2.0,2.0,128,2.0619125000000036e-05,1.199977165354355e-13,0.0,0.0,0.0
phi-np,dynamic,validation,14,388,3.0,3.0,128,2.0149375000000036e-05,9.948533858268535e-14,0.0,0.0,0.0
phi-np,dynamic,validation,14,388,4.0,4.0,128,1.9634750000000038e-05,1.1500995275591173e-13,0.0,0.0,0.0
phi-np,dynamic,validation,14,388,5.0,5.0,128,1.9323312500000037e-05,1.253820748031572e-13,0.0,0.0,0.0
phi-np,dynamic,validation,14,388,6.0,6.0,128,1.9084937500000037e-05,1.709819173228384e-13,0.0,0.0,0.0
phi-np,dynamic,validation,14,388,7.0,7.0,128,1.8482500000000035e-05,1.7216579527559326e-13,0.0,0.0,0.0
phi-np,dynamic,validation,14,388,8.0,8.0,128,1.821581250000004e-05,8.940594881890577e-14,0.0,0.0,0.0
phi-np,dynamic,validation,14,388,9.0,9.0,128,1.7899250000000037e-05,8.094280314960846e-14,0.0,0.0,0.0
phi-np,dynamic,validation,14,388,10.0,10.0,128,1.7364062500000033e-05,1.0830210629921797e-13,0.0,0.0,0.0
phi-np,dynamic,validation,14,388,11.0,11.0,128,1.684418750000004e-05,6.289936614173641e-14,0.0,0.0,0.0
phi-np,dynamic,validation,14,388,12.0,12.0,128,1.6518687500000038e-05,1.1709256299212851e-13,0.0,0.0,0.0
phi-np,dynamic,validation,14,388,13.0,13.0,128,1.6152187500000037e-05,6.77739488188986e-14,0.0,0.0,0.0
phi-np,dynamic,validation,14,388,14.0,14.0,128,1.5848250000000032e-05,9.76236220472508e-14,0.0,0.0,0.0
phi-np,dynamic,validation,14,388,15.0,15.0,128,1.566812500000004e-05,8.101793700787912e-14,0.0,0.0,0.0
phi-np,dynamic,validation,14,388,16.0,16.0,128,1.5310187500000038e-05,6.03386102362267e-14,0.0,0.0,0.0
phi-np,dynamic,validation,14,388,17.0,17.0,128,1.4863437500000037e-05,1.332360905511833e-13,0.0,0.0,0.0
phi-np,dynamic,validation,14,388,18.0,18.0,128,1.4570000000000035e-05,6.501694488189467e-14,0.0,0.0,0.0
phi-np,dynamic,validation,14,388,19.0,19.0,128,1.4086750000000034e-05,2.2135779527560122e-13,0.0,0.0,0.0
phi-np,dynamic,validation,14,388,20.0,20.0,128,1.3912000000000039e-05,1.318178267716632e-13,0.0,0.0,0.0
phi-np,dynamic,validation,14,388,21.0,21.0,128,1.3830625000000035e-05,1.3733604724409973e-13,0.0,0.0,0.0
phi-np,dynamic,validation,14,388,22.0,22.0,128,1.3633937500000038e-05,8.806172834646236e-14,0.0,0.0,0.0
phi-np,dynamic,validation,14,388,23.0,23.0,128,1.3605875000000037e-05,1.1222322834645932e-13,0.0,0.0,0.0
phi-np,dynamic,validation,14,388,24.0,24.0,128,1.3277625000000037e-05,1.0260395275591413e-13,0.0,0.0,0.0
phi-np,dynamic,validation,14,388,25.0,25.0,128,1.2908562500000038e-05,1.019431141732337e-13,0.0,0.0,0.0
phi-np,dynamic,validation,14,388,26.0,26.0,128,1.2645750000000037e-05,1.1299571653544106e-13,0.0,0.0,0.0
phi-np,dynamic,validation,14,388,27.0,27.0,128,1.2538437500000038e-05,1.4081265748032085e-13,0.0,0.0,0.0
phi-np,dynamic,validation,14,388,28.0,28.0,128,1.2314687500000034e-05,7.8112531496066e-14,0.0,0.0,0.0
phi-np,dynamic,validation,14,388,29.0,29.0,128,1.1896437500000037e-05,1.0318947637796342e-13,0.0,0.0,0.0
phi-np,dynamic,validation,14,388,30.0,30.0,128,1.1893562500000039e-05,1.4969908267717727e-13,0.0,0.0,0.0
phi-np,dynamic,validation,14,388,31.0,31.0,128,1.1523187500000038e-05,1.2626982283465217e-13,0.0,0.0,0.0
phi-np,dynamic,validation,15,392,0.0,0.0,128,2.331568750000004e-05,1.3335574409448525e-13,0.0,0.0,0.0
phi-np,dynamic,validation,15,392,1.0,1.0,128,2.3085187500000037e-05,1.1537092519684992e-13,0.0,0.0,0.0
phi-np,dynamic,validation,15,392,2.0,2.0,128,2.2623000000000037e-05,1.1735987401575248e-13,0.0,0.0,0.0
phi-np,dynamic,validation,15,392,3.0,3.0,128,2.2114187500000036e-05,1.0450516141732568e-13,0.0,0.0,0.0
phi-np,dynamic,validation,15,392,4.0,4.0,128,2.1700750000000038e-05,1.7507521259843062e-13,0.0,0.0,0.0
phi-np,dynamic,validation,15,392,5.0,5.0,128,2.114700000000004e-05,1.4849209448819791e-13,0.0,0.0,0.0
phi-np,dynamic,validation,15,392,6.0,6.0,128,2.0743562500000037e-05,1.4894897244094886e-13,0.0,0.0,0.0
phi-np,dynamic,validation,15,392,7.0,7.0,128,2.052425000000004e-05,1.821237795275642e-13,0.0,0.0,0.0
phi-np,dynamic,validation,15,392,8.0,8.0,128,1.9960062500000037e-05,9.497650000000193e-14,0.0,0.0,0.0
phi-np,dynamic,validation,15,392,9.0,9.0,128,1.959118750000004e-05,1.319265157480303e-13,0.0,0.0,0.0
phi-np,dynamic,validation,15,392,10.0,10.0,128,1.9378312500000042e-05,1.1706673622047234e-13,0.0,0.0,0.0
phi-np,dynamic,validation,15,392,11.0,11.0,128,1.8993375000000036e-05,7.631733858267623e-14,0.0,0.0,0.0
phi-np,dynamic,validation,15,392,12.0,12.0,128,1.8620437500000035e-05,8.909083070866795e-14,0.0,0.0,0.0
phi-np,dynamic,validation,15,392,13.0,13.0,128,1.8074687500000038e-05,7.490144488189171e-14,0.0,0.0,0.0
phi-np,dynamic,validation,15,392,14.0,14.0,128,1.7731562500000036e-05,1.0329076771653886e-13,0.0,0.0,0.0
phi-np,dynamic,validation,15,392,15.0,15.0,128,1.7326625000000037e-05,1.7780319685039894e-13,0.0,0.0,0.0
phi-np,dynamic,validation,15,392,16.0,16.0,128,1.6909437500000038e-05,9.41978543307105e-14,0.0,0.0,0.0
phi-np,dynamic,validation,15,392,17.0,17.0,128,1.6671687500000035e-05,9.838805905512006e-14,0.0,0.0,0.0
phi-np,dynamic,validation,15,392,18.0,18.0,128,1.6299812500000037e-05,6.942938188976277e-14,0.0,0.0,0.0
phi-np,dynamic,validation,15,392,19.0,19.0,128,1.608350000000004e-05,9.638576377952308e-14,0.0,0.0,0.0
phi-np,dynamic,validation,15,392,20.0,20.0,128,1.567006250000004e-05,8.50149251968484e-14,0.0,0.0,0.0
phi-np,dynamic,validation,15,392,21.0,21.0,128,1.5484812500000036e-05,1.0822887795275738e-13,0.0,0.0,0.0
phi-np,dynamic,validation,15,392,22.0,22.0,128,1.5235625000000036e-05,8.85214330708612e-14,0.0,0.0,0.0
phi-np,dynamic,validation,15,392,23.0,23.0,128,1.4814000000000036e-05,1.6375231496063297e-13,0.0,0.0,0.0
phi-np,dynamic,validation,15,392,24.0,24.0,128,1.435950000000004e-05,1.2734462992126323e-13,0.0,0.0,0.0
phi-np,dynamic,validation,15,392,25.0,25.0,128,1.4028937500000039e-05,1.4016012204724353e-13,0.0,0.0,0.0
phi-np,dynamic,validation,15,392,26.0,26.0,128,1.3743937500000035e-05,1.2148358661417585e-13,0.0,0.0,0.0
phi-np,dynamic,validation,15,392,27.0,27.0,128,1.3612000000000038e-05,9.066229921259685e-14,0.0,0.0,0.0
phi-np,dynamic,validation,15,392,28.0,28.0,128,1.350468750000004e-05,7.129401181102257e-14,0.0,0.0,0.0
phi-np,dynamic,validation,15,392,29.0,29.0,128,1.3061375000000037e-05,9.192124409449329e-14,0.0,0.0,0.0
phi-np,dynamic,validation,15,392,30.0,30.0,128,1.2765875000000035e-05,1.213958897637822e-13,0.0,0.0,0.0
phi-np,dynamic,validation,15,392,31.0,31.0,128,1.2551750000000036e-05,1.0320724409449756e-13,0.0,0.0,0.0
phi-nl,transfer,calibration,0,3,1.0,0.0,128,1.2798562499999978e-05,1.6127539763779587e-13,0.0,0.0,0.0
phi-nl,transfer,calibration,0,3,2.0,0.6931471805599453,128,1.2743124999999978e-05,1.0950776377952782e-13,0.0,0.0,0.0
phi-nl,transfer,calibration,0,3,3.0,1.0986122886681098,128,1.2549749999999976e-05,3.2906475590551505e-13,0.0,0.0,0.0
phi-nl,transfer,calibration,0,3,4.0,1.3862943611198906,128,1.2161312499999975e-05,1.0984998031496245e-13,0.0,0.0,0.0
phi-nl,transfer,calibration,0,3,5.0,1.6094379124341003,128,1.1772124999999975e-05,1.383034803149604e-13,0.0,0.0,0.0
phi-nl,transfer,calibration,0,3,6.0,1.791759469228055,128,1.1560874999999976e-05,1.0985447244094325e-13,0.0,0.0,0.0
phi-nl,transfer,calibration,0,3,7.0,1.9459101490553132,128,1.1368062499999974e-05,6.459111417322795e-14,0.0,0.0,0.0
phi-nl,transfer,calibration,0,3,8.0,2.0794415416798357,128,1.1174562499999973e-05,1.3323231102362248e-13,0.0,0.0,0.0
phi-nl,transfer,calibration,0,3,9.0,2.1972245773362196,128,1.1215312499999975e-05,7.565004330708622e-14,0.0,0.0,0.0
phi-nl,transfer,calibration,0,3,10.0,2.302585092994046,128,1.0988437499999974e-05,6.120396456692885e-14,0.0,0.0,0.0
phi-nl,transfer,calibration,0,3,11.0,2.3978952727983707,128,1.0879937499999976e-05,7.176314566929172e-14,0.0,0.0,0.0
phi-nl,transfer,calibration,0,3,12.0,2.4849066497880004,128,1.0657374999999977e-05,7.559166929133859e-14,0.0,0.0,0.0
phi-nl,transfer,calibration,0,3,13.0,2.5649493574615367,128,1.0559687499999975e-05,9.229646850393857e-14,0.0,0.0,0.0
phi-nl,transfer,calibration,0,3,14.0,2.6390573296152584,128,1.0307249999999975e-05,7.758859842519652e-14,0.0,0.0,0.0
phi-nl,transfer,calibration,0,3,15.0,2.70805020110221,128,1.0206374999999976e-05,6.212370078740171e-14,0.0,0.0,0.0
phi-nl,transfer,calibration,0,3,16.0,2.772588722239781,128,1.0000749999999974e-05,6.32767874015745e-14,0.0,0.0,0.0
phi-nl,transfer,calibration,0,3,17.0,2.833213344056216,128,9.863062499999974e-06,4.0975744094487496e-14,0.0,0.0,0.0
phi-nl,transfer,calibration,0,3,18.0,2.8903717578961645,128,9.766749999999976e-06,4.812037795275429e-14,0.0,0.0,0.0
phi-nl,transfer,calibration,0,3,19.0,2.9444389791664403,128,9.689249999999975e-06,3.9964661417321373e-14,0.0,0.0,0.0
phi-nl,transfer,calibration,0,3,20.0,2.995732273553991,128,9.645937499999974e-06,3.993524015748078e-14,0.0,0.0,0.0
phi-nl,transfer,calibration,0,3,21.0,3.044522437723423,128,9.502999999999975e-06,6.321990551181201e-14,0.0,0.0,0.0
phi-nl,transfer,calibration,0,3,22.0,3.091042453358316,128,9.377812499999974e-06,3.153457874015725e-14,0.0,0.0,0.0
phi-nl,transfer,calibration,0,3,23.0,3.1354942159291497,128,9.388437499999975e-06,8.919968110236422e-14,0.0,0.0,0.0
phi-nl,transfer,calibration,0,3,24.0,3.1780538303479458,128,9.199062499999975e-06,3.764169685039421e-14,0.0,0.0,0.0
phi-nl,transfer,calibration,0,3,25.0,3.2188758248682006,128,9.145562499999975e-06,2.4998358267715826e-14,0.0,0.0,0.0
phi-nl,transfer,calibration,0,3,26.0,3.258096538021482,128,8.966562499999975e-06,2.3138200787401325e-14,0.0,0.0,0.0
phi-nl,transfer,calibration,0,3,27.0,3.295836866004329,128,8.872874999999976e-06,2.6435763779527306e-14,0.0,0.0,0.0
phi-nl,transfer,calibration,0,3,28.0,3.332204510175204,128,8.790187499999975e-06,2.6832846456692886e-14,0.0,0.0,0.0
phi-nl,transfer,calibration,0,3,29.0,3.367295829986474,128,8.781562499999971e-06,4.0530200787402845e-14,0.0,0.0,0.0
phi-nl,transfer,calibration,0,3,30.0,3.4011973816621555,128,8.657499999999973e-06,2.1062299212599147e-14,0.0,0.0,0.0
phi-nl,transfer,calibration,0,3,31.0,3.4339872044851463,128,8.541124999999973e-06,2.3389464566929427e-14,0.0,0.0,0.0
phi-nl,transfer,calibration,1,11,1.0,0.0,128,1.2162062499999974e-05,1.4946292519685048e-13,0.0,0.0,0.0
phi-nl,transfer,calibration,1,11,2.0,0.6931471805599453,128,1.1988062499999973e-05,8.133240551181199e-14,0.0,0.0,0.0
phi-nl,transfer,calibration,1,11,3.0,1.0986122886681098,128,1.1619812499999977e-05,1.0375555511811135e-13,0.0,0.0,0.0
phi-nl,transfer,calibration,1,11,4.0,1.3862943611198906,127,1.1340661417322807e-05,7.401187651543688e-14,0.0078125,0.0,0.0
phi-nl,transfer,calibration,1,11,5.0,1.6094379124341003,128,1.1056312499999975e-05,7.596387007874114e-14,0.0,0.0,0.0
phi-nl,transfer,calibration,1,11,6.0,1.791759469228055,128,1.0742812499999975e-05,4.6120405511811516e-14,0.0,0.0,0.0
phi-nl,transfer,calibration,1,11,7.0,1.9459101490553132,128,1.0597812499999976e-05,4.16118070866133e-14,0.0,0.0,0.0
phi-nl,transfer,calibration,1,11,8.0,2.0794415416798357,128,1.0446624999999974e-05,7.516735433070828e-14,0.0,0.0,0.0
phi-nl,transfer,calibration,1,11,9.0,2.1972245773362196,128,1.0263124999999973e-05,4.858681889763597e-14,0.0,0.0,0.0
phi-nl,transfer,calibration,1,11,10.0,2.302585092994046,128,1.0086749999999976e-05,4.1268850393700645e-14,0.0,0.0,0.0
phi-nl,transfer,calibration,1,11,11.0,2.3978952727983707,128,9.992562499999977e-06,5.479124015748117e-14,0.0,0.0,0.0
phi-nl,transfer,calibration,1,11,12.0,2.4849066497880004,128,9.871249999999976e-06,2.9935307086612954e-14,0.0,0.0,0.0
phi-nl,transfer,calibration,1,11,13.0,2.5649493574615367,128,9.727437499999978e-06,4.286305118110272e-14,0.0,0.0,0.0
phi-nl,transfer,calibration,1,11,14.0,2.6390573296152584,128,9.712499999999975e-06,2.827766929133905e-14,0.0,0.0,0.0
phi-nl,transfer,calibration,1,11,15.0,2.70805020110221,128,9.646062499999976e-06,3.03488464566934e-14,0.0,0.0,0.0
phi-nl,transfer,calibration,1,11,16.0,2.772588722239781,128,9.490312499999973e-06,3.832859448819054e-14,0.0,0.0,0.0
phi-nl,transfer,calibration,1,11,17.0,2.833213344056216,128,9.343374999999972e-06,2.6185181102362458e-14,0.0,0.0,0.0
phi-nl,transfer,calibration,1,11,18.0,2.8903717578961645,128,9.217249999999973e-06,2.883874015747931e-14,0.0,0.0,0.0
phi-nl,transfer,calibration,1,11,19.0,2.9444389791664403,128,9.066374999999975e-06,1.760590551181058e-14,0.0,0.0,0.0
phi-nl,transfer,calibration,1,11,20.0,2.995732273553991,128,8.979062499999974e-06,4.100446850393884e-14,0.0,0.0,0.0
phi-nl,transfer,calibration,1,11,21.0,3.044522437723423,128,8.831499999999975e-06,2.6645921259842393e-14,0.0,0.0,0.0
phi-nl,transfer,calibration,1,11,22.0,3.091042453358316,128,8.694124999999977e-06,1.5983354330708708e-14,0.0,0.0,0.0
phi-nl,transfer,calibration,1,11,23.0,3.1354942159291497,128,8.582249999999977e-06,3.011118110236252e-14,0.0,0.0,0.0
phi-nl,transfer,calibration,1,11,24.0,3.1780538303479458,128,8.515937499999975e-06,2.0660405511811794e-14,0.0,0.0,0.0
phi-nl,transfer,calibration,1,11,25.0,3.2188758248682006,128,8.572062499999978e-06,1.816390157480283e-14,0.0,0.0,0.0
phi-nl,transfer,calibration,1,11,26.0,3.258096538021482,128,8.418874999999976e-06,1.963311811023666e-14,0.0,0.0,0.0
phi-nl,transfer,calibration,1,11,27.0,3.295836866004329,128,8.328874999999975e-06,2.991393700787463e-14,0.0,0.0,0.0
phi-nl,transfer,calibration,1,11,28.0,3.332204510175204,128,8.267999999999976e-06,2.0195779527558548e-14,0.0,0.0,0.0
phi-nl,transfer,calibration,1,11,29.0,3.367295829986474,127,8.124598425196827e-06,2.5610686664167887e-14,0.0078125,0.0,0.0
phi-nl,transfer,calibration,1,11,30.0,3.4011973816621555,128,7.993562499999975e-06,2.1479870078740547e-14,0.0,0.0,0.0
phi-nl,transfer,calibration,1,11,31.0,3.4339872044851463,128,7.948687499999974e-06,1.6242421259842756e-14,0.0,0.0,0.0
phi-nl,transfer,calibration,2,13,1.0,0.0,128,1.0536374999999974e-05,7.854851968503915e-14,0.0,0.0,0.0
phi-nl,transfer,calibration,2,13,2.0,0.6931471805599453,128,1.0291562499999975e-05,6.390506692913242e-14,0.0,0.0,0.0
phi-nl,transfer,calibration,2,13,3.0,1.0986122886681098,128,1.0259249999999975e-05,8.598620472440844e-14,0.0,0.0,0.0
phi-nl,transfer,calibration,2,13,4.0,1.3862943611198906,128,1.0170562499999974e-05,3.817719291338289e-14,0.0,0.0,0.0
phi-nl,transfer,calibration,2,13,5.0,1.6094379124341003,128,9.959562499999972e-06,4.728472047244006e-14,0.0,0.0,0.0
phi-nl,transfer,calibration,2,13,6.0,1.791759469228055,128,9.790124999999974e-06,4.123563779527378e-14,0.0,0.0,0.0
phi-nl,transfer,calibration,2,13,7.0,1.9459101490553132,128,9.608749999999976e-06,5.026211023621933e-14,0.0,0.0,0.0
phi-nl,transfer,calibration,2,13,8.0,2.0794415416798357,128,9.581249999999974e-06,6.568762204724479e-14,0.0,0.0,0.0
phi-nl,transfer,calibration,2,13,9.0,2.1972245773362196,128,9.375687499999971e-06,2.6337161417321888e-14,0.0,0.0,0.0
phi-nl,transfer,calibration,2,13,10.0,2.302585092994046,128,9.293249999999972e-06,3.220907086614089e-14,0.0,0.0,0.0
phi-nl,transfer,calibration,2,13,11.0,2.3978952727983707,128,9.229874999999972e-06,5.005453543306923e-14,0.0,0.0,0.0
phi-nl,transfer,calibration,2,13,12.0,2.4849066497880004,128,9.093187499999975e-06,3.6279019685037916e-14,0.0,0.0,0.0
phi-nl,transfer,calibration,2,13,13.0,2.5649493574615367,128,8.999312499999976e-06,6.545741338582623e-14,0.0,0.0,0.0
phi-nl,transfer,calibration,2,13,14.0,2.6390573296152584,128,8.884499999999972e-06,3.07721574803138e-14,0.0,0.0,0.0
phi-nl,transfer,calibration,2,13,15.0,2.70805020110221,128,8.732312499999978e-06,1.9513350393700895e-14,0.0,0.0,0.0
phi-nl,transfer,calibration,2,13,16.0,2.772588722239781,128,8.630749999999975e-06,2.4511937007873156e-14,0.0,0.0,0.0
phi-nl,transfer,calibration,2,13,17.0,2.833213344056216,128,8.476437499999978e-06,2.5668342519684526e-14,0.0,0.0,0.0
phi-nl,transfer,calibration,2,13,18.0,2.8903717578961645,128,8.414499999999972e-06,1.9340850393700565e-14,0.0,0.0,0.0
phi-nl,transfer,calibration,2,13,19.0,2.9444389791664403,128,8.323624999999974e-06,2.486108661417211e-14,0.0,0.0,0.0
phi-nl,transfer,calibration,2,13,20.0,2.995732273553991,128,8.187499999999975e-06,3.705322834645697e-14,0.0,0.0,0.0
phi-nl,transfer,calibration,2,13,21.0,3.044522437723423,128,8.226187499999978e-06,3.313155511810991e-14,0.0,0.0,0.0
phi-nl,transfer,calibration,2,13,22.0,3.091042453358316,128,8.065562499999973e-06,1.9803775590551176e-14,0.0,0.0,0.0
phi-nl,transfer,calibration,2,13,23.0,3.1354942159291497,128,7.963874999999975e-06,2.2887795275591315e-14,0.0,0.0,0.0
phi-nl,transfer,calibration,2,13,24.0,3.1780538303479458,128,7.854624999999977e-06,1.806121259842468e-14,0.0,0.0,0.0
phi-nl,transfer,calibration,2,13,25.0,3.2188758248682006,128,7.822562499999972e-06,1.9877728346455856e-14,0.0,0.0,0.0
phi-nl,transfer,calibration,2,13,26.0,3.258096538021482,128,7.88249999999997e-06,1.8469039370078665e-14,0.0,0.0,0.0
phi-nl,transfer,calibration,2,13,27.0,3.295836866004329,128,7.681562499999978e-06,1.790998031496009e-14,0.0,0.0,0.0
phi-nl,transfer,calibration,2,13,28.0,3.332204510175204,128,7.673624999999977e-06,1.6508330708661262e-14,0.0,0.0,0.0
phi-nl,transfer,calibration,2,13,29.0,3.367295829986474,128,7.542749999999978e-06,2.1026708661417686e-14,0.0,0.0,0.0
phi-nl,transfer,calibration,2,13,30.0,3.4011973816621555,128,7.4675624999999765e-06,1.7224374015747765e-14,0.0,0.0,0.0
phi-nl,transfer,calibration,2,13,31.0,3.4339872044851463,128,7.421937499999976e-06,1.6087933070866976e-14,0.0,0.0,0.0
phi-nl,transfer,calibration,3,1,1.0,0.0,128,1.2360499999999976e-05,1.446135433070871e-13,0.0,0.0,0.0
phi-nl,transfer,calibration,3,1,2.0,0.6931471805599453,128,1.1973187499999975e-05,1.1016324015747928e-13,0.0,0.0,0.0
phi-nl,transfer,calibration,3,1,3.0,1.0986122886681098,128,1.1728499999999974e-05,1.7071848818897666e-13,0.0,0.0,0.0
phi-nl,transfer,calibration,3,1,4.0,1.3862943611198906,128,1.1487562499999975e-05,9.736698818897647e-14,0.0,0.0,0.0
phi-nl,transfer,calibration,3,1,5.0,1.6094379124341003,128,1.1326874999999974e-05,1.0420785826771603e-13,0.0,0.0,0.0
phi-nl,transfer,calibration,3,1,6.0,1.791759469228055,128,1.1022999999999974e-05,8.844699212598346e-14,0.0,0.0,0.0
phi-nl,transfer,calibration,3,1,7.0,1.9459101490553132,128,1.1053187499999973e-05,4.527832677165347e-14,0.0,0.0,0.0
phi-nl,transfer,calibration,3,1,8.0,2.0794415416798357,128,1.0692187499999976e-05,1.2548229527558868e-13,0.0,0.0,0.0
phi-nl,transfer,calibration,3,1,9.0,2.1972245773362196,128,1.0485812499999978e-05,8.223517716535238e-14,0.0,0.0,0.0
phi-nl,transfer,calibration,3,1,10.0,2.302585092994046,128,1.0310249999999981e-05,5.462368503936904e-14,0.0,0.0,0.0
phi-nl,transfer,calibration,3,1,11.0,2.3978952727983707,128,1.0160437499999974e-05,7.272446850393462e-14,0.0,0.0,0.0
phi-nl,transfer,calibration,3,1,12.0,2.4849066497880004,128,9.994374999999973e-06,3.342146456692764e-14,0.0,0.0,0.0
phi-nl,transfer,calibration,3,1,13.0,2.5649493574615367,128,9.872249999999975e-06,6.054998425196777e-14,0.0,0.0,0.0
phi-nl,transfer,calibration,3,1,14.0,2.6390573296152584,128,9.801062499999974e-06,4.992440551181065e-14,0.0,0.0,0.0
phi-nl,transfer,calibration,3,1,15.0,2.70805020110221,128,9.781124999999975e-06,3.928565354330666e-14,0.0,0.0,0.0
phi-nl,transfer,calibration,3,1,16.0,2.772588722239781,128,9.516312499999974e-06,5.439385433070879e-14,0.0,0.0,0.0
phi-nl,transfer,calibration,3,1,17.0,2.833213344056216,128,9.409249999999974e-06,2.6753448818897264e-14,0.0,0.0,0.0
phi-nl,transfer,calibration,3,1,18.0,2.8903717578961645,128,9.248562499999975e-06,2.290613779527473e-14,0.0,0.0,0.0
phi-nl,transfer,calibration,3,1,19.0,2.9444389791664403,128,9.167062499999973e-06,4.3467208661415176e-14,0.0,0.0,0.0
phi-nl,transfer,calibration,3,1,20.0,2.995732273553991,128,9.121249999999975e-06,3.4817448818898124e-14,0.0,0.0,0.0
phi-nl,transfer,calibration,3,1,21.0,3.044522437723423,128,9.001312499999975e-06,3.942377559055064e-14,0.0,0.0,0.0
phi-nl,transfer,calibration,3,1,22.0,3.091042453358316,128,8.758624999999974e-06,2.6829716535432172e-14,0.0,0.0,0.0
phi-nl,transfer,calibration,3,1,23.0,3.1354942159291497,128,8.692187499999978e-06,4.0979114173229665e-14,0.0,0.0,0.0
phi-nl,transfer,calibration,3,1,24.0,3.1780538303479458,128,8.518437499999975e-06,2.410034251968477e-14,0.0,0.0,0.0
phi-nl,transfer,calibration,3,1,25.0,3.2188758248682006,128,8.497562499999975e-06,2.690525590551164e-14,0.0,0.0,0.0
phi-nl,transfer,calibration,3,1,26.0,3.258096538021482,128,8.424624999999975e-06,2.2477212598425405e-14,0.0,0.0,0.0
phi-nl,transfer,calibration,3,1,27.0,3.295836866004329,128,8.369374999999974e-06,2.0440803149605088e-14,0.0,0.0,0.0
phi-nl,transfer,calibration,3,1,28.0,3.332204510175204,128,8.310062499999976e-06,2.3271555118108718e-14,0.0,0.0,0.0
phi-nl,transfer,calibration,3,1,29.0,3.367295829986474,128,8.321249999999974e-06,2.4228724409448412e-14,0.0,0.0,0.0
phi-nl,transfer,calibration,3,1,30.0,3.4011973816621555,128,8.265874999999976e-06,2.2232173228345688e-14,0.0,0.0,0.0
phi-nl,transfer,calibration,3,1,31.0,3.4339872044851463,128,8.105687499999975e-06,2.2216216535432696e-14,0.0,0.0,0.0
phi-nl,transfer,calibration,4,134,1.0,0.0,128,1.1677062499999976e-05,1.1306519291338524e-13,0.0,0.0,0.0
phi-nl,transfer,calibration,4,134,2.0,0.6931471805599453,128,1.1433562499999975e-05,1.3661032677165376e-13,0.0,0.0,0.0
phi-nl,transfer,calibration,4,134,3.0,1.0986122886681098,128,1.1257874999999974e-05,1.9361510236220537e-13,0.0,0.0,0.0
phi-nl,transfer,calibration,4,134,4.0,1.3862943611198906,128,1.0838312499999976e-05,8.151146062992047e-14,0.0,0.0,0.0
phi-nl,transfer,calibration,4,134,5.0,1.6094379124341003,128,1.0956749999999976e-05,1.389570393700812e-13,0.0,0.0,0.0
phi-nl,transfer,calibration,4,134,6.0,1.791759469228055,128,1.0506499999999975e-05,6.5825007874015e-14,0.0,0.0,0.0
phi-nl,transfer,calibration,4,134,7.0,1.9459101490553132,128,1.0650687499999975e-05,8.277999606299301e-14,0.0,0.0,0.0
phi-nl,transfer,calibration,4,134,8.0,2.0794415416798357,128,1.0435187499999975e-05,1.7413375984252144e-13,0.0,0.0,0.0
phi-nl,transfer,calibration,4,134,9.0,2.1972245773362196,128,1.0277687499999977e-05,8.243013779527344e-14,0.0,0.0,0.0
phi-nl,transfer,calibration,4,134,10.0,2.302585092994046,128,1.0207562499999974e-05,8.173687795275604e-14,0.0,0.0,0.0
phi-nl,transfer,calibration,4,134,11.0,2.3978952727983707,128,1.0164937499999974e-05,9.231130314960593e-14,0.0,0.0,0.0
phi-nl,transfer,calibration,4,134,12.0,2.4849066497880004,128,9.837687499999974e-06,5.732500393700607e-14,0.0,0.0,0.0
phi-nl,transfer,calibration,4,134,13.0,2.5649493574615367,128,9.711374999999974e-06,8.340319685039401e-14,0.0,0.0,0.0
phi-nl,transfer,calibration,4,134,14.0,2.6390573296152584,128,9.579249999999974e-06,5.507067716535668e-14,0.0,0.0,0.0
phi-nl,transfer,calibration,4,134,15.0,2.70805020110221,128,9.405187499999975e-06,5.839782283464754e-14,0.0,0.0,0.0
phi-nl,transfer,calibration,4,134,16.0,2.772588722239781,128,9.247187499999977e-06,7.152361811023772e-14,0.0,0.0,0.0
phi-nl,transfer,calibration,4,134,17.0,2.833213344056216,128,9.088812499999974e-06,6.100443700787249e-14,0.0,0.0,0.0
phi-nl,transfer,calibration,4,134,18.0,2.8903717578961645,128,9.024562499999974e-06,5.452919291338538e-14,0.0,0.0,0.0
phi-nl,transfer,calibration,4,134,19.0,2.9444389791664403,128,8.932687499999977e-06,5.3279775590549513e-14,0.0,0.0,0.0
phi-nl,transfer,calibration,4,134,20.0,2.995732273553991,128,8.852687499999976e-06,6.858031102362304e-14,0.0,0.0,0.0
phi-nl,transfer,calibration,4,134,21.0,3.044522437723423,128,8.681749999999973e-06,6.573448818897766e-14,0.0,0.0,0.0
phi-nl,transfer,calibration,4,134,22.0,3.091042453358316,128,8.585437499999975e-06,3.781284645669314e-14,0.0,0.0,0.0
phi-nl,transfer,calibration,4,134,23.0,3.1354942159291497,128,8.479562499999971e-06,5.715987007874087e-14,0.0,0.0,0.0
phi-nl,transfer,calibration,4,134,24.0,3.1780538303479458,128,8.449749999999974e-06,4.231351181102336e-14,0.0,0.0,0.0
phi-nl,transfer,calibration,4,134,25.0,3.2188758248682006,128,8.308999999999974e-06,4.993511811023631e-14,0.0,0.0,0.0
phi-nl,transfer,calibration,4,134,26.0,3.258096538021482,128,8.311249999999976e-06,2.963496062991995e-14,0.0,0.0,0.0
phi-nl,transfer,calibration,4,134,27.0,3.295836866004329,128,8.290499999999974e-06,2.267086614173159e-14,0.0,0.0,0.0
phi-nl,transfer,calibration,4,134,28.0,3.332204510175204,128,8.082437499999975e-06,3.6670043307085825e-14,0.0,0.0,0.0
phi-nl,transfer,calibration,4,134,29.0,3.367295829986474,128,8.018437499999973e-06,3.210739763779483e-14,0.0,0.0,0.0
phi-nl,transfer,calibration,4,134,30.0,3.4011973816621555,128,7.918374999999973e-06,2.837201574803159e-14,0.0,0.0,0.0
phi-nl,transfer,calibration,4,134,31.0,3.4339872044851463,128,7.861562499999976e-06,2.7641507874015634e-14,0.0,0.0,0.0
phi-nl,transfer,calibration,5,141,1.0,0.0,128,1.0762374999999977e-05,9.779941732283279e-14,0.0,0.0,0.0
phi-nl,transfer,calibration,5,141,2.0,0.6931471805599453,128,1.0597249999999975e-05,9.575955905511569e-14,0.0,0.0,0.0
phi-nl,transfer,calibration,5,141,3.0,1.0986122886681098,128,1.0381187499999977e-05,7.335668897637762e-14,0.0,0.0,0.0
phi-nl,transfer,calibration,5,141,4.0,1.3862943611198906,128,1.0325437499999977e-05,5.2122137795275464e-14,0.0,0.0,0.0
phi-nl,transfer,calibration,5,141,5.0,1.6094379124341003,128,1.0075874999999976e-05,6.940420472440891e-14,0.0,0.0,0.0
phi-nl,transfer,calibration,5,141,6.0,1.791759469228055,128,9.745187499999973e-06,5.1760468503935683e-14,0.0,0.0,0.0
phi-nl,transfer,calibration,5,141,7.0,1.9459101490553132,128,9.913937499999977e-06,7.439999606299033e-14,0.0,0.0,0.0
phi-nl,transfer,calibration,5,141,8.0,2.0794415416798357,128,9.756312499999974e-06,9.40738543307084e-14,0.0,0.0,0.0
phi-nl,transfer,calibration,5,141,9.0,2.1972245773362196,128,9.419374999999973e-06,5.149995275590363e-14,0.0,0.0,0.0
phi-nl,transfer,calibration,5,141,10.0,2.302585092994046,128,9.200624999999973e-06,4.704514960629742e-14,0.0,0.0,0.0
phi-nl,transfer,calibration,5,141,11.0,2.3978952727983707,128,9.233624999999975e-06,5.8948897637795e-14,0.0,0.0,0.0
phi-nl,transfer,calibration,5,141,12.0,2.4849066497880004,128,9.390749999999974e-06,4.996781102362095e-14,0.0,0.0,0.0
phi-nl,transfer,calibration,5,141,13.0,2.5649493574615367,128,9.170687499999974e-06,7.91466102362194e-14,0.0,0.0,0.0
phi-nl,transfer,calibration,5,141,14.0,2.6390573296152584,128,8.998437499999974e-06,2.893612204724318e-14,0.0,0.0,0.0
phi-nl,transfer,calibration,5,141,15.0,2.70805020110221,128,8.882062499999975e-06,3.8821539370078076e-14,0.0,0.0,0.0
phi-nl,transfer,calibration,5,141,16.0,2.772588722239781,128,8.701624999999974e-06,3.889522834645671e-14,0.0,0.0,0.0
phi-nl,transfer,calibration,5,141,17.0,2.833213344056216,128,8.582187499999976e-06,2.7967712598425063e-14,0.0,0.0,0.0
phi-nl,transfer,calibration,5,141,18.0,2.8903717578961645,128,8.366249999999974e-06,1.9217070866141215e-14,0.0,0.0,0.0
phi-nl,transfer,calibration,5,141,19.0,2.9444389791664403,128,8.433437499999975e-06,3.361605905511775e-14,0.0,0.0,0.0
phi-nl,transfer,calibration,5,141,20.0,2.995732273553991,128,8.322437499999974e-06,5.568560236220432e-14,0.0,0.0,0.0
phi-nl,transfer,calibration,5,141,21.0,3.044522437723423,128,8.301124999999974e-06,2.5059511811023185e-14,0.0,0.0,0.0
phi-nl,transfer,calibration,5,141,22.0,3.091042453358316,128,8.026999999999974e-06,3.0714960629921304e-14,0.0,0.0,0.0
phi-nl,transfer,calibration,5,141,23.0,3.1354942159291497,128,8.077249999999976e-06,3.142696062992194e-14,0.0,0.0,0.0
phi-nl,transfer,calibration,5,141,24.0,3.1780538303479458,128,8.061437499999974e-06,2.2843397637794772e-14,0.0,0.0,0.0
phi-nl,transfer,calibration,5,141,25.0,3.2188758248682006,128,7.962812499999975e-06,2.4651177165354353e-14,0.0,0.0,0.0
phi-nl,transfer,calibration,5,141,26.0,3.258096538021482,128,7.856499999999976e-06,3.240289763779478e-14,0.0,0.0,0.0
phi-nl,transfer,calibration,5,141,27.0,3.295836866004329,128,7.748999999999976e-06,2.3370582677164848e-14,0.0,0.0,0.0
phi-nl,transfer,calibration,5,141,28.0,3.332204510175204,128,7.584249999999976e-06,1.6886866141731402e-14,0.0,0.0,0.0
phi-nl,transfer,calibration,5,141,29.0,3.367295829986474,128,7.480624999999975e-06,2.988407874015632e-14,0.0,0.0,0.0
phi-nl,transfer,calibration,5,141,30.0,3.4011973816621555,128,7.4714374999999765e-06,2.0830925196850396e-14,0.0,0.0,0.0
phi-nl,transfer,calibration,5,141,31.0,3.4339872044851463,128,7.439062499999975e-06,1.5062295275590183e-14,0.0,0.0,0.0
phi-nl,transfer,calibration,6,130,1.0,0.0,128,1.0894124999999973e-05,1.1050984251968271e-13,0.0,0.0,0.0
phi-nl,transfer,calibration,6,130,2.0,0.6931471805599453,128,1.0790562499999975e-05,4.614796456692967e-14,0.0,0.0,0.0
phi-nl,transfer,calibration,6,130,3.0,1.0986122886681098,128,1.0825562499999974e-05,1.1522827952756119e-13,0.0,0.0,0.0
phi-nl,transfer,calibration,6,130,4.0,1.3862943611198906,128,1.0411874999999974e-05,4.980004724409343e-14,0.0,0.0,0.0
phi-nl,transfer,calibration,6,130,5.0,1.6094379124341003,128,1.0311874999999973e-05,6.299311811023547e-14,0.0,0.0,0.0
phi-nl,transfer,calibration,6,130,6.0,1.791759469228055,128,1.0254249999999974e-05,3.165927559054949e-14,0.0,0.0,0.0
phi-nl,transfer,calibration,6,130,7.0,1.9459101490553132,128,1.0119624999999977e-05,3.6307511811023535e-14,0.0,0.0,0.0
phi-nl,transfer,calibration,6,130,8.0,2.0794415416798357,128,9.996374999999976e-06,1.0146656692913401e-13,0.0,0.0,0.0
phi-nl,transfer,calibration,6,130,9.0,2.1972245773362196,128,9.884624999999975e-06,3.02136535433066e-14,0.0,0.0,0.0
phi-nl,transfer,calibration,6,130,10.0,2.302585092994046,128,9.705437499999977e-06,4.651281496063033e-14,0.0,0.0,0.0
phi-nl,transfer,calibration,6,130,11.0,2.3978952727983707,128,9.645749999999975e-06,4.424560629921317e-14,0.0,0.0,0.0
phi-nl,transfer,calibration,6,130,12.0,2.4849066497880004,128,9.418312499999976e-06,3.216645275590536e-14,0.0,0.0,0.0
phi-nl,transfer,calibration,6,130,13.0,2.5649493574615367,128,9.339874999999973e-06,3.294234645669271e-14,0.0,0.0,0.0
phi-nl,transfer,calibration,6,130,14.0,2.6390573296152584,127,9.239685039370055e-06,2.3810439695037836e-14,0.0078125,0.0,0.0
phi-nl,transfer,calibration,6,130,15.0,2.70805020110221,128,9.140749999999979e-06,3.026992125984347e-14,0.0,0.0,0.0
phi-nl,transfer,calibration,6,130,16.0,2.772588722239781,128,8.964624999999975e-06,4.22930236220467e-14,0.0,0.0,0.0
phi-nl,transfer,calibration,6,130,17.0,2.833213344056216,127,8.92453543307084e-06,2.7106123734533028e-14,0.0078125,0.0,0.0
phi-nl,transfer,calibration,6,130,18.0,2.8903717578961645,128,8.774374999999976e-06,2.149629921259798e-14,0.0,0.0,0.0
phi-nl,transfer,calibration,6,130,19.0,2.9444389791664403,127,8.748598425196825e-06,1.8919131108611226e-14,0.0078125,0.0,0.0
phi-nl,transfer,calibration,6,130,20.0,2.995732273553991,128,8.621062499999975e-06,2.7944185039371038e-14,0.0,0.0,0.0
phi-nl,transfer,calibration,6,130,21.0,3.044522437723423,128,8.480249999999975e-06,2.5092976377954226e-14,0.0,0.0,0.0
phi-nl,transfer,calibration,6,130,22.0,3.091042453358316,128,8.389937499999975e-06,1.30965629921253e-14,0.0,0.0,0.0
phi-nl,transfer,calibration,6,130,23.0,3.1354942159291497,127,8.355968503936982e-06,2.8908570428697086e-14,0.0078125,0.0,0.0
phi-nl,transfer,calibration,6,130,24.0,3.1780538303479458,128,8.261374999999976e-06,2.2756897637794884e-14,0.0,0.0,0.0
phi-nl,transfer,calibration,6,130,25.0,3.2188758248682006,128,8.227312499999975e-06,1.7844940944881386e-14,0.0,0.0,0.0
phi-nl,transfer,calibration,6,130,26.0,3.258096538021482,128,8.067437499999976e-06,1.7684846456693296e-14,0.0,0.0,0.0
phi-nl,transfer,calibration,6,130,27.0,3.295836866004329,128,8.007937499999974e-06,1.6208122047244023e-14,0.0,0.0,0.0
phi-nl,transfer,calibration,6,130,28.0,3.332204510175204,128,7.902937499999974e-06,1.548333464566952e-14,0.0,0.0,0.0
phi-nl,transfer,calibration,6,130,29.0,3.367295829986474,128,7.933312499999976e-06,1.8125885826771885e-14,0.0,0.0,0.0
phi-nl,transfer,calibration,6,130,30.0,3.4011973816621555,128,7.855687499999974e-06,1.225010629921285e-14,0.0,0.0,0.0
phi-nl,transfer,calibration,6,130,31.0,3.4339872044851463,128,7.796562499999976e-06,1.5106704724409122e-14,0.0,0.0,0.0
phi-nl,transfer,calibration,7,128,1.0,0.0,128,1.1075812499999975e-05,1.4591593307086676e-13,0.0,0.0,0.0
phi-nl,transfer,calibration,7,128,2.0,0.6931471805599453,128,1.0966562499999976e-05,1.2634550787401244e-13,0.0,0.0,0.0
phi-nl,transfer,calibration,7,128,3.0,1.0986122886681098,128,1.0780062499999972e-05,1.0724787007873993e-13,0.0,0.0,0.0
phi-nl,transfer,calibration,7,128,4.0,1.3862943611198906,128,1.0491749999999973e-05,1.0325562204724271e-13,0.0,0.0,0.0
phi-nl,transfer,calibration,7,128,5.0,1.6094379124341003,128,1.0246312499999974e-05,1.3805722440944748e-13,0.0,0.0,0.0
phi-nl,transfer,calibration,7,128,6.0,1.791759469228055,128,1.0154687499999978e-05,1.3072960236220416e-13,0.0,0.0,0.0
phi-nl,transfer,calibration,7,128,7.0,1.9459101490553132,128,1.0187437499999972e-05,8.654279921259632e-14,0.0,0.0,0.0
phi-nl,transfer,calibration,7,128,8.0,2.0794415416798357,128,1.0077499999999976e-05,9.103596850393642e-14,0.0,0.0,0.0
phi-nl,transfer,calibration,7,128,9.0,2.1972245773362196,128,9.806562499999976e-06,9.660314566929073e-14,0.0,0.0,0.0
phi-nl,transfer,calibration,7,128,10.0,2.302585092994046,128,9.820562499999974e-06,8.452402755905447e-14,0.0,0.0,0.0
phi-nl,transfer,calibration,7,128,11.0,2.3978952727983707,128,9.803999999999976e-06,6.81635275590551e-14,0.0,0.0,0.0
phi-nl,transfer,calibration,7,128,12.0,2.4849066497880004,128,9.482937499999978e-06,4.598311417322725e-14,0.0,0.0,0.0
phi-nl,transfer,calibration,7,128,13.0,2.5649493574615367,128,9.520812499999976e-06,7.730377559054899e-14,0.0,0.0,0.0
phi-nl,transfer,calibration,7,128,14.0,2.6390573296152584,128,9.214874999999975e-06,5.578656692913379e-14,0.0,0.0,0.0
phi-nl,transfer,calibration,7,128,15.0,2.70805020110221,127,9.045606299212573e-06,4.934330408698879e-14,0.0078125,0.0,0.0
phi-nl,transfer,calibration,7,128,16.0,2.772588722239781,128,9.013937499999976e-06,6.284220078740089e-14,0.0,0.0,0.0
phi-nl,transfer,calibration,7,128,17.0,2.833213344056216,128,8.919374999999973e-06,8.442215748031532e-14,0.0,0.0,0.0
phi-nl,transfer,calibration,7,128,18.0,2.8903717578961645,128,8.92593749999997e-06,5.76052874015729e-14,0.0,0.0,0.0
phi-nl,transfer,calibration,7,128,19.0,2.9444389791664403,128,8.714374999999975e-06,4.395072440944753e-14,0.0,0.0,0.0
phi-nl,transfer,calibration,7,128,20.0,2.995732273553991,128,8.625249999999975e-06,6.820932283464631e-14,0.0,0.0,0.0
phi-nl,transfer,calibration,7,128,21.0,3.044522437723423,128,8.498124999999974e-06,5.13940000000004e-14,0.0,0.0,0.0
phi-nl,transfer,calibration,7,128,22.0,3.091042453358316,128,8.457624999999975e-06,3.1778629921260024e-14,0.0,0.0,0.0
phi-nl,transfer,calibration,7,128,23.0,3.1354942159291497,128,8.253249999999974e-06,7.274777952755837e-14,0.0,0.0,0.0
phi-nl,transfer,calibration,7,128,24.0,3.1780538303479458,128,8.112999999999971e-06,3.631874015747913e-14,0.0,0.0,0.0
phi-nl,transfer,calibration,7,128,25.0,3.2188758248682006,127,8.226771653543281e-06,4.0742987126607534e-14,0.0078125,0.0,0.0
phi-nl,transfer,calibration,7,128,26.0,3.258096538021482,128,8.027687499999976e-06,3.511624803149627e-14,0.0,0.0,0.0
phi-nl,transfer,calibration,7,128,27.0,3.295836866004329,128,7.894812499999975e-06,3.428998031496052e-14,0.0,0.0,0.0
phi-nl,transfer,calibration,7,128,28.0,3.332204510175204,128,7.768749999999974e-06,3.982658267716524e-14,0.0,0.0,0.0
phi-nl,transfer,calibration,7,128,29.0,3.367295829986474,128,7.784562499999977e-06,2.599527165354288e-14,0.0,0.0,0.0
phi-nl,transfer,calibration,7,128,30.0,3.4011973816621555,128,7.723812499999976e-06,2.5112153543306448e-14,0.0,0.0,0.0
phi-nl,transfer,calibration,7,128,31.0,3.4339872044851463,128,7.507562499999975e-06,3.8662862204723616e-14,0.0,0.0,0.0
phi-nl,transfer,calibration,8,273,1.0,0.0,128,1.1482624999999974e-05,6.9404330708661e-14,0.0,0.0,0.0
phi-nl,transfer,calibration,8,273,2.0,0.6931471805599453,128,1.1241499999999974e-05,8.04915905511809e-14,0.0,0.0,0.0
phi-nl,transfer,calibration,8,273,3.0,1.0986122886681098,128,1.1282062499999977e-05,4.677164960629831e-14,0.0,0.0,0.0
phi-nl,transfer,calibration,8,273,4.0,1.3862943611198906,128,1.1197999999999973e-05,1.0098393700787127e-13,0.0,0.0,0.0
phi-nl,transfer,calibration,8,273,5.0,1.6094379124341003,128,1.0914187499999973e-05,5.977067322834554e-14,0.0,0.0,0.0
phi-nl,transfer,calibration,8,273,6.0,1.791759469228055,128,1.0538562499999973e-05,7.644415354330648e-14,0.0,0.0,0.0
phi-nl,transfer,calibration,8,273,7.0,1.9459101490553132,128,1.0241812499999973e-05,6.256601181102228e-14,0.0,0.0,0.0
phi-nl,transfer,calibration,8,273,8.0,2.0794415416798357,128,9.995874999999975e-06,6.60318582677176e-14,0.0,0.0,0.0
phi-nl,transfer,calibration,8,273,9.0,2.1972245773362196,128,1.0203874999999974e-05,3.1546440944883045e-14,0.0,0.0,0.0
phi-nl,transfer,calibration,8,273,10.0,2.302585092994046,128,1.0106874999999974e-05,4.377774803149596e-14,0.0,0.0,0.0
phi-nl,transfer,calibration,8,273,11.0,2.3978952727983707,128,9.810937499999975e-06,5.0019649606297935e-14,0.0,0.0,0.0
phi-nl,transfer,calibration,8,273,12.0,2.4849066497880004,128,9.66206249999997e-06,3.9869224409449505e-14,0.0,0.0,0.0
phi-nl,transfer,calibration,8,273,13.0,2.5649493574615367,128,9.664499999999975e-06,3.991357480314975e-14,0.0,0.0,0.0
phi-nl,transfer,calibration,8,273,14.0,2.6390573296152584,128,9.523874999999975e-06,5.5813023622047245e-14,0.0,0.0,0.0
phi-nl,transfer,calibration,8,273,15.0,2.70805020110221,128,9.441499999999974e-06,2.6246803149606994e-14,0.0,0.0,0.0
phi-nl,transfer,calibration,8,273,16.0,2.772588722239781,128,9.201562499999974e-06,2.6411397637793978e-14,0.0,0.0,0.0
phi-nl,transfer,calibration,8,273,17.0,2.833213344056216,128,9.062249999999974e-06,3.4198110236220916e-14,0.0,0.0,0.0
phi-nl,transfer,calibration,8,273,18.0,2.8903717578961645,128,9.047499999999976e-06,3.3674834645667925e-14,0.0,0.0,0.0
phi-nl,transfer,calibration,8,273,19.0,2.9444389791664403,128,8.804187499999977e-06,4.2712657480313894e-14,0.0,0.0,0.0
phi-nl,transfer,calibration,8,273,20.0,2.995732273553991,128,8.650999999999975e-06,3.2566425196849056e-14,0.0,0.0,0.0
phi-nl,transfer,calibration,8,273,21.0,3.044522437723423,128,8.605312499999974e-06,2.4492625984252325e-14,0.0,0.0,0.0
phi-nl,transfer,calibration,8,273,22.0,3.091042453358316,128,8.391124999999973e-06,2.5853212598424686e-14,0.0,0.0,0.0
phi-nl,transfer,calibration,8,273,23.0,3.1354942159291497,128,8.285812499999975e-06,2.8785602362201716e-14,0.0,0.0,0.0
phi-nl,transfer,calibration,8,273,24.0,3.1780538303479458,128,8.105937499999975e-06,2.6516909448819324e-14,0.0,0.0,0.0
phi-nl,transfer,calibration,8,273,25.0,3.2188758248682006,128,8.097562499999974e-06,2.4641570866142236e-14,0.0,0.0,0.0
phi-nl,transfer,calibration,8,273,26.0,3.258096538021482,128,8.180999999999971e-06,2.91084094488181e-14,0.0,0.0,0.0
phi-nl,transfer,calibration,8,273,27.0,3.295836866004329,128,8.109437499999976e-06,2.9382484251968564e-14,0.0,0.0,0.0
phi-nl,transfer,calibration,8,273,28.0,3.332204510175204,128,7.981249999999974e-06,1.8002078740157217e-14,0.0,0.0,0.0
phi-nl,transfer,calibration,8,273,29.0,3.367295829986474,128,7.955499999999975e-06,2.117114960629975e-14,0.0,0.0,0.0
phi-nl,transfer,calibration,8,273,30.0,3.4011973816621555,128,7.88568749999997e-06,2.4139744094488674e-14,0.0,0.0,0.0
phi-nl,transfer,calibration,8,273,31.0,3.4339872044851463,128,7.824312499999978e-06,1.63138543307091e-14,0.0,0.0,0.0
phi-nl,transfer,calibration,9,261,1.0,0.0,128,1.0539812499999974e-05,8.999706692913179e-14,0.0,0.0,0.0
phi-nl,transfer,calibration,9,261,2.0,0.6931471805599453,128,1.0499437499999972e-05,7.729152362204606e-14,0.0,0.0,0.0
phi-nl,transfer,calibration,9,261,3.0,1.0986122886681098,128,1.0236499999999974e-05,7.93799055118099e-14,0.0,0.0,0.0
phi-nl,transfer,calibration,9,261,4.0,1.3862943611198906,128,9.883999999999975e-06,1.2096100787401373e-13,0.0,0.0,0.0
phi-nl,transfer,calibration,9,261,5.0,1.6094379124341003,128,9.738749999999979e-06,1.0359577952755692e-13,0.0,0.0,0.0
phi-nl,transfer,calibration,9,261,6.0,1.791759469228055,128,9.653624999999975e-06,7.409724409448643e-14,0.0,0.0,0.0
phi-nl,transfer,calibration,9,261,7.0,1.9459101490553132,128,9.563062499999974e-06,1.0811073622047125e-13,0.0,0.0,0.0
phi-nl,transfer,calibration,9,261,8.0,2.0794415416798357,128,9.489249999999972e-06,5.3545763779526764e-14,0.0,0.0,0.0
phi-nl,transfer,calibration,9,261,9.0,2.1972245773362196,128,9.403749999999974e-06,6.696308661417185e-14,0.0,0.0,0.0
phi-nl,transfer,calibration,9,261,10.0,2.302585092994046,128,9.096874999999975e-06,6.335620472440842e-14,0.0,0.0,0.0
phi-nl,transfer,calibration,9,261,11.0,2.3978952727983707,128,9.211812499999973e-06,4.0903523622045416e-14,0.0,0.0,0.0
phi-nl,transfer,calibration,9,261,12.0,2.4849066497880004,128,9.054999999999975e-06,3.880314960629669e-14,0.0,0.0,0.0
phi-nl,transfer,calibration,9,261,13.0,2.5649493574615367,128,9.012499999999975e-06,4.130444094488088e-14,0.0,0.0,0.0
phi-nl,transfer,calibration,9,261,14.0,2.6390573296152584,128,9.367499999999974e-06,5.71613228346452e-14,0.0,0.0,0.0
phi-nl,transfer,calibration,9,261,15.0,2.70805020110221,128,9.331749999999974e-06,4.7791307086614165e-14,0.0,0.0,0.0
phi-nl,transfer,calibration,9,261,16.0,2.772588722239781,128,9.150562499999975e-06,3.202764960629972e-14,0.0,0.0,0.0
phi-nl,transfer,calibration,9,261,17.0,2.833213344056216,128,9.006687499999973e-06,3.720342913385763e-14,0.0,0.0,0.0
phi-nl,transfer,calibration,9,261,18.0,2.8903717578961645,128,8.718937499999974e-06,2.4779964566929578e-14,0.0,0.0,0.0
phi-nl,transfer,calibration,9,261,19.0,2.9444389791664403,128,8.639562499999971e-06,4.114777559054967e-14,0.0,0.0,0.0
phi-nl,transfer,calibration,9,261,20.0,2.995732273553991,128,8.551999999999973e-06,2.8767748031496094e-14,0.0,0.0,0.0
phi-nl,transfer,calibration,9,261,21.0,3.044522437723423,128,8.508687499999974e-06,2.8917444881889256e-14,0.0,0.0,0.0
phi-nl,transfer,calibration,9,261,22.0,3.091042453358316,128,8.303937499999974e-06,4.927445275590484e-14,0.0,0.0,0.0
phi-nl,transfer,calibration,9,261,23.0,3.1354942159291497,128,8.003437499999974e-06,2.9268342519684986e-14,0.0,0.0,0.0
phi-nl,transfer,calibration,9,261,24.0,3.1780538303479458,128,7.834187499999977e-06,2.0967523622045985e-14,0.0,0.0,0.0
phi-nl,transfer,calibration,9,261,25.0,3.2188758248682006,128,7.756749999999974e-06,2.300919685039324e-14,0.0,0.0,0.0
phi-nl,transfer,calibration,9,261,26.0,3.258096538021482,128,7.788874999999977e-06,1.9602377952754806e-14,0.0,0.0,0.0
phi-nl,transfer,calibration,9,261,27.0,3.295836866004329,128,7.645874999999975e-06,2.3299511811022954e-14,0.0,0.0,0.0
phi-nl,transfer,calibration,9,261,28.0,3.332204510175204,128,7.586999999999975e-06,2.5587905511809705e-14,0.0,0.0,0.0
phi-nl,transfer,calibration,9,261,29.0,3.367295829986474,128,7.600062499999976e-06,2.057423228346472e-14,0.0,0.0,0.0
phi-nl,transfer,calibration,9,261,30.0,3.4011973816621555,128,7.448812499999974e-06,1.73876811023614e-14,0.0,0.0,0.0
phi-nl,transfer,calibration,9,261,31.0,3.4339872044851463,128,7.4635624999999745e-06,1.5536688976377695e-14,0.0,0.0,0.0
phi-nl,transfer,calibration,10,262,1.0,0.0,128,1.1627624999999977e-05,2.050639212598382e-13,0.0,0.0,0.0
phi-nl,transfer,calibration,10,262,2.0,0.6931471805599453,128,1.1568624999999974e-05,1.4457510236220523e-13,0.0,0.0,0.0
phi-nl,transfer,calibration,10,262,3.0,1.0986122886681098,128,1.1167874999999975e-05,9.82787874015755e-14,0.0,0.0,0.0
phi-nl,transfer,calibration,10,262,4.0,1.3862943611198906,128,1.0939062499999975e-05,2.3006752362205057e-13,0.0,0.0,0.0
phi-nl,transfer,calibration,10,262,5.0,1.6094379124341003,128,1.0859999999999974e-05,1.34217574803148e-13,0.0,0.0,0.0
phi-nl,transfer,calibration,10,262,6.0,1.791759469228055,128,1.0755062499999975e-05,8.55595551181082e-14,0.0,0.0,0.0
phi-nl,transfer,calibration,10,262,7.0,1.9459101490553132,128,1.0432312499999976e-05,1.1633930314960485e-13,0.0,0.0,0.0
phi-nl,transfer,calibration,10,262,8.0,2.0794415416798357,128,1.0501812499999975e-05,4.576928740157373e-14,0.0,0.0,0.0
phi-nl,transfer,calibration,10,262,9.0,2.1972245773362196,128,1.0298124999999977e-05,1.4650807874015686e-13,0.0,0.0,0.0
phi-nl,transfer,calibration,10,262,10.0,2.302585092994046,128,1.0364187499999977e-05,7.521357086614124e-14,0.0,0.0,0.0
phi-nl,transfer,calibration,10,262,11.0,2.3978952727983707,128,9.953374999999975e-06,7.675173228346498e-14,0.0,0.0,0.0
phi-nl,transfer,calibration,10,262,12.0,2.4849066497880004,128,9.741562499999972e-06,7.612528740157343e-14,0.0,0.0,0.0
phi-nl,transfer,calibration,10,262,13.0,2.5649493574615367,128,9.977749999999974e-06,1.0508793700787395e-13,0.0,0.0,0.0
phi-nl,transfer,calibration,10,262,14.0,2.6390573296152584,127,9.71414173228344e-06,5.877582102237075e-14,0.0078125,0.0,0.0
phi-nl,transfer,calibration,10,262,15.0,2.70805020110221,128,9.547999999999974e-06,8.35386456692923e-14,0.0,0.0,0.0
phi-nl,transfer,calibration,10,262,16.0,2.772588722239781,128,9.468874999999978e-06,6.122656692913409e-14,0.0,0.0,0.0
phi-nl,transfer,calibration,10,262,17.0,2.833213344056216,128,9.381124999999975e-06,7.194278740157324e-14,0.0,0.0,0.0
phi-nl,transfer,calibration,10,262,18.0,2.8903717578961645,128,9.213187499999974e-06,8.129268897637862e-14,0.0,0.0,0.0
phi-nl,transfer,calibration,10,262,19.0,2.9444389791664403,128,9.257749999999978e-06,8.077297637795343e-14,0.0,0.0,0.0
phi-nl,transfer,calibration,10,262,20.0,2.995732273553991,128,8.989312499999976e-06,3.799410629921188e-14,0.0,0.0,0.0
phi-nl,transfer,calibration,10,262,21.0,3.044522437723423,128,8.668749999999975e-06,3.8833826771653314e-14,0.0,0.0,0.0
phi-nl,transfer,calibration,10,262,22.0,3.091042453358316,128,8.629937499999974e-06,4.0039051181100666e-14,0.0,0.0,0.0
phi-nl,transfer,calibration,10,262,23.0,3.1354942159291497,128,8.653187499999972e-06,5.267209055117955e-14,0.0,0.0,0.0
phi-nl,transfer,calibration,10,262,24.0,3.1780538303479458,128,8.692937499999975e-06,5.50401220472444e-14,0.0,0.0,0.0
phi-nl,transfer,calibration,10,262,25.0,3.2188758248682006,128,8.607124999999974e-06,4.0199291338582524e-14,0.0,0.0,0.0
phi-nl,transfer,calibration,10,262,26.0,3.258096538021482,128,8.446687499999974e-06,3.3622452755905723e-14,0.0,0.0,0.0
phi-nl,transfer,calibration,10,262,27.0,3.295836866004329,128,8.188999999999975e-06,3.5062929133857775e-14,0.0,0.0,0.0
phi-nl,transfer,calibration,10,262,28.0,3.332204510175204,128,8.117374999999976e-06,3.2146251968502804e-14,0.0,0.0,0.0
phi-nl,transfer,calibration,10,262,29.0,3.367295829986474,127,8.008314960629899e-06,4.12600904886887e-14,0.0078125,0.0,0.0
phi-nl,transfer,calibration,10,262,30.0,3.4011973816621555,128,7.892624999999978e-06,3.157226771653428e-14,0.0,0.0,0.0
phi-nl,transfer,calibration,10,262,31.0,3.4339872044851463,128,7.835062499999976e-06,4.285492519685148e-14,0.0,0.0,0.0
phi-nl,transfer,calibration,11,274,1.0,0.0,128,1.1124749999999977e-05,9.799502362204417e-14,0.0,0.0,0.0
phi-nl,transfer,calibration,11,274,2.0,0.6931471805599453,128,1.0837562499999975e-05,6.782141338582465e-14,0.0,0.0,0.0
phi-nl,transfer,calibration,11,274,3.0,1.0986122886681098,128,1.0827499999999974e-05,6.982324409448564e-14,0.0,0.0,0.0
phi-nl,transfer,calibration,11,274,4.0,1.3862943611198906,128,1.0590999999999974e-05,5.111130708661299e-14,0.0,0.0,0.0
phi-nl,transfer,calibration,11,274,5.0,1.6094379124341003,128,1.0172749999999975e-05,5.319603149606023e-14,0.0,0.0,0.0
phi-nl,transfer,calibration,11,274,6.0,1.791759469228055,128,1.0465312499999972e-05,7.480317716535458e-14,0.0,0.0,0.0
phi-nl,transfer,calibration,11,274,7.0,1.9459101490553132,128,1.0376937499999974e-05,7.427187007874078e-14,0.0,0.0,0.0
phi-nl,transfer,calibration,11,274,8.0,2.0794415416798357,128,1.0268312499999977e-05,3.6666358267715494e-14,0.0,0.0,0.0
phi-nl,transfer,calibration,11,274,9.0,2.1972245773362196,128,1.0340187499999973e-05,6.737432677165575e-14,0.0,0.0,0.0
phi-nl,transfer,calibration,11,274,10.0,2.302585092994046,128,1.0020187499999975e-05,5.819561811023569e-14,0.0,0.0,0.0
phi-nl,transfer,calibration,11,274,11.0,2.3978952727983707,128,9.596312499999975e-06,5.985854724409395e-14,0.0,0.0,0.0
phi-nl,transfer,calibration,11,274,12.0,2.4849066497880004,128,9.611187499999976e-06,5.882188582676968e-14,0.0,0.0,0.0
phi-nl,transfer,calibration,11,274,13.0,2.5649493574615367,128,9.546562499999976e-06,2.87313976377946e-14,0.0,0.0,0.0
phi-nl,transfer,calibration,11,274,14.0,2.6390573296152584,128,9.334312499999975e-06,3.2568090551178916e-14,0.0,0.0,0.0
phi-nl,transfer,calibration,11,274,15.0,2.70805020110221,128,9.123624999999978e-06,2.6907070866141092e-14,0.0,0.0,0.0
phi-nl,transfer,calibration,11,274,16.0,2.772588722239781,128,9.053999999999971e-06,1.787968503936908e-14,0.0,0.0,0.0
phi-nl,transfer,calibration,11,274,17.0,2.833213344056216,128,8.912374999999974e-06,4.5665622047242427e-14,0.0,0.0,0.0
phi-nl,transfer,calibration,11,274,18.0,2.8903717578961645,128,8.926624999999971e-06,1.8408929133857545e-14,0.0,0.0,0.0
phi-nl,transfer,calibration,11,274,19.0,2.9444389791664403,128,8.805437499999978e-06,2.7225633858266095e-14,0.0,0.0,0.0
phi-nl,transfer,calibration,11,274,20.0,2.995732273553991,128,8.708312499999976e-06,2.9742263779527246e-14,0.0,0.0,0.0
phi-nl,transfer,calibration,11,274,21.0,3.044522437723423,128,8.567937499999974e-06,2.3539397637795318e-14,0.0,0.0,0.0
phi-nl,transfer,calibration,11,274,22.0,3.091042453358316,128,8.300249999999975e-06,2.4020598425195587e-14,0.0,0.0,0.0
phi-nl,transfer,calibration,11,274,23.0,3.1354942159291497,128,8.131499999999978e-06,1.5876787401573587e-14,0.0,0.0,0.0
phi-nl,transfer,calibration,11,274,24.0,3.1780538303479458,128,8.352999999999974e-06,3.576340157480218e-14,0.0,0.0,0.0
phi-nl,transfer,calibration,11,274,25.0,3.2188758248682006,128,8.185624999999975e-06,3.176250393700717e-14,0.0,0.0,0.0
phi-nl,transfer,calibration,11,274,26.0,3.258096538021482,128,8.164249999999975e-06,2.188289763779445e-14,0.0,0.0,0.0
phi-nl,transfer,calibration,11,274,27.0,3.295836866004329,128,7.938312499999974e-06,2.4133696850392644e-14,0.0,0.0,0.0
phi-nl,transfer,calibration,11,274,28.0,3.332204510175204,128,7.912124999999976e-06,2.648590551181022e-14,0.0,0.0,0.0
phi-nl,transfer,calibration,11,274,29.0,3.367295829986474,128,7.904999999999971e-06,1.2963275590550822e-14,0.0,0.0,0.0
phi-nl,transfer,calibration,11,274,30.0,3.4011973816621555,128,7.833499999999975e-06,1.747023622047226e-14,0.0,0.0,0.0
phi-nl,transfer,calibration,11,274,31.0,3.4339872044851463,128,7.710937499999977e-06,1.427388582677121e-14,0.0,0.0,0.0
phi-nl,transfer,calibration,12,390,1.0,0.0,128,9.089187499999975e-06,9.171864173228174e-14,0.0,0.0,0.0
phi-nl,transfer,calibration,12,390,2.0,0.6931471805599453,128,9.402687499999973e-06,3.872582283464523e-14,0.0,0.0,0.0
phi-nl,transfer,calibration,12,390,3.0,1.0986122886681098,128,9.034812499999972e-06,4.0373003937006716e-14,0.0,0.0,0.0
phi-nl,transfer,calibration,12,390,4.0,1.3862943611198906,128,8.960687499999976e-06,5.068500393700685e-14,0.0,0.0,0.0
phi-nl,transfer,calibration,12,390,5.0,1.6094379124341003,128,8.993312499999973e-06,7.765042125984103e-14,0.0,0.0,0.0
phi-nl,transfer,calibration,12,390,6.0,1.791759469228055,128,8.867937499999976e-06,3.3035082677165224e-14,0.0,0.0,0.0
phi-nl,transfer,calibration,12,390,7.0,1.9459101490553132,128,8.736124999999974e-06,6.146014173228221e-14,0.0,0.0,0.0
phi-nl,transfer,calibration,12,390,8.0,2.0794415416798357,128,8.626812499999974e-06,3.029728740157503e-14,0.0,0.0,0.0
phi-nl,transfer,calibration,12,390,9.0,2.1972245773362196,128,8.549624999999977e-06,2.4892834645669316e-14,0.0,0.0,0.0
phi-nl,transfer,calibration,12,390,10.0,2.302585092994046,128,8.325124999999974e-06,2.7185118110235733e-14,0.0,0.0,0.0
phi-nl,transfer,calibration,12,390,11.0,2.3978952727983707,128,8.235437499999975e-06,3.8160814960630246e-14,0.0,0.0,0.0
phi-nl,transfer,calibration,12,390,12.0,2.4849066497880004,128,8.204937499999972e-06,2.2386011811022474e-14,0.0,0.0,0.0
phi-nl,transfer,calibration,12,390,13.0,2.5649493574615367,128,8.090749999999973e-06,2.852025196850339e-14,0.0,0.0,0.0
phi-nl,transfer,calibration,12,390,14.0,2.6390573296152584,128,7.995187499999976e-06,2.848286220472248e-14,0.0,0.0,0.0
phi-nl,transfer,calibration,12,390,15.0,2.70805020110221,128,7.737312499999975e-06,2.1956311023620212e-14,0.0,0.0,0.0
phi-nl,transfer,calibration,12,390,16.0,2.772588722239781,128,7.6047499999999775e-06,1.9007937007874105e-14,0.0,0.0,0.0
phi-nl,transfer,calibration,12,390,17.0,2.833213344056216,128,7.594312499999976e-06,1.877785433070808e-14,0.0,0.0,0.0
phi-nl,transfer,calibration,12,390,18.0,2.8903717578961645,128,7.635312499999973e-06,1.9920153543306115e-14,0.0,0.0,0.0
phi-nl,transfer,calibration,12,390,19.0,2.9444389791664403,128,7.613999999999978e-06,1.4975999999999284e-14,0.0,0.0,0.0
phi-nl,transfer,calibration,12,390,20.0,2.995732273553991,128,7.548437499999976e-06,2.0260090551181554e-14,0.0,0.0,0.0
phi-nl,transfer,calibration,12,390,21.0,3.044522437723423,128,7.490749999999975e-06,2.0537889763780065e-14,0.0,0.0,0.0
phi-nl,transfer,calibration,12,390,22.0,3.091042453358316,128,7.3371874999999735e-06,2.402276771653464e-14,0.0,0.0,0.0
phi-nl,transfer,calibration,12,390,23.0,3.1354942159291497,128,7.428437499999974e-06,2.622569685039412e-14,0.0,0.0,0.0
phi-nl,transfer,calibration,12,390,24.0,3.1780538303479458,128,7.224312499999973e-06,1.4740562992125087e-14,0.0,0.0,0.0
phi-nl,transfer,calibration,12,390,25.0,3.2188758248682006,128,7.1482499999999734e-06,2.8803968503935624e-14,0.0,0.0,0.0
phi-nl,transfer,calibration,12,390,26.0,3.258096538021482,128,7.138249999999978e-06,1.59727244094492e-14,0.0,0.0,0.0
phi-nl,transfer,calibration,12,390,27.0,3.295836866004329,128,7.152124999999975e-06,1.0550409448817935e-14,0.0,0.0,0.0
phi-nl,transfer,calibration,12,390,28.0,3.332204510175204,128,6.9730624999999756e-06,2.4303744094487663e-14,0.0,0.0,0.0
phi-nl,transfer,calibration,12,390,29.0,3.367295829986474,128,6.925999999999976e-06,2.6201700787401044e-14,0.0,0.0,0.0
phi-nl,transfer,calibration,12,390,30.0,3.4011973816621555,128,6.983499999999977e-06,2.374425196850378e-14,0.0,0.0,0.0
phi-nl,transfer,calibration,12,390,31.0,3.4339872044851463,128,6.877937499999976e-06,1.0172720472440821e-14,0.0,0.0,0.0
phi-nl,transfer,calibration,13,386,1.0,0.0,128,1.0185624999999974e-05,4.4766094488189466e-14,0.0,0.0,0.0
phi-nl,transfer,calibration,13,386,2.0,0.6931471805599453,128,9.931687499999977e-06,4.38414133858256e-14,0.0,0.0,0.0
phi-nl,transfer,calibration,13,386,3.0,1.0986122886681098,128,9.825562499999973e-06,2.8118736220472078e-14,0.0,0.0,0.0
phi-nl,transfer,calibration,13,386,4.0,1.3862943611198906,128,9.739937499999974e-06,4.560528740157321e-14,0.0,0.0,0.0
phi-nl,transfer,calibration,13,386,5.0,1.6094379124341003,127,9.623244094488163e-06,2.312475740532294e-14,0.0078125,0.0,0.0
phi-nl,transfer,calibration,13,386,6.0,1.791759469228055,128,9.587124999999975e-06,2.8220708661415772e-14,0.0,0.0,0.0
phi-nl,transfer,calibration,13,386,7.0,1.9459101490553132,128,9.478124999999973e-06,2.9826503937009087e-14,0.0,0.0,0.0
phi-nl,transfer,calibration,13,386,8.0,2.0794415416798357,128,9.353249999999974e-06,2.0507653543306516e-14,0.0,0.0,0.0
phi-nl,transfer,calibration,13,386,9.0,2.1972245773362196,128,9.14187499999998e-06,3.3645338582678e-14,0.0,0.0,0.0
phi-nl,transfer,calibration,13,386,10.0,2.302585092994046,128,9.126499999999976e-06,2.0371905511811365e-14,0.0,0.0,0.0
phi-nl,transfer,calibration,13,386,11.0,2.3978952727983707,128,8.997437499999975e-06,1.7425066929134075e-14,0.0,0.0,0.0
phi-nl,transfer,calibration,13,386,12.0,2.4849066497880004,128,8.984499999999971e-06,2.2727307086613678e-14,0.0,0.0,0.0
phi-nl,transfer,calibration,13,386,13.0,2.5649493574615367,128,8.826374999999977e-06,2.62877322834644e-14,0.0,0.0,0.0
phi-nl,transfer,calibration,13,386,14.0,2.6390573296152584,128,8.633437499999977e-06,1.628868897637791e-14,0.0,0.0,0.0
phi-nl,transfer,calibration,13,386,15.0,2.70805020110221,128,8.525249999999974e-06,2.2241196850393262e-14,0.0,0.0,0.0
phi-nl,transfer,calibration,13,386,16.0,2.772588722239781,128,8.419124999999973e-06,1.4221338582677028e-14,0.0,0.0,0.0
phi-nl,transfer,calibration,13,386,17.0,2.833213344056216,128,8.434874999999976e-06,1.7187007874015915e-14,0.0,0.0,0.0
phi-nl,transfer,calibration,13,386,18.0,2.8903717578961645,127,8.284661417322805e-06,2.0213273340832044e-14,0.0078125,0.0,0.0
phi-nl,transfer,calibration,13,386,19.0,2.9444389791664403,128,8.178937499999976e-06,1.6550169291338248e-14,0.0,0.0,0.0
phi-nl,transfer,calibration,13,386,20.0,2.995732273553991,128,8.121312499999977e-06,8.583838582677277e-15,0.0,0.0,0.0
phi-nl,transfer,calibration,13,386,21.0,3.044522437723423,128,8.095062499999973e-06,1.0057192913385585e-14,0.0,0.0,0.0
phi-nl,transfer,calibration,13,386,22.0,3.091042453358316,128,8.013374999999973e-06,1.218127559055152e-14,0.0,0.0,0.0
phi-nl,transfer,calibration,13,386,23.0,3.1354942159291497,128,7.928624999999975e-06,1.3344866141732425e-14,0.0,0.0,0.0
phi-nl,transfer,calibration,13,386,24.0,3.1780538303479458,128,7.789499999999973e-06,1.0161133858266843e-14,0.0,0.0,0.0
phi-nl,transfer,calibration,13,386,25.0,3.2188758248682006,128,7.783187499999976e-06,1.1157003937007054e-14,0.0,0.0,0.0
phi-nl,transfer,calibration,13,386,26.0,3.258096538021482,128,7.633062499999977e-06,1.6313822834646164e-14,0.0,0.0,0.0
phi-nl,transfer,calibration,13,386,27.0,3.295836866004329,128,7.569249999999975e-06,1.2363023622047145e-14,0.0,0.0,0.0
phi-nl,transfer,calibration,13,386,28.0,3.332204510175204,128,7.506312499999974e-06,7.899870078740201e-15,0.0,0.0,0.0
phi-nl,transfer,calibration,13,386,29.0,3.367295829986474,128,7.433874999999973e-06,1.2601937007873822e-14,0.0,0.0,0.0
phi-nl,transfer,calibration,13,386,30.0,3.4011973816621555,128,7.36262499999997e-06,8.146755905511576e-15,0.0,0.0,0.0
phi-nl,transfer,calibration,13,386,31.0,3.4339872044851463,127,7.315338582677137e-06,1.3712701912260292e-14,0.0078125,0.0,0.0
phi-nl,transfer,calibration,14,388,1.0,0.0,128,9.666124999999975e-06,3.317365354330546e-14,0.0,0.0,0.0
phi-nl,transfer,calibration,14,388,2.0,0.6931471805599453,128,9.548812499999976e-06,2.7878137795274977e-14,0.0,0.0,0.0
phi-nl,transfer,calibration,14,388,3.0,1.0986122886681098,128,9.394874999999977e-06,2.1966346456692352e-14,0.0,0.0,0.0
phi-nl,transfer,calibration,14,388,4.0,1.3862943611198906,128,9.267437499999976e-06,4.802084645669259e-14,0.0,0.0,0.0
phi-nl,transfer,calibration,14,388,5.0,1.6094379124341003,128,9.155062499999973e-06,2.8552185039368564e-14,0.0,0.0,0.0
phi-nl,transfer,calibration,14,388,6.0,1.791759469228055,128,8.915249999999974e-06,2.2945700787401122e-14,0.0,0.0,0.0
phi-nl,transfer,calibration,14,388,7.0,1.9459101490553132,128,8.821874999999972e-06,3.081119685039267e-14,0.0,0.0,0.0
phi-nl,transfer,calibration,14,388,8.0,2.0794415416798357,128,8.711812499999974e-06,1.9215586614172213e-14,0.0,0.0,0.0
phi-nl,transfer,calibration,14,388,9.0,2.1972245773362196,128,8.552249999999976e-06,2.0125165354330644e-14,0.0,0.0,0.0
phi-nl,transfer,calibration,14,388,10.0,2.302585092994046,128,8.531124999999975e-06,2.7089874015746754e-14,0.0,0.0,0.0
phi-nl,transfer,calibration,14,388,11.0,2.3978952727983707,128,8.476187499999974e-06,1.526824803149511e-14,0.0,0.0,0.0
phi-nl,transfer,calibration,14,388,12.0,2.4849066497880004,128,8.328562499999974e-06,2.567476771653464e-14,0.0,0.0,0.0
phi-nl,transfer,calibration,14,388,13.0,2.5649493574615367,128,8.279562499999975e-06,2.1781476377951627e-14,0.0,0.0,0.0
phi-nl,transfer,calibration,14,388,14.0,2.6390573296152584,128,8.227937499999975e-06,2.1559429133857696e-14,0.0,0.0,0.0
phi-nl,transfer,calibration,14,388,15.0,2.70805020110221,128,8.109749999999971e-06,1.4548598425196367e-14,0.0,0.0,0.0
phi-nl,transfer,calibration,14,388,16.0,2.772588722239781,128,8.021749999999974e-06,2.508188976377896e-14,0.0,0.0,0.0
phi-nl,transfer,calibration,14,388,17.0,2.833213344056216,128,7.948687499999973e-06,1.4234736220471974e-14,0.0,0.0,0.0
phi-nl,transfer,calibration,14,388,18.0,2.8903717578961645,128,7.887249999999978e-06,1.584220472440846e-14,0.0,0.0,0.0
phi-nl,transfer,calibration,14,388,19.0,2.9444389791664403,128,7.797937499999972e-06,1.7390106299212293e-14,0.0,0.0,0.0
phi-nl,transfer,calibration,14,388,20.0,2.995732273553991,128,7.763187499999973e-06,1.1424594488188035e-14,0.0,0.0,0.0
phi-nl,transfer,calibration,14,388,21.0,3.044522437723423,128,7.653062499999977e-06,1.0761948818897034e-14,0.0,0.0,0.0
phi-nl,transfer,calibration,14,388,22.0,3.091042453358316,128,7.614499999999977e-06,1.0300220472440135e-14,0.0,0.0,0.0
phi-nl,transfer,calibration,14,388,23.0,3.1354942159291497,128,7.591499999999977e-06,1.2794708661416506e-14,0.0,0.0,0.0
phi-nl,transfer,calibration,14,388,24.0,3.1780538303479458,128,7.489499999999974e-06,1.3588913385826877e-14,0.0,0.0,0.0
phi-nl,transfer,calibration,14,388,25.0,3.2188758248682006,128,7.401062499999971e-06,1.443111417322847e-14,0.0,0.0,0.0
phi-nl,transfer,calibration,14,388,26.0,3.258096538021482,128,7.383312499999975e-06,1.422717716535422e-14,0.0,0.0,0.0
phi-nl,transfer,calibration,14,388,27.0,3.295836866004329,128,7.399999999999975e-06,1.3346267716534582e-14,0.0,0.0,0.0
phi-nl,transfer,calibration,14,388,28.0,3.332204510175204,128,7.307937499999974e-06,2.180333464566888e-14,0.0,0.0,0.0
phi-nl,transfer,calibration,14,388,29.0,3.367295829986474,128,7.270749999999975e-06,6.859023622046885e-15,0.0,0.0,0.0
phi-nl,transfer,calibration,14,388,30.0,3.4011973816621555,128,7.182249999999977e-06,1.1595527559054518e-14,0.0,0.0,0.0
phi-nl,transfer,calibration,14,388,31.0,3.4339872044851463,128,7.107187499999974e-06,1.3664090551181096e-14,0.0,0.0,0.0
phi-nl,transfer,calibration,15,392,1.0,0.0,128,1.0667249999999977e-05,6.419697637795246e-14,0.0,0.0,0.0
phi-nl,transfer,calibration,15,392,2.0,0.6931471805599453,128,1.0296749999999977e-05,5.601606299212507e-14,0.0,0.0,0.0
phi-nl,transfer,calibration,15,392,3.0,1.0986122886681098,128,9.999312499999978e-06,5.327524015747861e-14,0.0,0.0,0.0
phi-nl,transfer,calibration,15,392,4.0,1.3862943611198906,128,9.923874999999973e-06,7.885604724409307e-14,0.0,0.0,0.0
phi-nl,transfer,calibration,15,392,5.0,1.6094379124341003,128,9.805812499999977e-06,5.1806452755903783e-14,0.0,0.0,0.0
phi-nl,transfer,calibration,15,392,6.0,1.791759469228055,128,9.794374999999975e-06,3.101264566929169e-14,0.0,0.0,0.0
phi-nl,transfer,calibration,15,392,7.0,1.9459101490553132,128,9.750562499999973e-06,5.829788582677135e-14,0.0,0.0,0.0
phi-nl,transfer,calibration,15,392,8.0,2.0794415416798357,128,9.376562499999975e-06,3.644692519684917e-14,0.0,0.0,0.0
phi-nl,transfer,calibration,15,392,9.0,2.1972245773362196,128,9.360562499999973e-06,4.2608059055116554e-14,0.0,0.0,0.0
phi-nl,transfer,calibration,15,392,10.0,2.302585092994046,128,9.213874999999971e-06,3.5805212598423633e-14,0.0,0.0,0.0
phi-nl,transfer,calibration,15,392,11.0,2.3978952727983707,128,9.134124999999976e-06,3.2336110236220445e-14,0.0,0.0,0.0
phi-nl,transfer,calibration,15,392,12.0,2.4849066497880004,128,9.046499999999973e-06,3.250670866141793e-14,0.0,0.0,0.0
phi-nl,transfer,calibration,15,392,13.0,2.5649493574615367,128,8.881937499999978e-06,3.785851574803183e-14,0.0,0.0,0.0
phi-nl,transfer,calibration,15,392,14.0,2.6390573296152584,128,8.938062499999974e-06,3.3085728346457095e-14,0.0,0.0,0.0
phi-nl,transfer,calibration,15,392,15.0,2.70805020110221,128,8.728187499999974e-06,1.7057728346456953e-14,0.0,0.0,0.0
phi-nl,transfer,calibration,15,392,16.0,2.772588722239781,128,8.666374999999973e-06,2.3813401574802626e-14,0.0,0.0,0.0
phi-nl,transfer,calibration,15,392,17.0,2.833213344056216,128,8.558187499999976e-06,1.7831523622046515e-14,0.0,0.0,0.0
phi-nl,transfer,calibration,15,392,18.0,2.8903717578961645,128,8.485249999999976e-06,2.8380157480315016e-14,0.0,0.0,0.0
phi-nl,transfer,calibration,15,392,19.0,2.9444389791664403,127,8.497133858267696e-06,2.171095813023335e-14,0.0078125,0.0,0.0
phi-nl,transfer,calibration,15,392,20.0,2.995732273553991,128,8.302687499999973e-06,3.1515996062991297e-14,0.0,0.0,0.0
phi-nl,transfer,calibration,15,392,21.0,3.044522437723423,128,8.23018749999998e-06,2.2411303149605538e-14,0.0,0.0,0.0
phi-nl,transfer,calibration,15,392,22.0,3.091042453358316,128,8.214374999999975e-06,2.2481999999999185e-14,0.0,0.0,0.0
phi-nl,transfer,calibration,15,392,23.0,3.1354942159291497,127,8.110110236220448e-06,3.0269416322958125e-14,0.0078125,0.0,0.0
phi-nl,transfer,calibration,15,392,24.0,3.1780538303479458,128,8.101312499999975e-06,2.0752405511810752e-14,0.0,0.0,0.0
phi-nl,transfer,calibration,15,392,25.0,3.2188758248682006,128,7.938812499999973e-06,2.601684645669326e-14,0.0,0.0,0.0
phi-nl,transfer,calibration,15,392,26.0,3.258096538021482,128,7.957874999999973e-06,1.7952740157480622e-14,0.0,0.0,0.0
phi-nl,transfer,calibration,15,392,27.0,3.295836866004329,127,7.816377952755879e-06,1.4399856017996957e-14,0.0078125,0.0,0.0
phi-nl,transfer,calibration,15,392,28.0,3.332204510175204,128,7.729437499999973e-06,1.3387019685038057e-14,0.0,0.0,0.0
phi-nl,transfer,calibration,15,392,29.0,3.367295829986474,128,7.646874999999976e-06,1.3786440944881428e-14,0.0,0.0,0.0
phi-nl,transfer,calibration,15,392,30.0,3.4011973816621555,127,7.48862992125982e-06,1.5142203224597538e-14,0.0078125,0.0,0.0
phi-nl,transfer,calibration,15,392,31.0,3.4339872044851463,127,7.509417322834618e-06,2.6509086364205123e-14,0.0078125,0.0,0.0
phi-nl,transfer,validation,0,3,1.0,0.0,128,1.278081249999997e-05,1.0809079921259829e-13,0.0,0.0,0.0
phi-nl,transfer,validation,0,3,2.0,0.6931471805599453,128,1.2735687499999973e-05,1.5264292519685057e-13,0.0,0.0,0.0
phi-nl,transfer,validation,0,3,3.0,1.0986122886681098,128,1.2458687499999975e-05,2.1341659448818843e-13,0.0,0.0,0.0
phi-nl,transfer,validation,0,3,4.0,1.3862943611198906,128,1.2211874999999972e-05,8.902650393700755e-14,0.0,0.0,0.0
phi-nl,transfer,validation,0,3,5.0,1.6094379124341003,128,1.1767562499999973e-05,1.1646821653543281e-13,0.0,0.0,0.0
phi-nl,transfer,validation,0,3,6.0,1.791759469228055,128,1.157743749999997e-05,9.766746062992053e-14,0.0,0.0,0.0
phi-nl,transfer,validation,0,3,7.0,1.9459101490553132,128,1.136043749999997e-05,8.816308267716495e-14,0.0,0.0,0.0
phi-nl,transfer,validation,0,3,8.0,2.0794415416798357,128,1.1129437499999973e-05,7.679438976378137e-14,0.0,0.0,0.0
phi-nl,transfer,validation,0,3,9.0,2.1972245773362196,128,1.1236937499999971e-05,9.452963385826856e-14,0.0,0.0,0.0
phi-nl,transfer,validation,0,3,10.0,2.302585092994046,128,1.1005499999999971e-05,5.78376062992115e-14,0.0,0.0,0.0
phi-nl,transfer,validation,0,3,11.0,2.3978952727983707,128,1.0836937499999967e-05,5.4073570866140015e-14,0.0,0.0,0.0
phi-nl,transfer,validation,0,3,12.0,2.4849066497880004,128,1.064087499999997e-05,7.459400000000071e-14,0.0,0.0,0.0
phi-nl,transfer,validation,0,3,13.0,2.5649493574615367,128,1.0544749999999972e-05,8.559212598425155e-14,0.0,0.0,0.0
phi-nl,transfer,validation,0,3,14.0,2.6390573296152584,128,1.0272812499999968e-05,7.985268897637649e-14,0.0,0.0,0.0
phi-nl,transfer,validation,0,3,15.0,2.70805020110221,128,1.022981249999997e-05,6.127744488189017e-14,0.0,0.0,0.0
phi-nl,transfer,validation,0,3,16.0,2.772588722239781,128,1.0026812499999969e-05,5.186982283464557e-14,0.0,0.0,0.0
phi-nl,transfer,validation,0,3,17.0,2.833213344056216,128,9.88412499999997e-06,4.427689763779501e-14,0.0,0.0,0.0
phi-nl,transfer,validation,0,3,18.0,2.8903717578961645,128,9.777624999999972e-06,3.8493086614171604e-14,0.0,0.0,0.0
phi-nl,transfer,validation,0,3,19.0,2.9444389791664403,128,9.695999999999973e-06,4.424163779527588e-14,0.0,0.0,0.0
phi-nl,transfer,validation,0,3,20.0,2.995732273553991,128,9.594812499999969e-06,3.180809055118141e-14,0.0,0.0,0.0
phi-nl,transfer,validation,0,3,21.0,3.044522437723423,128,9.509749999999971e-06,6.979319685039442e-14,0.0,0.0,0.0
phi-nl,transfer,validation,0,3,22.0,3.091042453358316,128,9.37012499999997e-06,2.9185496062992206e-14,0.0,0.0,0.0
phi-nl,transfer,validation,0,3,23.0,3.1354942159291497,128,9.38581249999997e-06,7.693224803149696e-14,0.0,0.0,0.0
phi-nl,transfer,validation,0,3,24.0,3.1780538303479458,128,9.22799999999997e-06,5.2151433070866863e-14,0.0,0.0,0.0
phi-nl,transfer,validation,0,3,25.0,3.2188758248682006,128,9.10799999999997e-06,3.363275590551157e-14,0.0,0.0,0.0
phi-nl,transfer,validation,0,3,26.0,3.258096538021482,128,8.95274999999997e-06,2.1900535433072326e-14,0.0,0.0,0.0
phi-nl,transfer,validation,0,3,27.0,3.295836866004329,128,8.869937499999968e-06,2.2921318897636807e-14,0.0,0.0,0.0
phi-nl,transfer,validation,0,3,28.0,3.332204510175204,128,8.787562499999969e-06,2.4446799212597876e-14,0.0,0.0,0.0
phi-nl,transfer,validation,0,3,29.0,3.367295829986474,128,8.795437499999973e-06,3.6910043307086015e-14,0.0,0.0,0.0
phi-nl,transfer,validation,0,3,30.0,3.4011973816621555,128,8.637562499999974e-06,2.1635586614173832e-14,0.0,0.0,0.0
phi-nl,transfer,validation,0,3,31.0,3.4339872044851463,128,8.524062499999969e-06,2.2516909448819493e-14,0.0,0.0,0.0
phi-nl,transfer,validation,1,11,1.0,0.0,128,1.2085437499999973e-05,5.6324972440944375e-14,0.0,0.0,0.0
phi-nl,transfer,validation,1,11,2.0,0.6931471805599453,128,1.196393749999997e-05,1.0910135039370267e-13,0.0,0.0,0.0
phi-nl,transfer,validation,1,11,3.0,1.0986122886681098,128,1.1573812499999973e-05,5.961949212598276e-14,0.0,0.0,0.0
phi-nl,transfer,validation,1,11,4.0,1.3862943611198906,128,1.1310874999999968e-05,5.64215275590549e-14,0.0,0.0,0.0
phi-nl,transfer,validation,1,11,5.0,1.6094379124341003,128,1.105893749999997e-05,9.098872047243885e-14,0.0,0.0,0.0
phi-nl,transfer,validation,1,11,6.0,1.791759469228055,128,1.076562499999997e-05,6.382398425196664e-14,0.0,0.0,0.0
phi-nl,transfer,validation,1,11,7.0,1.9459101490553132,128,1.0625624999999968e-05,4.3883196850392223e-14,0.0,0.0,0.0
phi-nl,transfer,validation,1,11,8.0,2.0794415416798357,127,1.0446614173228315e-05,4.387158805149422e-14,0.0078125,0.0,0.0
phi-nl,transfer,validation,1,11,9.0,2.1972245773362196,128,1.0256874999999971e-05,4.125655118110174e-14,0.0,0.0,0.0
phi-nl,transfer,validation,1,11,10.0,2.302585092994046,128,1.0082249999999974e-05,5.973461417322861e-14,0.0,0.0,0.0
phi-nl,transfer,validation,1,11,11.0,2.3978952727983707,128,9.969624999999971e-06,3.278650393700749e-14,0.0,0.0,0.0
phi-nl,transfer,validation,1,11,12.0,2.4849066497880004,128,9.88174999999997e-06,3.753417322834644e-14,0.0,0.0,0.0
phi-nl,transfer,validation,1,11,13.0,2.5649493574615367,128,9.777999999999977e-06,4.6728062992126596e-14,0.0,0.0,0.0
phi-nl,transfer,validation,1,11,14.0,2.6390573296152584,127,9.68012598425194e-06,2.5535984001999022e-14,0.0078125,0.0,0.0
phi-nl,transfer,validation,1,11,15.0,2.70805020110221,128,9.66093749999997e-06,3.433637401574939e-14,0.0,0.0,0.0
phi-nl,transfer,validation,1,11,16.0,2.772588722239781,128,9.522749999999969e-06,3.4306456692913894e-14,0.0,0.0,0.0
phi-nl,transfer,validation,1,11,17.0,2.833213344056216,128,9.35106249999997e-06,2.9778263779526886e-14,0.0,0.0,0.0
phi-nl,transfer,validation,1,11,18.0,2.8903717578961645,128,9.209874999999973e-06,2.3382157480315087e-14,0.0,0.0,0.0
phi-nl,transfer,validation,1,11,19.0,2.9444389791664403,128,9.052187499999973e-06,2.1775082677165154e-14,0.0,0.0,0.0
phi-nl,transfer,validation,1,11,20.0,2.995732273553991,128,8.953562499999972e-06,2.823867322834663e-14,0.0,0.0,0.0
phi-nl,transfer,validation,1,11,21.0,3.044522437723423,128,8.851062499999974e-06,2.099111417322773e-14,0.0,0.0,0.0
phi-nl,transfer,validation,1,11,22.0,3.091042453358316,128,8.696812499999972e-06,1.678497244094423e-14,0.0,0.0,0.0
phi-nl,transfer,validation,1,11,23.0,3.1354942159291497,128,8.577937499999973e-06,1.9289444881890115e-14,0.0,0.0,0.0
phi-nl,transfer,validation,1,11,24.0,3.1780538303479458,128,8.53943749999997e-06,3.038607480315165e-14,0.0,0.0,0.0
phi-nl,transfer,validation,1,11,25.0,3.2188758248682006,128,8.568999999999972e-06,1.92463622047243e-14,0.0,0.0,0.0
phi-nl,transfer,validation,1,11,26.0,3.258096538021482,128,8.407187499999968e-06,2.1276059055119218e-14,0.0,0.0,0.0
phi-nl,transfer,validation,1,11,27.0,3.295836866004329,128,8.344374999999972e-06,2.697157480314936e-14,0.0,0.0,0.0
phi-nl,transfer,validation,1,11,28.0,3.332204510175204,128,8.274124999999969e-06,2.1196078740157034e-14,0.0,0.0,0.0
phi-nl,transfer,validation,1,11,29.0,3.367295829986474,128,8.126687499999968e-06,2.3222200787400133e-14,0.0,0.0,0.0
phi-nl,transfer,validation,1,11,30.0,3.4011973816621555,128,7.98662499999997e-06,1.7818314960630468e-14,0.0,0.0,0.0
phi-nl,transfer,validation,1,11,31.0,3.4339872044851463,128,7.93068749999997e-06,1.7993854330709268e-14,0.0,0.0,0.0
phi-nl,transfer,validation,2,13,1.0,0.0,128,1.047843749999997e-05,6.764251574802964e-14,0.0,0.0,0.0
phi-nl,transfer,validation,2,13,2.0,0.6931471805599453,128,1.028249999999997e-05,7.196296062992211e-14,0.0,0.0,0.0
phi-nl,transfer,validation,2,13,3.0,1.0986122886681098,128,1.0227562499999972e-05,6.165347637795049e-14,0.0,0.0,0.0
phi-nl,transfer,validation,2,13,4.0,1.3862943611198906,128,1.012406249999997e-05,3.121385433070746e-14,0.0,0.0,0.0
phi-nl,transfer,validation,2,13,5.0,1.6094379124341003,128,9.97418749999997e-06,5.415127165354283e-14,0.0,0.0,0.0
phi-nl,transfer,validation,2,13,6.0,1.791759469228055,128,9.79281249999997e-06,4.749590157480335e-14,0.0,0.0,0.0
phi-nl,transfer,validation,2,13,7.0,1.9459101490553132,128,9.646874999999969e-06,4.6788267716533895e-14,0.0,0.0,0.0
phi-nl,transfer,validation,2,13,8.0,2.0794415416798357,128,9.592687499999974e-06,3.870138188976443e-14,0.0,0.0,0.0
phi-nl,transfer,validation,2,13,9.0,2.1972245773362196,128,9.389874999999967e-06,2.854549606299025e-14,0.0,0.0,0.0
phi-nl,transfer,validation,2,13,10.0,2.302585092994046,128,9.326312499999971e-06,3.0493885826771174e-14,0.0,0.0,0.0
phi-nl,transfer,validation,2,13,11.0,2.3978952727983707,128,9.195187499999968e-06,2.648424803149539e-14,0.0,0.0,0.0
phi-nl,transfer,validation,2,13,12.0,2.4849066497880004,128,9.087999999999971e-06,2.6263181102362757e-14,0.0,0.0,0.0
phi-nl,transfer,validation,2,13,13.0,2.5649493574615367,128,8.970812499999971e-06,6.301690944881856e-14,0.0,0.0,0.0
phi-nl,transfer,validation,2,13,14.0,2.6390573296152584,128,8.887124999999971e-06,2.6191858267716183e-14,0.0,0.0,0.0
phi-nl,transfer,validation,2,13,15.0,2.70805020110221,128,8.765187499999969e-06,2.674553937007756e-14,0.0,0.0,0.0
phi-nl,transfer,validation,2,13,16.0,2.772588722239781,128,8.661374999999973e-06,2.3847417322833577e-14,0.0,0.0,0.0
phi-nl,transfer,validation,2,13,17.0,2.833213344056216,128,8.481624999999972e-06,2.4723511811023028e-14,0.0,0.0,0.0
phi-nl,transfer,validation,2,13,18.0,2.8903717578961645,128,8.42281249999997e-06,1.6631019685039234e-14,0.0,0.0,0.0
phi-nl,transfer,validation,2,13,19.0,2.9444389791664403,128,8.34518749999997e-06,2.005678346456615e-14,0.0,0.0,0.0
phi-nl,transfer,validation,2,13,20.0,2.995732273553991,128,8.160749999999971e-06,2.669096062992105e-14,0.0,0.0,0.0
phi-nl,transfer,validation,2,13,21.0,3.044522437723423,128,8.238562499999973e-06,3.2595082677164957e-14,0.0,0.0,0.0
phi-nl,transfer,validation,2,13,22.0,3.091042453358316,127,8.04340157480312e-06,1.9277734283213625e-14,0.0078125,0.0,0.0
phi-nl,transfer,validation,2,13,23.0,3.1354942159291497,128,7.957062499999967e-06,1.1229602362205004e-14,0.0,0.0,0.0
phi-nl,transfer,validation,2,13,24.0,3.1780538303479458,128,7.87006249999997e-06,1.671231102362141e-14,0.0,0.0,0.0
phi-nl,transfer,validation,2,13,25.0,3.2188758248682006,128,7.78062499999997e-06,2.142801574803133e-14,0.0,0.0,0.0
phi-nl,transfer,validation,2,13,26.0,3.258096538021482,128,7.866499999999973e-06,2.4397354330708123e-14,0.0,0.0,0.0
phi-nl,transfer,validation,2,13,27.0,3.295836866004329,128,7.687187499999974e-06,1.5288279527558197e-14,0.0,0.0,0.0
phi-nl,transfer,validation,2,13,28.0,3.332204510175204,127,7.667023622047216e-06,1.3343420072490435e-14,0.0078125,0.0,0.0
phi-nl,transfer,validation,2,13,29.0,3.367295829986474,128,7.5383749999999725e-06,2.0380582677166254e-14,0.0,0.0,0.0
phi-nl,transfer,validation,2,13,30.0,3.4011973816621555,128,7.472999999999972e-06,1.4148535433071594e-14,0.0,0.0,0.0
phi-nl,transfer,validation,2,13,31.0,3.4339872044851463,128,7.428374999999971e-06,2.0955574803150248e-14,0.0,0.0,0.0
phi-nl,transfer,validation,3,1,1.0,0.0,128,1.229518749999997e-05,9.944072047243997e-14,0.0,0.0,0.0
phi-nl,transfer,validation,3,1,2.0,0.6931471805599453,128,1.1932124999999972e-05,1.4295885039370048e-13,0.0,0.0,0.0
phi-nl,transfer,validation,3,1,3.0,1.0986122886681098,128,1.1706687499999968e-05,1.4628109842519444e-13,0.0,0.0,0.0
phi-nl,transfer,validation,3,1,4.0,1.3862943611198906,128,1.1540374999999973e-05,7.330051968503718e-14,0.0,0.0,0.0
phi-nl,transfer,validation,3,1,5.0,1.6094379124341003,128,1.1330874999999971e-05,1.1494574803149644e-13,0.0,0.0,0.0
phi-nl,transfer,validation,3,1,6.0,1.791759469228055,128,1.1036249999999969e-05,8.751565354330644e-14,0.0,0.0,0.0
phi-nl,transfer,validation,3,1,7.0,1.9459101490553132,128,1.1022124999999969e-05,4.100181102362118e-14,0.0,0.0,0.0
phi-nl,transfer,validation,3,1,8.0,2.0794415416798357,128,1.0670187499999969e-05,8.844015354330772e-14,0.0,0.0,0.0
phi-nl,transfer,validation,3,1,9.0,2.1972245773362196,128,1.0498499999999974e-05,6.537247244094594e-14,0.0,0.0,0.0
phi-nl,transfer,validation,3,1,10.0,2.302585092994046,128,1.0306937499999973e-05,5.93313976377945e-14,0.0,0.0,0.0
phi-nl,transfer,validation,3,1,11.0,2.3978952727983707,128,1.014574999999997e-05,4.6018456692913725e-14,0.0,0.0,0.0
phi-nl,transfer,validation,3,1,12.0,2.4849066497880004,128,9.994437499999976e-06,3.802361811023678e-14,0.0,0.0,0.0
phi-nl,transfer,validation,3,1,13.0,2.5649493574615367,128,9.877812499999973e-06,6.41216653543301e-14,0.0,0.0,0.0
phi-nl,transfer,validation,3,1,14.0,2.6390573296152584,128,9.81599999999997e-06,3.7807370078738617e-14,0.0,0.0,0.0
phi-nl,transfer,validation,3,1,15.0,2.70805020110221,128,9.79587499999997e-06,3.974146456692885e-14,0.0,0.0,0.0
phi-nl,transfer,validation,3,1,16.0,2.772588722239781,128,9.505499999999972e-06,3.6825448818898436e-14,0.0,0.0,0.0
phi-nl,transfer,validation,3,1,17.0,2.833213344056216,128,9.374937499999971e-06,2.6075082677164957e-14,0.0,0.0,0.0
phi-nl,transfer,validation,3,1,18.0,2.8903717578961645,128,9.252499999999973e-06,2.417562204724335e-14,0.0,0.0,0.0
phi-nl,transfer,validation,3,1,19.0,2.9444389791664403,128,9.171687499999971e-06,3.6339807086613977e-14,0.0,0.0,0.0
phi-nl,transfer,validation,3,1,20.0,2.995732273553991,128,9.087437499999973e-06,3.273391732283478e-14,0.0,0.0,0.0
phi-nl,transfer,validation,3,1,21.0,3.044522437723423,128,8.981999999999971e-06,3.751811023622016e-14,0.0,0.0,0.0
phi-nl,transfer,validation,3,1,22.0,3.091042453358316,128,8.785374999999968e-06,2.608187401574661e-14,0.0,0.0,0.0
phi-nl,transfer,validation,3,1,23.0,3.1354942159291497,128,8.700499999999969e-06,2.7212346456693406e-14,0.0,0.0,0.0
phi-nl,transfer,validation,3,1,24.0,3.1780538303479458,128,8.543374999999971e-06,3.590209448818899e-14,0.0,0.0,0.0
phi-nl,transfer,validation,3,1,25.0,3.2188758248682006,128,8.48243749999997e-06,2.917045275590519e-14,0.0,0.0,0.0
phi-nl,transfer,validation,3,1,26.0,3.258096538021482,128,8.439249999999972e-06,2.3639118110236463e-14,0.0,0.0,0.0
phi-nl,transfer,validation,3,1,27.0,3.295836866004329,128,8.370874999999971e-06,1.707110236220395e-14,0.0,0.0,0.0
phi-nl,transfer,validation,3,1,28.0,3.332204510175204,127,8.332976377952722e-06,2.2867229596299622e-14,0.0078125,0.0,0.0
phi-nl,transfer,validation,3,1,29.0,3.367295829986474,128,8.336312499999972e-06,2.064166535433172e-14,0.0,0.0,0.0
phi-nl,transfer,validation,3,1,30.0,3.4011973816621555,128,8.25762499999997e-06,1.8150157480314822e-14,0.0,0.0,0.0
phi-nl,transfer,validation,3,1,31.0,3.4339872044851463,128,8.106124999999971e-06,2.1673811023621704e-14,0.0,0.0,0.0
phi-nl,transfer,validation,4,134,1.0,0.0,128,1.171831249999997e-05,9.679083070866154e-14,0.0,0.0,0.0
phi-nl,transfer,validation,4,134,2.0,0.6931471805599453,128,1.146081249999997e-05,1.29064657480316e-13,0.0,0.0,0.0
phi-nl,transfer,validation,4,134,3.0,1.0986122886681098,128,1.1222374999999972e-05,1.214078582677161e-13,0.0,0.0,0.0
phi-nl,transfer,validation,4,134,4.0,1.3862943611198906,128,1.077787499999997e-05,7.301188976377763e-14,0.0,0.0,0.0
phi-nl,transfer,validation,4,134,5.0,1.6094379124341003,128,1.097124999999997e-05,1.1882374803149466e-13,0.0,0.0,0.0
phi-nl,transfer,validation,4,134,6.0,1.791759469228055,128,1.0500249999999971e-05,6.871074015748101e-14,0.0,0.0,0.0
phi-nl,transfer,validation,4,134,7.0,1.9459101490553132,128,1.0621499999999968e-05,7.508233070866077e-14,0.0,0.0,0.0
phi-nl,transfer,validation,4,134,8.0,2.0794415416798357,128,1.0443687499999972e-05,1.1329199606299036e-13,0.0,0.0,0.0
phi-nl,transfer,validation,4,134,9.0,2.1972245773362196,128,1.0325187499999971e-05,6.331725590551113e-14,0.0,0.0,0.0
phi-nl,transfer,validation,4,134,10.0,2.302585092994046,128,1.0225812499999968e-05,7.759542913385845e-14,0.0,0.0,0.0
phi-nl,transfer,validation,4,134,11.0,2.3978952727983707,128,1.0058687499999973e-05,7.741407480314857e-14,0.0,0.0,0.0
phi-nl,transfer,validation,4,134,12.0,2.4849066497880004,128,9.899124999999973e-06,6.972697637795344e-14,0.0,0.0,0.0
phi-nl,transfer,validation,4,134,13.0,2.5649493574615367,128,9.716687499999972e-06,7.723391732283332e-14,0.0,0.0,0.0
phi-nl,transfer,validation,4,134,14.0,2.6390573296152584,128,9.545624999999972e-06,4.4147259842519875e-14,0.0,0.0,0.0
phi-nl,transfer,validation,4,134,15.0,2.70805020110221,128,9.410124999999971e-06,6.728918110236456e-14,0.0,0.0,0.0
phi-nl,transfer,validation,4,134,16.0,2.772588722239781,128,9.24912499999997e-06,7.151948031496042e-14,0.0,0.0,0.0
phi-nl,transfer,validation,4,134,17.0,2.833213344056216,128,9.090437499999969e-06,5.6661224409448385e-14,0.0,0.0,0.0
phi-nl,transfer,validation,4,134,18.0,2.8903717578961645,128,8.99724999999997e-06,4.00856062992121e-14,0.0,0.0,0.0
phi-nl,transfer,validation,4,134,19.0,2.9444389791664403,128,8.98349999999997e-06,4.383218897637774e-14,0.0,0.0,0.0
phi-nl,transfer,validation,4,134,20.0,2.995732273553991,128,8.802124999999973e-06,4.397201574803153e-14,0.0,0.0,0.0
phi-nl,transfer,validation,4,134,21.0,3.044522437723423,128,8.696687499999973e-06,6.25033346456704e-14,0.0,0.0,0.0
phi-nl,transfer,validation,4,134,22.0,3.091042453358316,128,8.603874999999972e-06,3.4810944881888526e-14,0.0,0.0,0.0
phi-nl,transfer,validation,4,134,23.0,3.1354942159291497,128,8.465624999999972e-06,3.898190551181154e-14,0.0,0.0,0.0
phi-nl,transfer,validation,4,134,24.0,3.1780538303479458,128,8.527499999999972e-06,6.417612598425291e-14,0.0,0.0,0.0
phi-nl,transfer,validation,4,134,25.0,3.2188758248682006,128,8.330374999999972e-06,5.2620456692913155e-14,0.0,0.0,0.0
phi-nl,transfer,validation,4,134,26.0,3.258096538021482,128,8.333999999999968e-06,3.154847244094494e-14,0.0,0.0,0.0
phi-nl,transfer,validation,4,134,27.0,3.295836866004329,128,8.316624999999969e-06,2.199444094488219e-14,0.0,0.0,0.0
phi-nl,transfer,validation,4,134,28.0,3.332204510175204,128,8.07693749999997e-06,3.193864173228394e-14,0.0,0.0,0.0
phi-nl,transfer,validation,4,134,29.0,3.367295829986474,128,7.987874999999973e-06,2.85570866141736e-14,0.0,0.0,0.0
phi-nl,transfer,validation,4,134,30.0,3.4011973816621555,128,7.933374999999969e-06,2.6271354330708595e-14,0.0,0.0,0.0
phi-nl,transfer,validation,4,134,31.0,3.4339872044851463,128,7.840999999999971e-06,2.6938456692912953e-14,0.0,0.0,0.0
phi-nl,transfer,validation,5,141,1.0,0.0,128,1.068731249999997e-05,5.6227303149606307e-14,0.0,0.0,0.0
phi-nl,transfer,validation,5,141,2.0,0.6931471805599453,128,1.061193749999997e-05,1.0643048425196866e-13,0.0,0.0,0.0
phi-nl,transfer,validation,5,141,3.0,1.0986122886681098,128,1.0370187499999973e-05,8.483246850393458e-14,0.0,0.0,0.0
phi-nl,transfer,validation,5,141,4.0,1.3862943611198906,128,1.031856249999997e-05,5.557158661417144e-14,0.0,0.0,0.0
phi-nl,transfer,validation,5,141,5.0,1.6094379124341003,128,1.0108937499999973e-05,8.264377559054883e-14,0.0,0.0,0.0
phi-nl,transfer,validation,5,141,6.0,1.791759469228055,128,9.71562499999997e-06,5.470222047244077e-14,0.0,0.0,0.0
phi-nl,transfer,validation,5,141,7.0,1.9459101490553132,128,9.934749999999975e-06,5.845914960629768e-14,0.0,0.0,0.0
phi-nl,transfer,validation,5,141,8.0,2.0794415416798357,128,9.71774999999997e-06,5.5640629921260004e-14,0.0,0.0,0.0
phi-nl,transfer,validation,5,141,9.0,2.1972245773362196,128,9.433062499999971e-06,5.2653728346456034e-14,0.0,0.0,0.0
phi-nl,transfer,validation,5,141,10.0,2.302585092994046,128,9.215812499999971e-06,4.808109842519605e-14,0.0,0.0,0.0
phi-nl,transfer,validation,5,141,11.0,2.3978952727983707,128,9.284374999999972e-06,5.158486614173038e-14,0.0,0.0,0.0
phi-nl,transfer,validation,5,141,12.0,2.4849066497880004,128,9.42406249999997e-06,5.666317716535284e-14,0.0,0.0,0.0
phi-nl,transfer,validation,5,141,13.0,2.5649493574615367,128,9.175374999999971e-06,5.838373228346376e-14,0.0,0.0,0.0
phi-nl,transfer,validation,5,141,14.0,2.6390573296152584,128,8.991687499999971e-06,2.713237401574797e-14,0.0,0.0,0.0
phi-nl,transfer,validation,5,141,15.0,2.70805020110221,128,8.938562499999973e-06,4.893221653543218e-14,0.0,0.0,0.0
phi-nl,transfer,validation,5,141,16.0,2.772588722239781,128,8.715062499999973e-06,3.2825570866140875e-14,0.0,0.0,0.0
phi-nl,transfer,validation,5,141,17.0,2.833213344056216,128,8.59237499999997e-06,3.0608992125984324e-14,0.0,0.0,0.0
phi-nl,transfer,validation,5,141,18.0,2.8903717578961645,128,8.371374999999967e-06,1.9130062992124818e-14,0.0,0.0,0.0
phi-nl,transfer,validation,5,141,19.0,2.9444389791664403,128,8.446687499999974e-06,2.7625602362204615e-14,0.0,0.0,0.0
phi-nl,transfer,validation,5,141,20.0,2.995732273553991,128,8.33599999999997e-06,4.2727811023619595e-14,0.0,0.0,0.0
phi-nl,transfer,validation,5,141,21.0,3.044522437723423,128,8.30781249999997e-06,2.5827744094488113e-14,0.0,0.0,0.0
phi-nl,transfer,validation,5,141,22.0,3.091042453358316,128,8.028124999999973e-06,3.5287669291338e-14,0.0,0.0,0.0
phi-nl,transfer,validation,5,141,23.0,3.1354942159291497,128,8.07849999999997e-06,2.5987779527557922e-14,0.0,0.0,0.0
phi-nl,transfer,validation,5,141,24.0,3.1780538303479458,128,8.08893749999997e-06,3.884106692913402e-14,0.0,0.0,0.0
phi-nl,transfer,validation,5,141,25.0,3.2188758248682006,128,7.952749999999967e-06,2.6291842519685958e-14,0.0,0.0,0.0
phi-nl,transfer,validation,5,141,26.0,3.258096538021482,128,7.84949999999997e-06,3.0946519685038983e-14,0.0,0.0,0.0
phi-nl,transfer,validation,5,141,27.0,3.295836866004329,128,7.734874999999974e-06,2.5271165354329482e-14,0.0,0.0,0.0
phi-nl,transfer,validation,5,141,28.0,3.332204510175204,128,7.59999999999997e-06,2.044472440944832e-14,0.0,0.0,0.0
phi-nl,transfer,validation,5,141,29.0,3.367295829986474,128,7.4764374999999705e-06,2.3194011811024698e-14,0.0,0.0,0.0
phi-nl,transfer,validation,5,141,30.0,3.4011973816621555,128,7.471999999999972e-06,1.8043968503936908e-14,0.0,0.0,0.0
phi-nl,transfer,validation,5,141,31.0,3.4339872044851463,128,7.4616874999999695e-06,1.1795303149606099e-14,0.0,0.0,0.0
phi-nl,transfer,validation,6,130,1.0,0.0,128,1.0897124999999969e-05,6.743053543306926e-14,0.0,0.0,0.0
phi-nl,transfer,validation,6,130,2.0,0.6931471805599453,128,1.081281249999997e-05,4.9491996062991275e-14,0.0,0.0,0.0
phi-nl,transfer,validation,6,130,3.0,1.0986122886681098,128,1.0803374999999973e-05,6.917201574803149e-14,0.0,0.0,0.0
phi-nl,transfer,validation,6,130,4.0,1.3862943611198906,128,1.042081249999997e-05,3.1745350393699546e-14,0.0,0.0,0.0
phi-nl,transfer,validation,6,130,5.0,1.6094379124341003,128,1.0361124999999971e-05,6.590864566929128e-14,0.0,0.0,0.0
phi-nl,transfer,validation,6,130,6.0,1.791759469228055,128,1.0225249999999971e-05,3.266261417322707e-14,0.0,0.0,0.0
phi-nl,transfer,validation,6,130,7.0,1.9459101490553132,128,1.0079749999999972e-05,4.449152755905567e-14,0.0,0.0,0.0
phi-nl,transfer,validation,6,130,8.0,2.0794415416798357,128,9.95062499999997e-06,4.772092913386009e-14,0.0,0.0,0.0
phi-nl,transfer,validation,6,130,9.0,2.1972245773362196,128,9.909062499999972e-06,2.1736688976378308e-14,0.0,0.0,0.0
phi-nl,transfer,validation,6,130,10.0,2.302585092994046,128,9.722562499999971e-06,5.088043700787408e-14,0.0,0.0,0.0
phi-nl,transfer,validation,6,130,11.0,2.3978952727983707,128,9.64437499999997e-06,3.376363779527543e-14,0.0,0.0,0.0
phi-nl,transfer,validation,6,130,12.0,2.4849066497880004,128,9.442312499999968e-06,3.233879921259852e-14,0.0,0.0,0.0
phi-nl,transfer,validation,6,130,13.0,2.5649493574615367,128,9.33512499999997e-06,3.4730566929134895e-14,0.0,0.0,0.0
phi-nl,transfer,validation,6,130,14.0,2.6390573296152584,127,9.21354330708658e-06,2.3089281839769352e-14,0.0078125,0.0,0.0
phi-nl,transfer,validation,6,130,15.0,2.70805020110221,127,9.114015748031464e-06,3.427044419447592e-14,0.0078125,0.0,0.0
phi-nl,transfer,validation,6,130,16.0,2.772588722239781,128,8.973624999999973e-06,4.227462992126172e-14,0.0,0.0,0.0
phi-nl,transfer,validation,6,130,17.0,2.833213344056216,128,8.91043749999997e-06,2.580465748031469e-14,0.0,0.0,0.0
phi-nl,transfer,validation,6,130,18.0,2.8903717578961645,128,8.775937499999969e-06,2.620824803149535e-14,0.0,0.0,0.0
phi-nl,transfer,validation,6,130,19.0,2.9444389791664403,128,8.74231249999997e-06,1.708613779527429e-14,0.0,0.0,0.0
phi-nl,transfer,validation,6,130,20.0,2.995732273553991,128,8.58624999999997e-06,1.8847181102362114e-14,0.0,0.0,0.0
phi-nl,transfer,validation,6,130,21.0,3.044522437723423,127,8.486173228346428e-06,2.7182922134734216e-14,0.0078125,0.0,0.0
phi-nl,transfer,validation,6,130,22.0,3.091042453358316,128,8.38074999999997e-06,1.49462047244095e-14,0.0,0.0,0.0
phi-nl,transfer,validation,6,130,23.0,3.1354942159291497,128,8.318812499999973e-06,2.427977559055226e-14,0.0,0.0,0.0
phi-nl,transfer,validation,6,130,24.0,3.1780538303479458,127,8.298771653543276e-06,2.902286014248305e-14,0.0078125,0.0,0.0
phi-nl,transfer,validation,6,130,25.0,3.2188758248682006,128,8.217874999999973e-06,1.8834629921259154e-14,0.0,0.0,0.0
phi-nl,transfer,validation,6,130,26.0,3.258096538021482,128,8.071374999999971e-06,1.622335433071044e-14,0.0,0.0,0.0
phi-nl,transfer,validation,6,130,27.0,3.295836866004329,128,8.00393749999997e-06,1.9847051181102732e-14,0.0,0.0,0.0
phi-nl,transfer,validation,6,130,28.0,3.332204510175204,128,7.916812499999972e-06,1.232865748031459e-14,0.0,0.0,0.0
phi-nl,transfer,validation,6,130,29.0,3.367295829986474,128,7.92606249999997e-06,1.8881255905512126e-14,0.0,0.0,0.0
phi-nl,transfer,validation,6,130,30.0,3.4011973816621555,128,7.85256249999997e-06,1.250638976378033e-14,0.0,0.0,0.0
phi-nl,transfer,validation,6,130,31.0,3.4339872044851463,128,7.789687499999973e-06,1.328998031496052e-14,0.0,0.0,0.0
phi-nl,transfer,validation,7,128,1.0,0.0,128,1.1072187499999974e-05,1.1195712992125757e-13,0.0,0.0,0.0
phi-nl,transfer,validation,7,128,2.0,0.6931471805599453,128,1.0980812499999972e-05,1.4899032677165206e-13,0.0,0.0,0.0
phi-nl,transfer,validation,7,128,3.0,1.0986122886681098,128,1.073912499999997e-05,1.2245995275590288e-13,0.0,0.0,0.0
phi-nl,transfer,validation,7,128,4.0,1.3862943611198906,128,1.0499937499999973e-05,5.930632677165327e-14,0.0,0.0,0.0
phi-nl,transfer,validation,7,128,5.0,1.6094379124341003,128,1.0254499999999968e-05,1.4078664566928907e-13,0.0,0.0,0.0
phi-nl,transfer,validation,7,128,6.0,1.791759469228055,128,1.0204812499999971e-05,1.5888059448819018e-13,0.0,0.0,0.0
phi-nl,transfer,validation,7,128,7.0,1.9459101490553132,128,1.0176312499999972e-05,7.505174409448614e-14,0.0,0.0,0.0
phi-nl,transfer,validation,7,128,8.0,2.0794415416798357,128,1.0067312499999975e-05,6.007083070866157e-14,0.0,0.0,0.0
phi-nl,transfer,validation,7,128,9.0,2.1972245773362196,128,9.83737499999997e-06,9.626518110235919e-14,0.0,0.0,0.0
phi-nl,transfer,validation,7,128,10.0,2.302585092994046,128,9.862312499999974e-06,9.968746062992255e-14,0.0,0.0,0.0
phi-nl,transfer,validation,7,128,11.0,2.3978952727983707,128,9.75737499999997e-06,4.80333700787379e-14,0.0,0.0,0.0
phi-nl,transfer,validation,7,128,12.0,2.4849066497880004,128,9.49518749999997e-06,4.3133822834645447e-14,0.0,0.0,0.0
phi-nl,transfer,validation,7,128,13.0,2.5649493574615367,128,9.50412499999997e-06,7.228168503936802e-14,0.0,0.0,0.0
phi-nl,transfer,validation,7,128,14.0,2.6390573296152584,128,9.176874999999971e-06,4.806675590551149e-14,0.0,0.0,0.0
phi-nl,transfer,validation,7,128,15.0,2.70805020110221,128,9.012937499999972e-06,5.4171334645668645e-14,0.0,0.0,0.0
phi-nl,transfer,validation,7,128,16.0,2.772588722239781,128,9.046312499999969e-06,5.902276771653503e-14,0.0,0.0,0.0
phi-nl,transfer,validation,7,128,17.0,2.833213344056216,128,8.948687499999973e-06,8.618887795275522e-14,0.0,0.0,0.0
phi-nl,transfer,validation,7,128,18.0,2.8903717578961645,128,8.942187499999971e-06,5.1027870078740104e-14,0.0,0.0,0.0
phi-nl,transfer,validation,7,128,19.0,2.9444389791664403,128,8.706624999999974e-06,3.8835511811022433e-14,0.0,0.0,0.0
phi-nl,transfer,validation,7,128,20.0,2.995732273553991,128,8.609249999999974e-06,5.842588976377896e-14,0.0,0.0,0.0
phi-nl,transfer,validation,7,128,21.0,3.044522437723423,128,8.49756249999997e-06,4.338701968503948e-14,0.0,0.0,0.0
phi-nl,transfer,validation,7,128,22.0,3.091042453358316,128,8.44118749999997e-06,3.3359712598425217e-14,0.0,0.0,0.0
phi-nl,transfer,validation,7,128,23.0,3.1354942159291497,128,8.250312499999973e-06,3.8740814960629333e-14,0.0,0.0,0.0
phi-nl,transfer,validation,7,128,24.0,3.1780538303479458,128,8.12737499999997e-06,4.1979574803150384e-14,0.0,0.0,0.0
phi-nl,transfer,validation,7,128,25.0,3.2188758248682006,128,8.25012499999997e-06,3.3441748031494806e-14,0.0,0.0,0.0
phi-nl,transfer,validation,7,128,26.0,3.258096538021482,127,8.049196850393669e-06,3.4956270466192984e-14,0.0078125,0.0,0.0
phi-nl,transfer,validation,7,128,27.0,3.295836866004329,128,7.88556249999997e-06,2.8577822834645115e-14,0.0,0.0,0.0
phi-nl,transfer,validation,7,128,28.0,3.332204510175204,128,7.782999999999971e-06,3.581177952755875e-14,0.0,0.0,0.0
phi-nl,transfer,validation,7,128,29.0,3.367295829986474,128,7.81087499999997e-06,2.2906692913384747e-14,0.0,0.0,0.0
phi-nl,transfer,validation,7,128,30.0,3.4011973816621555,128,7.737437499999972e-06,3.4758988188976686e-14,0.0,0.0,0.0
phi-nl,transfer,validation,7,128,31.0,3.4339872044851463,128,7.5018124999999745e-06,4.394805905511699e-14,0.0,0.0,0.0
phi-nl,transfer,validation,8,273,1.0,0.0,128,1.154793749999997e-05,7.125769685039244e-14,0.0,0.0,0.0
phi-nl,transfer,validation,8,273,2.0,0.6931471805599453,128,1.125593749999997e-05,9.318449999999865e-14,0.0,0.0,0.0
phi-nl,transfer,validation,8,273,3.0,1.0986122886681098,128,1.1302499999999972e-05,5.386456692913196e-14,0.0,0.0,0.0
phi-nl,transfer,validation,8,273,4.0,1.3862943611198906,128,1.1213249999999974e-05,7.842311811023608e-14,0.0,0.0,0.0
phi-nl,transfer,validation,8,273,5.0,1.6094379124341003,128,1.093318749999997e-05,8.29516496062997e-14,0.0,0.0,0.0
phi-nl,transfer,validation,8,273,6.0,1.791759469228055,128,1.054581249999997e-05,5.758610629921182e-14,0.0,0.0,0.0
phi-nl,transfer,validation,8,273,7.0,1.9459101490553132,128,1.0226562499999975e-05,5.722601181102491e-14,0.0,0.0,0.0
phi-nl,transfer,validation,8,273,8.0,2.0794415416798357,128,1.0017999999999969e-05,4.875792125984287e-14,0.0,0.0,0.0
phi-nl,transfer,validation,8,273,9.0,2.1972245773362196,128,1.0240999999999969e-05,3.270248818897688e-14,0.0,0.0,0.0
phi-nl,transfer,validation,8,273,10.0,2.302585092994046,127,1.0107149606299181e-05,4.464777902762051e-14,0.0078125,0.0,0.0
phi-nl,transfer,validation,8,273,11.0,2.3978952727983707,128,9.78387499999997e-06,4.7771196850394196e-14,0.0,0.0,0.0
phi-nl,transfer,validation,8,273,12.0,2.4849066497880004,128,9.695562499999974e-06,3.3231933070866316e-14,0.0,0.0,0.0
phi-nl,transfer,validation,8,273,13.0,2.5649493574615367,128,9.663374999999973e-06,2.3428645669291496e-14,0.0,0.0,0.0
phi-nl,transfer,validation,8,273,14.0,2.6390573296152584,128,9.50712499999997e-06,5.537384251968384e-14,0.0,0.0,0.0
phi-nl,transfer,validation,8,273,15.0,2.70805020110221,128,9.475874999999971e-06,2.253604724409334e-14,0.0,0.0,0.0
phi-nl,transfer,validation,8,273,16.0,2.772588722239781,128,9.208249999999969e-06,3.1192629921258584e-14,0.0,0.0,0.0
phi-nl,transfer,validation,8,273,17.0,2.833213344056216,128,9.053812499999968e-06,3.3322043307085225e-14,0.0,0.0,0.0
phi-nl,transfer,validation,8,273,18.0,2.8903717578961645,128,9.034499999999969e-06,3.16379212598441e-14,0.0,0.0,0.0
phi-nl,transfer,validation,8,273,19.0,2.9444389791664403,128,8.76574999999997e-06,4.008711811023527e-14,0.0,0.0,0.0
phi-nl,transfer,validation,8,273,20.0,2.995732273553991,128,8.616562499999973e-06,2.5241381889763983e-14,0.0,0.0,0.0
phi-nl,transfer,validation,8,273,21.0,3.044522437723423,128,8.607749999999972e-06,2.5085921259842495e-14,0.0,0.0,0.0
phi-nl,transfer,validation,8,273,22.0,3.091042453358316,128,8.382437499999968e-06,2.096182283464593e-14,0.0,0.0,0.0
phi-nl,transfer,validation,8,273,23.0,3.1354942159291497,128,8.295062499999972e-06,2.4494988188975552e-14,0.0,0.0,0.0
phi-nl,transfer,validation,8,273,24.0,3.1780538303479458,128,8.111499999999973e-06,2.4606992125983508e-14,0.0,0.0,0.0
phi-nl,transfer,validation,8,273,25.0,3.2188758248682006,128,8.096749999999973e-06,2.154979527559016e-14,0.0,0.0,0.0
phi-nl,transfer,validation,8,273,26.0,3.258096538021482,128,8.185562499999972e-06,3.033706692913388e-14,0.0,0.0,0.0
phi-nl,transfer,validation,8,273,27.0,3.295836866004329,128,8.093999999999972e-06,2.6028346456691942e-14,0.0,0.0,0.0
phi-nl,transfer,validation,8,273,28.0,3.332204510175204,128,7.98093749999997e-06,1.941076771653491e-14,0.0,0.0,0.0
phi-nl,transfer,validation,8,273,29.0,3.367295829986474,128,7.951124999999975e-06,2.0498377952755518e-14,0.0,0.0,0.0
phi-nl,transfer,validation,8,273,30.0,3.4011973816621555,128,7.890062499999973e-06,2.4674011811022723e-14,0.0,0.0,0.0
phi-nl,transfer,validation,8,273,31.0,3.4339872044851463,128,7.80287499999997e-06,1.416741732283387e-14,0.0,0.0,0.0
phi-nl,transfer,validation,9,261,1.0,0.0,128,1.056168749999997e-05,1.03753224409447e-13,0.0,0.0,0.0
phi-nl,transfer,validation,9,261,2.0,0.6931471805599453,128,1.0551312499999972e-05,9.664708267716323e-14,0.0,0.0,0.0
phi-nl,transfer,validation,9,261,3.0,1.0986122886681098,128,1.023649999999997e-05,5.542173228346322e-14,0.0,0.0,0.0
phi-nl,transfer,validation,9,261,4.0,1.3862943611198906,128,9.91437499999997e-06,9.224804724409379e-14,0.0,0.0,0.0
phi-nl,transfer,validation,9,261,5.0,1.6094379124341003,128,9.80643749999997e-06,8.975023228346221e-14,0.0,0.0,0.0
phi-nl,transfer,validation,9,261,6.0,1.791759469228055,128,9.650749999999969e-06,6.963748031495767e-14,0.0,0.0,0.0
phi-nl,transfer,validation,9,261,7.0,1.9459101490553132,128,9.588374999999969e-06,9.988924409448852e-14,0.0,0.0,0.0
phi-nl,transfer,validation,9,261,8.0,2.0794415416798357,128,9.52312499999997e-06,5.360300787401511e-14,0.0,0.0,0.0
phi-nl,transfer,validation,9,261,9.0,2.1972245773362196,128,9.390374999999972e-06,5.144729133858202e-14,0.0,0.0,0.0
phi-nl,transfer,validation,9,261,10.0,2.302585092994046,128,9.13449999999997e-06,6.698305511811031e-14,0.0,0.0,0.0
phi-nl,transfer,validation,9,261,11.0,2.3978952727983707,128,9.216499999999972e-06,3.6098771653541964e-14,0.0,0.0,0.0
phi-nl,transfer,validation,9,261,12.0,2.4849066497880004,128,9.034562499999972e-06,4.373259448818733e-14,0.0,0.0,0.0
phi-nl,transfer,validation,9,261,13.0,2.5649493574615367,128,9.03256249999997e-06,4.189952362204587e-14,0.0,0.0,0.0
phi-nl,transfer,validation,9,261,14.0,2.6390573296152584,128,9.39181249999997e-06,5.1022074803150047e-14,0.0,0.0,0.0
phi-nl,transfer,validation,9,261,15.0,2.70805020110221,128,9.322937499999972e-06,6.463079921259945e-14,0.0,0.0,0.0
phi-nl,transfer,validation,9,261,16.0,2.772588722239781,128,9.136624999999971e-06,2.7440992125983367e-14,0.0,0.0,0.0
phi-nl,transfer,validation,9,261,17.0,2.833213344056216,128,8.989249999999972e-06,3.949196850393637e-14,0.0,0.0,0.0
phi-nl,transfer,validation,9,261,18.0,2.8903717578961645,128,8.71812499999997e-06,2.3503102362203217e-14,0.0,0.0,0.0
phi-nl,transfer,validation,9,261,19.0,2.9444389791664403,127,8.662551181102336e-06,3.7511535058117324e-14,0.0078125,0.0,0.0
phi-nl,transfer,validation,9,261,20.0,2.995732273553991,128,8.57137499999997e-06,3.160048818897627e-14,0.0,0.0,0.0
phi-nl,transfer,validation,9,261,21.0,3.044522437723423,128,8.52349999999997e-06,2.819804724409438e-14,0.0,0.0,0.0
phi-nl,transfer,validation,9,261,22.0,3.091042453358316,128,8.284999999999974e-06,4.648012598425146e-14,0.0,0.0,0.0
phi-nl,transfer,validation,9,261,23.0,3.1354942159291497,127,7.992314960629892e-06,3.627113810773613e-14,0.0078125,0.0,0.0
phi-nl,transfer,validation,9,261,24.0,3.1780538303479458,128,7.842124999999969e-06,1.667777952755828e-14,0.0,0.0,0.0
phi-nl,transfer,validation,9,261,25.0,3.2188758248682006,128,7.774499999999974e-06,2.129411023621876e-14,0.0,0.0,0.0
phi-nl,transfer,validation,9,261,26.0,3.258096538021482,128,7.795999999999972e-06,2.2279055118109943e-14,0.0,0.0,0.0
phi-nl,transfer,validation,9,261,27.0,3.295836866004329,128,7.633812499999975e-06,1.9351397637795088e-14,0.0,0.0,0.0
phi-nl,transfer,validation,9,261,28.0,3.332204510175204,128,7.579312499999969e-06,2.9592720472440976e-14,0.0,0.0,0.0
phi-nl,transfer,validation,9,261,29.0,3.367295829986474,128,7.592249999999973e-06,1.9264440944882222e-14,0.0,0.0,0.0
phi-nl,transfer,validation,9,261,30.0,3.4011973816621555,128,7.449374999999973e-06,1.8069275590550778e-14,0.0,0.0,0.0
phi-nl,transfer,validation,9,261,31.0,3.4339872044851463,128,7.441312499999973e-06,1.6472468503937292e-14,0.0,0.0,0.0
phi-nl,transfer,validation,10,262,1.0,0.0,128,1.1600374999999973e-05,1.0402354330708616e-13,0.0,0.0,0.0
phi-nl,transfer,validation,10,262,2.0,0.6931471805599453,128,1.1568312499999973e-05,1.7210799606298934e-13,0.0,0.0,0.0
phi-nl,transfer,validation,10,262,3.0,1.0986122886681098,128,1.121243749999997e-05,1.170311141732263e-13,0.0,0.0,0.0
phi-nl,transfer,validation,10,262,4.0,1.3862943611198906,128,1.090749999999997e-05,2.5890141732283097e-13,0.0,0.0,0.0
phi-nl,transfer,validation,10,262,5.0,1.6094379124341003,128,1.0907437499999974e-05,1.1661171259842563e-13,0.0,0.0,0.0
phi-nl,transfer,validation,10,262,6.0,1.791759469228055,128,1.073843749999997e-05,1.1388831102362025e-13,0.0,0.0,0.0
phi-nl,transfer,validation,10,262,7.0,1.9459101490553132,128,1.0483312499999969e-05,1.1497375984251917e-13,0.0,0.0,0.0
phi-nl,transfer,validation,10,262,8.0,2.0794415416798357,128,1.055249999999997e-05,4.178519685039362e-14,0.0,0.0,0.0
phi-nl,transfer,validation,10,262,9.0,2.1972245773362196,128,1.033062499999997e-05,1.254018110236213e-13,0.0,0.0,0.0
phi-nl,transfer,validation,10,262,10.0,2.302585092994046,128,1.0361812499999973e-05,6.999001181102384e-14,0.0,0.0,0.0
phi-nl,transfer,validation,10,262,11.0,2.3978952727983707,128,1.0015874999999973e-05,9.375444094488313e-14,0.0,0.0,0.0
phi-nl,transfer,validation,10,262,12.0,2.4849066497880004,128,9.80018749999997e-06,1.1090692519684836e-13,0.0,0.0,0.0
phi-nl,transfer,validation,10,262,13.0,2.5649493574615367,128,9.961687499999975e-06,1.1290270472440729e-13,0.0,0.0,0.0
phi-nl,transfer,validation,10,262,14.0,2.6390573296152584,128,9.71931249999997e-06,8.024292519685027e-14,0.0,0.0,0.0
phi-nl,transfer,validation,10,262,15.0,2.70805020110221,128,9.56556249999997e-06,8.538966535433102e-14,0.0,0.0,0.0
phi-nl,transfer,validation,10,262,16.0,2.772588722239781,128,9.51212499999997e-06,5.950688188976355e-14,0.0,0.0,0.0
phi-nl,transfer,validation,10,262,17.0,2.833213344056216,128,9.352687499999973e-06,7.036676771653632e-14,0.0,0.0,0.0
phi-nl,transfer,validation,10,262,18.0,2.8903717578961645,127,9.24251968503934e-06,9.119563254593107e-14,0.0078125,0.0,0.0
phi-nl,transfer,validation,10,262,19.0,2.9444389791664403,128,9.26462499999997e-06,6.796962204724342e-14,0.0,0.0,0.0
phi-nl,transfer,validation,10,262,20.0,2.995732273553991,127,9.003023622047217e-06,4.1229134358203924e-14,0.0078125,0.0,0.0
phi-nl,transfer,validation,10,262,21.0,3.044522437723423,127,8.658519685039343e-06,3.886191826021677e-14,0.0078125,0.0,0.0
phi-nl,transfer,validation,10,262,22.0,3.091042453358316,128,8.630937499999971e-06,4.37128779527548e-14,0.0,0.0,0.0
phi-nl,transfer,validation,10,262,23.0,3.1354942159291497,128,8.694999999999968e-06,3.696478740157589e-14,0.0,0.0,0.0
phi-nl,transfer,validation,10,262,24.0,3.1780538303479458,127,8.686614173228318e-06,4.35668261467301e-14,0.0078125,0.0,0.0
phi-nl,transfer,validation,10,262,25.0,3.2188758248682006,128,8.586499999999971e-06,4.5168629921260605e-14,0.0,0.0,0.0
phi-nl,transfer,validation,10,262,26.0,3.258096538021482,128,8.424437499999972e-06,3.935980708661438e-14,0.0,0.0,0.0
phi-nl,transfer,validation,10,262,27.0,3.295836866004329,128,8.19137499999997e-06,3.5111921259841325e-14,0.0,0.0,0.0
phi-nl,transfer,validation,10,262,28.0,3.332204510175204,128,8.10368749999997e-06,2.994535039370062e-14,0.0,0.0,0.0
phi-nl,transfer,validation,10,262,29.0,3.367295829986474,128,8.013937499999973e-06,3.9293224409448574e-14,0.0,0.0,0.0
phi-nl,transfer,validation,10,262,30.0,3.4011973816621555,128,7.919562499999968e-06,3.404629527559083e-14,0.0,0.0,0.0
phi-nl,transfer,validation,10,262,31.0,3.4339872044851463,128,7.81081249999997e-06,3.6541066929132155e-14,0.0,0.0,0.0
phi-nl,transfer,validation,11,274,1.0,0.0,128,1.1073499999999976e-05,1.0587388976377791e-13,0.0,0.0,0.0
phi-nl,transfer,validation,11,274,2.0,0.6931471805599453,128,1.0863999999999971e-05,7.245908661417036e-14,0.0,0.0,0.0
phi-nl,transfer,validation,11,274,3.0,1.0986122886681098,128,1.0825187499999968e-05,7.235335039369927e-14,0.0,0.0,0.0
phi-nl,transfer,validation,11,274,4.0,1.3862943611198906,128,1.0554999999999971e-05,4.4216440944881875e-14,0.0,0.0,0.0
phi-nl,transfer,validation,11,274,5.0,1.6094379124341003,128,1.0223937499999971e-05,4.9990043307084506e-14,0.0,0.0,0.0
phi-nl,transfer,validation,11,274,6.0,1.791759469228055,128,1.0460999999999973e-05,7.039798425196839e-14,0.0,0.0,0.0
phi-nl,transfer,validation,11,274,7.0,1.9459101490553132,128,1.0424062499999973e-05,7.444711417322824e-14,0.0,0.0,0.0
phi-nl,transfer,validation,11,274,8.0,2.0794415416798357,128,1.028331249999997e-05,4.2632594488189655e-14,0.0,0.0,0.0
phi-nl,transfer,validation,11,274,9.0,2.1972245773362196,128,1.031681249999997e-05,4.995964960629764e-14,0.0,0.0,0.0
phi-nl,transfer,validation,11,274,10.0,2.302585092994046,128,1.0048187499999968e-05,5.1650988188976046e-14,0.0,0.0,0.0
phi-nl,transfer,validation,11,274,11.0,2.3978952727983707,128,9.59106249999997e-06,6.180849999999968e-14,0.0,0.0,0.0
phi-nl,transfer,validation,11,274,12.0,2.4849066497880004,128,9.626687499999973e-06,5.2174893700786304e-14,0.0,0.0,0.0
phi-nl,transfer,validation,11,274,13.0,2.5649493574615367,128,9.501437499999969e-06,3.735476771653491e-14,0.0,0.0,0.0
phi-nl,transfer,validation,11,274,14.0,2.6390573296152584,128,9.324499999999971e-06,4.1087748031495985e-14,0.0,0.0,0.0
phi-nl,transfer,validation,11,274,15.0,2.70805020110221,128,9.125999999999973e-06,1.6656125984251467e-14,0.0,0.0,0.0
phi-nl,transfer,validation,11,274,16.0,2.772588722239781,128,9.047124999999971e-06,2.340105511810915e-14,0.0,0.0,0.0
phi-nl,transfer,validation,11,274,17.0,2.833213344056216,128,8.869187499999972e-06,4.334824803149392e-14,0.0,0.0,0.0
phi-nl,transfer,validation,11,274,18.0,2.8903717578961645,128,8.915874999999968e-06,1.5718787401574228e-14,0.0,0.0,0.0
phi-nl,transfer,validation,11,274,19.0,2.9444389791664403,128,8.803999999999967e-06,2.109681889763654e-14,0.0,0.0,0.0
phi-nl,transfer,validation,11,274,20.0,2.995732273553991,128,8.743999999999969e-06,3.7190551181100545e-14,0.0,0.0,0.0
phi-nl,transfer,validation,11,274,21.0,3.044522437723423,128,8.58356249999997e-06,3.286506692913347e-14,0.0,0.0,0.0
phi-nl,transfer,validation,11,274,22.0,3.091042453358316,128,8.28518749999997e-06,1.924494094488075e-14,0.0,0.0,0.0
phi-nl,transfer,validation,11,274,23.0,3.1354942159291497,128,8.146812499999972e-06,1.7814767716534728e-14,0.0,0.0,0.0
phi-nl,transfer,validation,11,274,24.0,3.1780538303479458,128,8.34749999999997e-06,2.485593700787403e-14,0.0,0.0,0.0
phi-nl,transfer,validation,11,274,25.0,3.2188758248682006,128,8.20112499999997e-06,2.8057937007873865e-14,0.0,0.0,0.0
phi-nl,transfer,validation,11,274,26.0,3.258096538021482,128,8.159374999999973e-06,1.827538582677167e-14,0.0,0.0,0.0
phi-nl,transfer,validation,11,274,27.0,3.295836866004329,128,7.930624999999968e-06,2.8119795275589078e-14,0.0,0.0,0.0
phi-nl,transfer,validation,11,274,28.0,3.332204510175204,128,7.92693749999997e-06,2.735407480314929e-14,0.0,0.0,0.0
phi-nl,transfer,validation,11,274,29.0,3.367295829986474,128,7.905749999999971e-06,1.3738267716535412e-14,0.0,0.0,0.0
phi-nl,transfer,validation,11,274,30.0,3.4011973816621555,128,7.81243749999997e-06,1.5915145669291093e-14,0.0,0.0,0.0
phi-nl,transfer,validation,11,274,31.0,3.4339872044851463,128,7.699624999999976e-06,1.4646283464566406e-14,0.0,0.0,0.0
phi-nl,transfer,validation,12,390,1.0,0.0,128,9.133062499999971e-06,1.3177637401574536e-13,0.0,0.0,0.0
phi-nl,transfer,validation,12,390,2.0,0.6931471805599453,128,9.436249999999967e-06,3.5955842519684616e-14,0.0,0.0,0.0
phi-nl,transfer,validation,12,390,3.0,1.0986122886681098,128,9.01931249999997e-06,4.1144972440943935e-14,0.0,0.0,0.0
phi-nl,transfer,validation,12,390,4.0,1.3862943611198906,128,8.972749999999973e-06,4.637272440944852e-14,0.0,0.0,0.0
phi-nl,transfer,validation,12,390,5.0,1.6094379124341003,128,9.01962499999997e-06,8.286222047243957e-14,0.0,0.0,0.0
phi-nl,transfer,validation,12,390,6.0,1.791759469228055,128,8.840874999999971e-06,3.5046031496061846e-14,0.0,0.0,0.0
phi-nl,transfer,validation,12,390,7.0,1.9459101490553132,128,8.77199999999997e-06,5.6811842519685884e-14,0.0,0.0,0.0
phi-nl,transfer,validation,12,390,8.0,2.0794415416798357,128,8.645687499999971e-06,3.1180751968502384e-14,0.0,0.0,0.0
phi-nl,transfer,validation,12,390,9.0,2.1972245773362196,128,8.52893749999997e-06,2.3934610236219717e-14,0.0,0.0,0.0
phi-nl,transfer,validation,12,390,10.0,2.302585092994046,128,8.322312499999969e-06,2.0452940944881132e-14,0.0,0.0,0.0
phi-nl,transfer,validation,12,390,11.0,2.3978952727983707,128,8.255437499999968e-06,3.830544488188903e-14,0.0,0.0,0.0
phi-nl,transfer,validation,12,390,12.0,2.4849066497880004,128,8.205687499999969e-06,2.509319291338525e-14,0.0,0.0,0.0
phi-nl,transfer,validation,12,390,13.0,2.5649493574615367,128,8.103937499999971e-06,2.0438169291338693e-14,0.0,0.0,0.0
phi-nl,transfer,validation,12,390,14.0,2.6390573296152584,128,8.007124999999971e-06,2.6715952755905217e-14,0.0,0.0,0.0
phi-nl,transfer,validation,12,390,15.0,2.70805020110221,128,7.772374999999968e-06,2.395903937007905e-14,0.0,0.0,0.0
phi-nl,transfer,validation,12,390,16.0,2.772588722239781,128,7.61606249999997e-06,2.192679921259848e-14,0.0,0.0,0.0
phi-nl,transfer,validation,12,390,17.0,2.833213344056216,128,7.591374999999973e-06,1.941327559055155e-14,0.0,0.0,0.0
phi-nl,transfer,validation,12,390,18.0,2.8903717578961645,128,7.640562499999971e-06,1.864686220472454e-14,0.0,0.0,0.0
phi-nl,transfer,validation,12,390,19.0,2.9444389791664403,128,7.602312499999972e-06,1.6792342519684855e-14,0.0,0.0,0.0
phi-nl,transfer,validation,12,390,20.0,2.995732273553991,128,7.55243749999997e-06,2.3127996062991824e-14,0.0,0.0,0.0
phi-nl,transfer,validation,12,390,21.0,3.044522437723423,128,7.4982499999999676e-06,1.5357921259843906e-14,0.0,0.0,0.0
phi-nl,transfer,validation,12,390,22.0,3.091042453358316,128,7.3127499999999665e-06,3.1602330708661515e-14,0.0,0.0,0.0
phi-nl,transfer,validation,12,390,23.0,3.1354942159291497,128,7.439437499999969e-06,2.8482704724409046e-14,0.0,0.0,0.0
phi-nl,transfer,validation,12,390,24.0,3.1780538303479458,128,7.2433749999999686e-06,1.5332393700787303e-14,0.0,0.0,0.0
phi-nl,transfer,validation,12,390,25.0,3.2188758248682006,128,7.14562499999997e-06,3.2800614173227727e-14,0.0,0.0,0.0
phi-nl,transfer,validation,12,390,26.0,3.258096538021482,128,7.1126249999999716e-06,1.5216488188976166e-14,0.0,0.0,0.0
phi-nl,transfer,validation,12,390,27.0,3.295836866004329,128,7.148562499999972e-06,1.0762767716535504e-14,0.0,0.0,0.0
phi-nl,transfer,validation,12,390,28.0,3.332204510175204,128,6.973687499999971e-06,2.3139933070866416e-14,0.0,0.0,0.0
phi-nl,transfer,validation,12,390,29.0,3.367295829986474,128,6.957437499999973e-06,2.3208248031496025e-14,0.0,0.0,0.0
phi-nl,transfer,validation,12,390,30.0,3.4011973816621555,128,6.988687499999972e-06,2.059946062992175e-14,0.0,0.0,0.0
phi-nl,transfer,validation,12,390,31.0,3.4339872044851463,128,6.85618749999997e-06,9.020940944881678e-15,0.0,0.0,0.0
phi-nl,transfer,validation,13,386,1.0,0.0,128,1.018474999999997e-05,4.62205354330705e-14,0.0,0.0,0.0
phi-nl,transfer,validation,13,386,2.0,0.6931471805599453,128,9.915437499999969e-06,3.174872047243943e-14,0.0,0.0,0.0
phi-nl,transfer,validation,13,386,3.0,1.0986122886681098,128,9.835062499999972e-06,3.153649999999964e-14,0.0,0.0,0.0
phi-nl,transfer,validation,13,386,4.0,1.3862943611198906,128,9.727499999999967e-06,3.117228346456651e-14,0.0,0.0,0.0
phi-nl,transfer,validation,13,386,5.0,1.6094379124341003,128,9.629874999999972e-06,2.0868519685038863e-14,0.0,0.0,0.0
phi-nl,transfer,validation,13,386,6.0,1.791759469228055,128,9.585812499999974e-06,2.4360531496062324e-14,0.0,0.0,0.0
phi-nl,transfer,validation,13,386,7.0,1.9459101490553132,128,9.49331249999997e-06,3.761716141732271e-14,0.0,0.0,0.0
phi-nl,transfer,validation,13,386,8.0,2.0794415416798357,128,9.33981249999997e-06,2.0419492125983907e-14,0.0,0.0,0.0
phi-nl,transfer,validation,13,386,9.0,2.1972245773362196,128,9.161812499999968e-06,3.3840594488186853e-14,0.0,0.0,0.0
phi-nl,transfer,validation,13,386,10.0,2.302585092994046,127,9.110110236220443e-06,2.13663052118481e-14,0.0078125,0.0,0.0
phi-nl,transfer,validation,13,386,11.0,2.3978952727983707,128,8.991687499999973e-06,1.5777665354331312e-14,0.0,0.0,0.0
phi-nl,transfer,validation,13,386,12.0,2.4849066497880004,128,9.000874999999972e-06,2.397655118110247e-14,0.0,0.0,0.0
phi-nl,transfer,validation,13,386,13.0,2.5649493574615367,127,8.824377952755878e-06,2.3989697287838546e-14,0.0078125,0.0,0.0
phi-nl,transfer,validation,13,386,14.0,2.6390573296152584,128,8.634812499999975e-06,1.770087795275554e-14,0.0,0.0,0.0
phi-nl,transfer,validation,13,386,15.0,2.70805020110221,128,8.543187499999972e-06,2.56351141732291e-14,0.0,0.0,0.0
phi-nl,transfer,validation,13,386,16.0,2.772588722239781,128,8.409812499999966e-06,1.3103586614171935e-14,0.0,0.0,0.0
phi-nl,transfer,validation,13,386,17.0,2.833213344056216,128,8.427624999999972e-06,1.7450188976378108e-14,0.0,0.0,0.0
phi-nl,transfer,validation,13,386,18.0,2.8903717578961645,128,8.28981249999997e-06,1.9296972440943758e-14,0.0,0.0,0.0
phi-nl,transfer,validation,13,386,19.0,2.9444389791664403,128,8.189187499999971e-06,1.674440551180954e-14,0.0,0.0,0.0
phi-nl,transfer,validation,13,386,20.0,2.995732273553991,128,8.129999999999971e-06,1.175080314960627e-14,0.0,0.0,0.0
phi-nl,transfer,validation,13,386,21.0,3.044522437723423,127,8.092409448818871e-06,6.617100862392037e-15,0.0078125,0.0,0.0
phi-nl,transfer,validation,13,386,22.0,3.091042453358316,128,8.017624999999967e-06,1.216439370078761e-14,0.0,0.0,0.0
phi-nl,transfer,validation,13,386,23.0,3.1354942159291497,128,7.953687499999968e-06,1.1727271653542508e-14,0.0,0.0,0.0
phi-nl,transfer,validation,13,386,24.0,3.1780538303479458,128,7.789249999999975e-06,1.0832062992126367e-14,0.0,0.0,0.0
phi-nl,transfer,validation,13,386,25.0,3.2188758248682006,128,7.79212499999997e-06,1.0571574803148803e-14,0.0,0.0,0.0
phi-nl,transfer,validation,13,386,26.0,3.258096538021482,128,7.64412499999997e-06,1.583066141732232e-14,0.0,0.0,0.0
phi-nl,transfer,validation,13,386,27.0,3.295836866004329,128,7.574812499999974e-06,1.2114736220472274e-14,0.0,0.0,0.0
phi-nl,transfer,validation,13,386,28.0,3.332204510175204,128,7.51118749999997e-06,8.679649606299169e-15,0.0,0.0,0.0
phi-nl,transfer,validation,13,386,29.0,3.367295829986474,128,7.418374999999968e-06,1.2607858267716587e-14,0.0,0.0,0.0
phi-nl,transfer,validation,13,386,30.0,3.4011973816621555,128,7.3638749999999685e-06,7.537874015748161e-15,0.0,0.0,0.0
phi-nl,transfer,validation,13,386,31.0,3.4339872044851463,128,7.32518749999997e-06,1.4025161417322144e-14,0.0,0.0,0.0
phi-nl,transfer,validation,14,388,1.0,0.0,128,9.657437499999969e-06,3.672535039370003e-14,0.0,0.0,0.0
phi-nl,transfer,validation,14,388,2.0,0.6931471805599453,128,9.537999999999969e-06,2.6651212598422832e-14,0.0,0.0,0.0
phi-nl,transfer,validation,14,388,3.0,1.0986122886681098,128,9.407499999999967e-06,1.922192125984144e-14,0.0,0.0,0.0
phi-nl,transfer,validation,14,388,4.0,1.3862943611198906,128,9.283687499999974e-06,3.547605905511728e-14,0.0,0.0,0.0
phi-nl,transfer,validation,14,388,5.0,1.6094379124341003,128,9.14218749999997e-06,2.4986421259841452e-14,0.0,0.0,0.0
phi-nl,transfer,validation,14,388,6.0,1.791759469228055,128,8.91649999999997e-06,2.0769007874015557e-14,0.0,0.0,0.0
phi-nl,transfer,validation,14,388,7.0,1.9459101490553132,128,8.823999999999972e-06,2.9041889763778835e-14,0.0,0.0,0.0
phi-nl,transfer,validation,14,388,8.0,2.0794415416798357,128,8.740187499999972e-06,1.848034251968439e-14,0.0,0.0,0.0
phi-nl,transfer,validation,14,388,9.0,2.1972245773362196,128,8.559437499999974e-06,2.105870472440881e-14,0.0,0.0,0.0
phi-nl,transfer,validation,14,388,10.0,2.302585092994046,128,8.530874999999968e-06,2.9386314960630107e-14,0.0,0.0,0.0
phi-nl,transfer,validation,14,388,11.0,2.3978952727983707,128,8.489187499999972e-06,1.6864846456693217e-14,0.0,0.0,0.0
phi-nl,transfer,validation,14,388,12.0,2.4849066497880004,128,8.338187499999973e-06,2.0437381889762943e-14,0.0,0.0,0.0
phi-nl,transfer,validation,14,388,13.0,2.5649493574615367,128,8.28987499999997e-06,2.2718976377950727e-14,0.0,0.0,0.0
phi-nl,transfer,validation,14,388,14.0,2.6390573296152584,128,8.222312499999971e-06,1.5275996062991377e-14,0.0,0.0,0.0
phi-nl,transfer,validation,14,388,15.0,2.70805020110221,128,8.113312499999973e-06,1.7524688976376654e-14,0.0,0.0,0.0
phi-nl,transfer,validation,14,388,16.0,2.772588722239781,128,8.053374999999971e-06,2.8500771653541995e-14,0.0,0.0,0.0
phi-nl,transfer,validation,14,388,17.0,2.833213344056216,128,7.968687499999969e-06,1.2072342519684566e-14,0.0,0.0,0.0
phi-nl,transfer,validation,14,388,18.0,2.8903717578961645,128,7.885249999999968e-06,1.3590614173227306e-14,0.0,0.0,0.0
phi-nl,transfer,validation,14,388,19.0,2.9444389791664403,128,7.81012499999997e-06,1.7861023622044946e-14,0.0,0.0,0.0
phi-nl,transfer,validation,14,388,20.0,2.995732273553991,128,7.772499999999968e-06,1.1859401574801618e-14,0.0,0.0,0.0
phi-nl,transfer,validation,14,388,21.0,3.044522437723423,128,7.648374999999972e-06,1.1440236220471133e-14,0.0,0.0,0.0
phi-nl,transfer,validation,14,388,22.0,3.091042453358316,128,7.623562499999974e-06,1.2761003937007778e-14,0.0,0.0,0.0
phi-nl,transfer,validation,14,388,23.0,3.1354942159291497,128,7.561437499999967e-06,1.1337003937008058e-14,0.0,0.0,0.0
phi-nl,transfer,validation,14,388,24.0,3.1780538303479458,128,7.48887499999997e-06,1.2358787401574911e-14,0.0,0.0,0.0
phi-nl,transfer,validation,14,388,25.0,3.2188758248682006,128,7.417374999999971e-06,1.3875511811022967e-14,0.0,0.0,0.0
phi-nl,transfer,validation,14,388,26.0,3.258096538021482,128,7.384499999999972e-06,1.3009385826771615e-14,0.0,0.0,0.0
phi-nl,transfer,validation,14,388,27.0,3.295836866004329,128,7.411812499999969e-06,1.0818484251968754e-14,0.0,0.0,0.0
phi-nl,transfer,validation,14,388,28.0,3.332204510175204,128,7.32362499999997e-06,1.6369748031494794e-14,0.0,0.0,0.0
phi-nl,transfer,validation,14,388,29.0,3.367295829986474,128,7.270124999999969e-06,6.670598425196429e-15,0.0,0.0,0.0
phi-nl,transfer,validation,14,388,30.0,3.4011973816621555,128,7.194374999999973e-06,1.2063606299211662e-14,0.0,0.0,0.0
phi-nl,transfer,validation,14,388,31.0,3.4339872044851463,128,7.099937499999972e-06,1.0036405511810593e-14,0.0,0.0,0.0
phi-nl,transfer,validation,15,392,1.0,0.0,128,1.0726124999999972e-05,6.412143307086495e-14,0.0,0.0,0.0
phi-nl,transfer,validation,15,392,2.0,0.6931471805599453,128,1.0275187499999968e-05,4.9333759842518796e-14,0.0,0.0,0.0
phi-nl,transfer,validation,15,392,3.0,1.0986122886681098,128,9.945999999999969e-06,6.491817322834648e-14,0.0,0.0,0.0
phi-nl,transfer,validation,15,392,4.0,1.3862943611198906,128,9.985062499999969e-06,8.637517716535232e-14,0.0,0.0,0.0
phi-nl,transfer,validation,15,392,5.0,1.6094379124341003,128,9.82156249999997e-06,5.835646850393723e-14,0.0,0.0,0.0
phi-nl,transfer,validation,15,392,6.0,1.791759469228055,128,9.78781249999997e-06,3.4069129921257854e-14,0.0,0.0,0.0
phi-nl,transfer,validation,15,392,7.0,1.9459101490553132,128,9.80668749999997e-06,6.947958661417214e-14,0.0,0.0,0.0
phi-nl,transfer,validation,15,392,8.0,2.0794415416798357,128,9.400812499999967e-06,3.571083070866011e-14,0.0,0.0,0.0
phi-nl,transfer,validation,15,392,9.0,2.1972245773362196,128,9.35362499999997e-06,3.031015748031465e-14,0.0,0.0,0.0
phi-nl,transfer,validation,15,392,10.0,2.302585092994046,128,9.201999999999967e-06,3.176516535432901e-14,0.0,0.0,0.0
phi-nl,transfer,validation,15,392,11.0,2.3978952727983707,128,9.133124999999967e-06,4.345724409448783e-14,0.0,0.0,0.0
phi-nl,transfer,validation,15,392,12.0,2.4849066497880004,128,9.060124999999971e-06,3.3358598425195734e-14,0.0,0.0,0.0
phi-nl,transfer,validation,15,392,13.0,2.5649493574615367,128,8.906749999999972e-06,4.78240629921252e-14,0.0,0.0,0.0
phi-nl,transfer,validation,15,392,14.0,2.6390573296152584,128,8.92643749999997e-06,3.337278346456542e-14,0.0,0.0,0.0
phi-nl,transfer,validation,15,392,15.0,2.70805020110221,128,8.73956249999997e-06,1.562588582677035e-14,0.0,0.0,0.0
phi-nl,transfer,validation,15,392,16.0,2.772588722239781,128,8.698687499999972e-06,2.710604330708612e-14,0.0,0.0,0.0
phi-nl,transfer,validation,15,392,17.0,2.833213344056216,128,8.552249999999972e-06,1.9376314960630265e-14,0.0,0.0,0.0
phi-nl,transfer,validation,15,392,18.0,2.8903717578961645,128,8.495624999999972e-06,2.6391039370078923e-14,0.0,0.0,0.0
phi-nl,transfer,validation,15,392,19.0,2.9444389791664403,128,8.51074999999997e-06,1.773096062992104e-14,0.0,0.0,0.0
phi-nl,transfer,validation,15,392,20.0,2.995732273553991,128,8.289062499999969e-06,2.8281318897636594e-14,0.0,0.0,0.0
phi-nl,transfer,validation,15,392,21.0,3.044522437723423,128,8.22568749999997e-06,2.1796940944881936e-14,0.0,0.0,0.0
phi-nl,transfer,validation,15,392,22.0,3.091042453358316,128,8.243437499999972e-06,2.0420216535432608e-14,0.0,0.0,0.0
phi-nl,transfer,validation,15,392,23.0,3.1354942159291497,128,8.111437499999974e-06,2.515470472440864e-14,0.0,0.0,0.0
phi-nl,transfer,validation,15,392,24.0,3.1780538303479458,128,8.10743749999997e-06,2.0507901574804046e-14,0.0,0.0,0.0
phi-nl,transfer,validation,15,392,25.0,3.2188758248682006,128,7.96812499999997e-06,2.7395007874016274e-14,0.0,0.0,0.0
phi-nl,transfer,validation,15,392,26.0,3.258096538021482,128,7.931937499999972e-06,1.5913318897637918e-14,0.0,0.0,0.0
phi-nl,transfer,validation,15,392,27.0,3.295836866004329,128,7.804937499999973e-06,1.4474200787401148e-14,0.0,0.0,0.0
phi-nl,transfer,validation,15,392,28.0,3.332204510175204,128,7.73118749999997e-06,1.3550200787400825e-14,0.0,0.0,0.0
phi-nl,transfer,validation,15,392,29.0,3.367295829986474,128,7.6219999999999695e-06,1.3991307086614223e-14,0.0,0.0,0.0
phi-nl,transfer,validation,15,392,30.0,3.4011973816621555,128,7.503999999999972e-06,1.3828031496062873e-14,0.0,0.0,0.0
phi-nl,transfer,validation,15,392,31.0,3.4339872044851463,128,7.501499999999971e-06,2.041222047244168e-14,0.0,0.0,0.0
psi-int,transfer,calibration,0,7,0.0,-0.0,128,-0.0078125,0.7007258858267716,0.0,0.0,0.0
psi-int,transfer,calibration,0,7,0.0,-0.0,128,0.0703125,0.727300688976378,0.0,0.0,0.0
psi-int,transfer,calibration,0,7,0.0,0.0,128,0.0234375,0.8892101377952756,0.0,0.0,0.0
psi-int,transfer,calibration,0,7,0.0,0.0,128,0.046875,0.7221948818897638,0.0,0.0,0.0
psi-int,transfer,calibration,0,7,1.0,-2.0,128,-7.46875,19.6998031496063,0.0,0.0,0.0
psi-int,transfer,calibration,0,7,1.0,-1.0,128,-7.5546875,20.091473917322833,0.0,0.0,0.0
psi-int,transfer,calibration,0,7,1.0,1.0,128,-6.84375,16.951771653543307,0.0,0.0,0.0
psi-int,transfer,calibration,0,7,1.0,2.0,128,-8.078125,15.269438976377952,0.0,0.0,0.0
psi-int,transfer,calibration,0,7,2.0,-4.0,128,-11.5078125,17.370017224409448,0.0,0.0,0.0
psi-int,transfer,calibration,0,7,2.0,-2.0,128,-10.1328125,16.399544783464567,0.0,0.0,0.0
psi-int,transfer,calibration,0,7,2.0,2.0,128,-5.0625,19.366141732283463,0.0,0.0,0.0
psi-int,transfer,calibration,0,7,2.0,4.0,128,-3.65625,19.912401574803148,0.0,0.0,0.0
psi-int,transfer,calibration,0,7,3.0,-6.0,128,-14.8828125,16.1830093503937,0.0,0.0,0.0
psi-int,transfer,calibration,0,7,3.0,-3.0,128,-10.9140625,17.84295029527559,0.0,0.0,0.0
psi-int,transfer,calibration,0,7,3.0,3.0,128,-0.3203125,18.518639271653544,0.0,0.0,0.0
psi-int,transfer,calibration,0,7,3.0,6.0,128,3.6484375,16.56046998031496,0.0,0.0,0.0
psi-int,transfer,calibration,0,7,4.0,-8.0,128,-17.7109375,17.34098179133858,0.0,0.0,0.0
psi-int,transfer,calibration,0,7,4.0,-4.0,128,-12.21875,16.39271653543307,0.0,0.0,0.0
psi-int,transfer,calibration,0,7,4.0,4.0,128,1.5078125,19.22828494094488,0.0,0.0,0.0
psi-int,transfer,calibration,0,7,4.0,8.0,128,7.6875,15.586614173228346,0.0,0.0,0.0
psi-int,transfer,calibration,0,7,5.0,-10.0,128,-20.4609375,17.951218011811022,0.0,0.0,0.0
psi-int,transfer,calibration,0,7,5.0,-5.0,128,-13.390625,15.720226377952756,0.0,0.0,0.0
psi-int,transfer,calibration,0,7,5.0,5.0,128,2.6015625,20.63527312992126,0.0,0.0,0.0
psi-int,transfer,calibration,0,7,5.0,10.0,128,10.2109375,16.43546998031496,0.0,0.0,0.0
psi-int,transfer,calibration,0,7,6.0,-12.0,128,-22.984375,15.417076771653543,0.0,0.0,0.0
psi-int,transfer,calibration,0,7,6.0,-6.0,128,-14.5546875,15.571788877952756,0.0,0.0,0.0
psi-int,transfer,calibration,0,7,6.0,6.0,128,4.0234375,20.511257381889763,0.0,0.0,0.0
psi-int,transfer,calibration,0,7,6.0,12.0,128,13.28125,16.676181102362204,0.0,0.0,0.0
psi-int,transfer,calibration,0,7,7.0,-14.0,128,-24.9296875,18.569820374015748,0.0,0.0,0.0
psi-int,transfer,calibration,0,7,7.0,-7.0,128,-15.234375,15.960383858267717,0.0,0.0,0.0
psi-int,transfer,calibration,0,7,7.0,7.0,128,5.21875,18.5501968503937,0.0,0.0,0.0
psi-int,transfer,calibration,0,7,7.0,14.0,128,15.625,16.976377952755904,0.0,0.0,0.0
psi-int,transfer,calibration,0,7,8.0,-16.0,128,-27.84375,17.266732283464567,0.0,0.0,0.0
psi-int,transfer,calibration,0,7,8.0,-8.0,128,-16.515625,16.519438976377952,0.0,0.0,0.0
psi-int,transfer,calibration,0,7,8.0,8.0,128,6.2421875,18.846395177165356,0.0,0.0,0.0
psi-int,transfer,calibration,0,7,8.0,16.0,128,17.890625,13.814714566929133,0.0,0.0,0.0
psi-int,transfer,calibration,0,7,9.0,-18.0,128,-29.6171875,16.364111712598426,0.0,0.0,0.0
psi-int,transfer,calibration,0,7,9.0,-9.0,128,-17.609375,16.287155511811022,0.0,0.0,0.0
psi-int,transfer,calibration,0,7,9.0,9.0,128,7.234375,22.086368110236222,0.0,0.0,0.0
psi-int,transfer,calibration,0,7,9.0,18.0,128,20.3828125,15.450725885826772,0.0,0.0,0.0
psi-int,transfer,calibration,0,7,10.0,-20.0,128,-31.84375,16.22736220472441,0.0,0.0,0.0
psi-int,transfer,calibration,0,7,10.0,-10.0,128,-18.6015625,16.556532972440944,0.0,0.0,0.0
psi-int,transfer,calibration,0,7,10.0,10.0,128,8.125,22.80314960629921,0.0,0.0,0.0
psi-int,transfer,calibration,0,7,10.0,20.0,128,22.5,15.84251968503937,0.0,0.0,0.0
psi-int,transfer,calibration,0,7,11.0,-22.0,128,-33.5625,16.799212598425196,0.0,0.0,0.0
psi-int,transfer,calibration,0,7,11.0,-11.0,128,-19.8671875,16.383796751968504,0.0,0.0,0.0
psi-int,transfer,calibration,0,7,11.0,11.0,128,9.4609375,20.581139271653544,0.0,0.0,0.0
psi-int,transfer,calibration,0,7,11.0,22.0,128,24.5234375,15.322281003937007,0.0,0.0,0.0
psi-int,transfer,calibration,0,7,12.0,-24.0,128,-35.875,14.236220472440944,0.0,0.0,0.0
psi-int,transfer,calibration,0,7,12.0,-12.0,128,-20.8203125,16.60525344488189,0.0,0.0,0.0
psi-int,transfer,calibration,0,7,12.0,12.0,128,9.984375,24.07849409448819,0.0,0.0,0.0
psi-int,transfer,calibration,0,7,12.0,24.0,128,26.234375,12.968257874015748,0.0,0.0,0.0
psi-int,transfer,calibration,0,7,13.0,-26.0,128,-37.8125,14.515748031496063,0.0,0.0,0.0
psi-int,transfer,calibration,0,7,13.0,-13.0,128,-21.625,17.385826771653544,0.0,0.0,0.0
psi-int,transfer,calibration,0,7,13.0,13.0,128,10.90625,19.802165354330707,0.0,0.0,0.0
psi-int,transfer,calibration,0,7,13.0,26.0,128,28.203125,15.218257874015748,0.0,0.0,0.0
psi-int,transfer,calibration,0,7,14.0,-28.0,128,-39.2890625,16.348855807086615,0.0,0.0,0.0
psi-int,transfer,calibration,0,7,14.0,-14.0,128,-22.6796875,17.40052903543307,0.0,0.0,0.0
psi-int,transfer,calibration,0,7,14.0,14.0,128,12.1875,23.334645669291337,0.0,0.0,0.0
psi-int,transfer,calibration,0,7,14.0,28.0,128,29.859375,15.507627952755906,0.0,0.0,0.0
psi-int,transfer,calibration,0,7,15.0,-30.0,128,-41.4453125,13.682025098425196,0.0,0.0,0.0
psi-int,transfer,calibration,0,7,15.0,-15.0,128,-23.7421875,14.696788877952756,0.0,0.0,0.0
psi-int,transfer,calibration,0,7,15.0,15.0,128,12.7421875,23.121985728346456,0.0,0.0,0.0
psi-int,transfer,calibration,0,7,15.0,30.0,128,32.0859375,14.00043061023622,0.0,0.0,0.0
psi-int,transfer,calibration,0,7,16.0,-32.0,128,-43.078125,18.056840551181104,0.0,0.0,0.0
psi-int,transfer,calibration,0,7,16.0,-16.0,128,-24.9375,14.5,0.0,0.0,0.0
psi-int,transfer,calibration,0,7,16.0,16.0,128,13.6953125,25.378875492125985,0.0,0.0,0.0
psi-int,transfer,calibration,0,7,16.0,32.0,128,33.9609375,12.935469980314961,0.0,0.0,0.0
psi-int,transfer,calibration,0,7,17.0,-34.0,128,-44.3046875,21.205647145669293,0.0,0.0,0.0
psi-int,transfer,calibration,0,7,17.0,-17.0,128,-25.65625,19.07775590551181,0.0,0.0,0.0
psi-int,transfer,calibration,0,7,17.0,17.0,128,14.203125,27.186761811023622,0.0,0.0,0.0
psi-int,transfer,calibration,0,7,17.0,34.0,128,35.03125,14.125,0.0,0.0,0.0
psi-int,transfer,calibration,0,7,18.0,-36.0,128,-45.90625,18.2746062992126,0.0,0.0,0.0
psi-int,transfer,calibration,0,7,18.0,-18.0,128,-26.4921875,17.606237696850393,0.0,0.0,0.0
psi-int,transfer,calibration,0,7,18.0,18.0,128,14.984375,27.842273622047244,0.0,0.0,0.0
psi-int,transfer,calibration,0,7,18.0,36.0,128,37.1328125,15.958599901574804,0.0,0.0,0.0
psi-int,transfer,calibration,0,7,19.0,-38.0,128,-47.765625,19.487942913385826,0.0,0.0,0.0
psi-int,transfer,calibration,0,7,19.0,-19.0,128,-27.609375,16.759596456692915,0.0,0.0,0.0
psi-int,transfer,calibration,0,7,19.0,19.0,128,16.15625,27.34547244094488,0.0,0.0,0.0
psi-int,transfer,calibration,0,7,19.0,38.0,128,38.921875,15.899360236220472,0.0,0.0,0.0
psi-int,transfer,calibration,0,7,20.0,-40.0,128,-49.34375,15.125,0.0,0.0,0.0
psi-int,transfer,calibration,0,7,20.0,-20.0,128,-28.296875,15.7064468503937,0.0,0.0,0.0
psi-int,transfer,calibration,0,7,20.0,20.0,128,16.8515625,23.954170767716537,0.0,0.0,0.0
psi-int,transfer,calibration,0,7,20.0,40.0,128,40.34375,14.117125984251969,0.0,0.0,0.0
psi-int,transfer,calibration,0,7,21.0,-42.0,128,-51.6015625,18.225824311023622,0.0,0.0,0.0
psi-int,transfer,calibration,0,7,21.0,-21.0,128,-29.484375,16.66117125984252,0.0,0.0,0.0
psi-int,transfer,calibration,0,7,21.0,21.0,128,17.7109375,27.136257381889763,0.0,0.0,0.0
psi-int,transfer,calibration,0,7,21.0,42.0,128,42.265625,14.275344488188976,0.0,0.0,0.0
psi-int,transfer,calibration,0,7,22.0,-44.0,128,-52.9609375,18.66775344488189,0.0,0.0,0.0
psi-int,transfer,calibration,0,7,22.0,-22.0,128,-30.265625,16.007627952755904,0.0,0.0,0.0
psi-int,transfer,calibration,0,7,22.0,22.0,128,18.7109375,25.79767470472441,0.0,0.0,0.0
psi-int,transfer,calibration,0,7,22.0,44.0,128,44.265625,18.81077755905512,0.0,0.0,0.0
psi-int,transfer,calibration,0,7,23.0,-46.0,128,-54.5,13.37007874015748,0.0,0.0,0.0
psi-int,transfer,calibration,0,7,23.0,-23.0,128,-31.1171875,15.001906988188976,0.0,0.0,0.0
psi-int,transfer,calibration,0,7,23.0,23.0,128,19.234375,23.976131889763778,0.0,0.0,0.0
psi-int,transfer,calibration,0,7,23.0,46.0,128,46.09375,20.22736220472441,0.0,0.0,0.0
psi-int,transfer,calibration,0,7,24.0,-48.0,128,-56.0625,16.216535433070867,0.0,0.0,0.0
psi-int,transfer,calibration,0,7,24.0,-24.0,128,-31.96875,15.22736220472441,0.0,0.0,0.0
psi-int,transfer,calibration,0,7,24.0,24.0,128,20.40625,26.936023622047244,0.0,0.0,0.0
psi-int,transfer,calibration,0,7,24.0,48.0,128,48.203125,18.02140748031496,0.0,0.0,0.0
psi-int,transfer,calibration,0,7,25.0,-50.0,128,-57.8125,13.523622047244094,0.0,0.0,0.0
psi-int,transfer,calibration,0,7,25.0,-25.0,128,-33.0625,16.940944881889763,0.0,0.0,0.0
psi-int,transfer,calibration,0,7,25.0,25.0,128,20.90625,21.991141732283463,0.0,0.0,0.0
psi-int,transfer,calibration,0,7,25.0,50.0,128,50.09375,19.518700787401574,0.0,0.0,0.0
psi-int,transfer,calibration,0,7,26.0,-52.0,128,-59.796875,15.312746062992126,0.0,0.0,0.0
psi-int,transfer,calibration,0,7,26.0,-26.0,128,-33.65625,14.668307086614174,0.0,0.0,0.0
psi-int,transfer,calibration,0,7,26.0,26.0,128,21.78125,27.117125984251967,0.0,0.0,0.0
psi-int,transfer,calibration,0,7,26.0,52.0,128,51.890625,22.696604330708663,0.0,0.0,0.0
psi-int,transfer,calibration,0,7,27.0,-54.0,128,-61.0859375,14.898068405511811,0.0,0.0,0.0
psi-int,transfer,calibration,0,7,27.0,-27.0,128,-34.4453125,17.256828248031496,0.0,0.0,0.0
psi-int,transfer,calibration,0,7,27.0,27.0,128,22.9765625,24.02306840551181,0.0,0.0,0.0
psi-int,transfer,calibration,0,7,27.0,54.0,128,53.9375,19.19291338582677,0.0,0.0,0.0
psi-int,transfer,calibration,0,7,28.0,-56.0,128,-63.25,14.692913385826772,0.0,0.0,0.0
psi-int,transfer,calibration,0,7,28.0,-28.0,128,-35.2578125,13.641670767716535,0.0,0.0,0.0
psi-int,transfer,calibration,0,7,28.0,28.0,128,23.578125,24.844242125984252,0.0,0.0,0.0
psi-int,transfer,calibration,0,7,28.0,56.0,128,55.28125,20.187992125984252,0.0,0.0,0.0
psi-int,transfer,calibration,0,7,29.0,-58.0,128,-64.34375,14.794291338582678,0.0,0.0,0.0
psi-int,transfer,calibration,0,7,29.0,-29.0,128,-35.921875,15.631643700787402,0.0,0.0,0.0
psi-int,transfer,calibration,0,7,29.0,29.0,128,24.6171875,25.1830093503937,0.0,0.0,0.0
psi-int,transfer,calibration,0,7,29.0,58.0,128,56.8828125,18.749938484251967,0.0,0.0,0.0
psi-int,transfer,calibration,0,7,30.0,-60.0,128,-66.4140625,15.362635334645669,0.0,0.0,0.0
psi-int,transfer,calibration,0,7,30.0,-30.0,128,-37.078125,14.51353346456693,0.0,0.0,0.0
psi-int,transfer,calibration,0,7,30.0,30.0,128,25.375,27.35433070866142,0.0,0.0,0.0
psi-int,transfer,calibration,0,7,30.0,60.0,128,59.1953125,19.08753690944882,0.0,0.0,0.0
psi-int,transfer,calibration,0,7,31.0,-62.0,128,-67.546875,12.7064468503937,0.0,0.0,0.0
psi-int,transfer,calibration,0,7,31.0,-31.0,128,-37.765625,17.83439960629921,0.0,0.0,0.0
psi-int,transfer,calibration,0,7,31.0,31.0,128,26.2734375,24.247477854330707,0.0,0.0,0.0
psi-int,transfer,calibration,0,7,31.0,62.0,128,60.984375,17.81077755905512,0.0,0.0,0.0
psi-int,transfer,calibration,1,119,0.0,-0.0,128,0.0625,0.7834645669291339,0.0,0.0,0.0
psi-int,transfer,calibration,1,119,0.0,-0.0,128,-0.0234375,0.7947219488188977,0.0,0.0,0.0
psi-int,transfer,calibration,1,119,0.0,0.0,128,-0.1640625,0.7366510826771654,0.0,0.0,0.0
psi-int,transfer,calibration,1,119,0.0,0.0,128,-0.1796875,0.8099778543307087,0.0,0.0,0.0
psi-int,transfer,calibration,1,119,1.0,-2.0,128,3.328125,16.42691929133858,0.0,0.0,0.0
psi-int,transfer,calibration,1,119,1.0,-1.0,128,1.40625,20.43208661417323,0.0,0.0,0.0
psi-int,transfer,calibration,1,119,1.0,1.0,128,5.96875,22.565944881889763,0.0,0.0,0.0
psi-int,transfer,calibration,1,119,1.0,2.0,128,1.3125,17.728346456692915,0.0,0.0,0.0
psi-int,transfer,calibration,1,119,2.0,-4.0,128,3.34375,17.203740157480315,0.0,0.0,0.0
psi-int,transfer,calibration,1,119,2.0,-2.0,128,1.46875,19.353346456692915,0.0,0.0,0.0
psi-int,transfer,calibration,1,119,2.0,2.0,128,6.4375,20.23228346456693,0.0,0.0,0.0
psi-int,transfer,calibration,1,119,2.0,4.0,128,1.6953125,16.62296998031496,0.0,0.0,0.0
psi-int,transfer,calibration,1,119,3.0,-6.0,128,7.4453125,19.304072342519685,0.0,0.0,0.0
psi-int,transfer,calibration,1,119,3.0,-3.0,128,8.3203125,20.2824187992126,0.0,0.0,0.0
psi-int,transfer,calibration,1,119,3.0,3.0,128,16.9453125,19.815883366141733,0.0,0.0,0.0
psi-int,transfer,calibration,1,119,3.0,6.0,128,12.984375,23.13361220472441,0.0,0.0,0.0
psi-int,transfer,calibration,1,119,4.0,-8.0,128,-5.28125,21.731299212598426,0.0,0.0,0.0
psi-int,transfer,calibration,1,119,4.0,-4.0,128,-1.65625,19.361220472440944,0.0,0.0,0.0
psi-int,transfer,calibration,1,119,4.0,4.0,128,12.9140625,22.583107775590552,0.0,0.0,0.0
psi-int,transfer,calibration,1,119,4.0,8.0,128,12.796875,18.037155511811022,0.0,0.0,0.0
psi-int,transfer,calibration,1,119,5.0,-10.0,128,-8.3671875,16.958599901574804,0.0,0.0,0.0
psi-int,transfer,calibration,1,119,5.0,-5.0,128,-3.75,17.244094488188978,0.0,0.0,0.0
psi-int,transfer,calibration,1,119,5.0,5.0,128,13.8203125,20.9832062007874,0.0,0.0,0.0
psi-int,transfer,calibration,1,119,5.0,10.0,128,17.375,19.984251968503937,0.0,0.0,0.0
psi-int,transfer,calibration,1,119,6.0,-12.0,128,-11.8671875,21.21844242125984,0.0,0.0,0.0
psi-int,transfer,calibration,1,119,6.0,-6.0,128,-4.765625,18.747785433070867,0.0,0.0,0.0
psi-int,transfer,calibration,1,119,6.0,6.0,128,15.546875,21.887549212598426,0.0,0.0,0.0
psi-int,transfer,calibration,1,119,6.0,12.0,128,20.84375,19.676181102362204,0.0,0.0,0.0
psi-int,transfer,calibration,1,119,7.0,-14.0,128,-13.96875,23.43208661417323,0.0,0.0,0.0
psi-int,transfer,calibration,1,119,7.0,-7.0,128,-5.7109375,16.632320374015748,0.0,0.0,0.0
psi-int,transfer,calibration,1,119,7.0,7.0,128,17.1171875,23.096395177165356,0.0,0.0,0.0
psi-int,transfer,calibration,1,119,7.0,14.0,128,23.390625,18.586368110236222,0.0,0.0,0.0
psi-int,transfer,calibration,1,119,8.0,-16.0,128,-16.1953125,19.386749507874015,0.0,0.0,0.0
psi-int,transfer,calibration,1,119,8.0,-8.0,128,-6.8671875,15.31293061023622,0.0,0.0,0.0
psi-int,transfer,calibration,1,119,8.0,8.0,128,18.1171875,22.513718011811022,0.0,0.0,0.0
psi-int,transfer,calibration,1,119,8.0,16.0,128,25.6953125,21.72533218503937,0.0,0.0,0.0
psi-int,transfer,calibration,1,119,9.0,-18.0,128,-18.46875,17.6998031496063,0.0,0.0,0.0
psi-int,transfer,calibration,1,119,9.0,-9.0,128,-7.9375,17.728346456692915,0.0,0.0,0.0
psi-int,transfer,calibration,1,119,9.0,9.0,128,19.203125,22.69857283464567,0.0,0.0,0.0
psi-int,transfer,calibration,1,119,9.0,18.0,128,28.25,19.37007874015748,0.0,0.0,0.0
psi-int,transfer,calibration,1,119,10.0,-20.0,128,-20.6015625,17.753383366141733,0.0,0.0,0.0
psi-int,transfer,calibration,1,119,10.0,-10.0,128,-9.015625,20.61392716535433,0.0,0.0,0.0
psi-int,transfer,calibration,1,119,10.0,10.0,128,19.890625,20.27140748031496,0.0,0.0,0.0
psi-int,transfer,calibration,1,119,10.0,20.0,128,30.6796875,18.471395177165356,0.0,0.0,0.0
psi-int,transfer,calibration,1,119,11.0,-22.0,128,-22.7578125,19.444820374015748,0.0,0.0,0.0
psi-int,transfer,calibration,1,119,11.0,-11.0,128,-9.8359375,18.70515501968504,0.0,0.0,0.0
psi-int,transfer,calibration,1,119,11.0,11.0,128,21.2734375,20.247477854330707,0.0,0.0,0.0
psi-int,transfer,calibration,1,119,11.0,22.0,128,33.3359375,18.71302903543307,0.0,0.0,0.0
psi-int,transfer,calibration,1,119,12.0,-24.0,128,-24.53125,17.731299212598426,0.0,0.0,0.0
psi-int,transfer,calibration,1,119,12.0,-12.0,128,-11.1875,15.696850393700787,0.0,0.0,0.0
psi-int,transfer,calibration,1,119,12.0,12.0,128,22.0390625,22.903973917322833,0.0,0.0,0.0
psi-int,transfer,calibration,1,119,12.0,24.0,128,35.2421875,20.027497539370078,0.0,0.0,0.0
psi-int,transfer,calibration,1,119,13.0,-26.0,128,-26.25,18.409448818897637,0.0,0.0,0.0
psi-int,transfer,calibration,1,119,13.0,-13.0,128,-11.6953125,16.84344242125984,0.0,0.0,0.0
psi-int,transfer,calibration,1,119,13.0,13.0,128,22.921875,20.89148622047244,0.0,0.0,0.0
psi-int,transfer,calibration,1,119,13.0,26.0,128,37.546875,21.887549212598426,0.0,0.0,0.0
psi-int,transfer,calibration,1,119,14.0,-28.0,128,-28.25,17.543307086614174,0.0,0.0,0.0
psi-int,transfer,calibration,1,119,14.0,-14.0,128,-13.328125,20.537155511811022,0.0,0.0,0.0
psi-int,transfer,calibration,1,119,14.0,14.0,128,24.1640625,22.122477854330707,0.0,0.0,0.0
psi-int,transfer,calibration,1,119,14.0,28.0,128,39.4921875,22.141670767716537,0.0,0.0,0.0
psi-int,transfer,calibration,1,119,15.0,-30.0,128,-29.9453125,13.847379429133857,0.0,0.0,0.0
psi-int,transfer,calibration,1,119,15.0,-15.0,128,-13.859375,17.964320866141733,0.0,0.0,0.0
psi-int,transfer,calibration,1,119,15.0,15.0,128,24.78125,21.951771653543307,0.0,0.0,0.0
psi-int,transfer,calibration,1,119,15.0,30.0,128,41.8046875,18.756828248031496,0.0,0.0,0.0
psi-int,transfer,calibration,1,119,16.0,-32.0,128,-32.09375,17.23523622047244,0.0,0.0,0.0
psi-int,transfer,calibration,1,119,16.0,-16.0,128,-14.2734375,19.160863681102363,0.0,0.0,0.0
psi-int,transfer,calibration,1,119,16.0,16.0,128,25.8203125,19.943836122047244,0.0,0.0,0.0
psi-int,transfer,calibration,1,119,16.0,32.0,128,44.21875,19.290354330708663,0.0,0.0,0.0
psi-int,transfer,calibration,1,119,17.0,-34.0,128,-33.015625,17.275344488188978,0.0,0.0,0.0
psi-int,transfer,calibration,1,119,17.0,-17.0,128,-15.1015625,18.611651082677167,0.0,0.0,0.0
psi-int,transfer,calibration,1,119,17.0,17.0,128,27.3046875,22.166277066929133,0.0,0.0,0.0
psi-int,transfer,calibration,1,119,17.0,34.0,128,45.8359375,19.33507627952756,0.0,0.0,0.0
psi-int,transfer,calibration,1,119,18.0,-36.0,128,-34.953125,16.580462598425196,0.0,0.0,0.0
psi-int,transfer,calibration,1,119,18.0,-18.0,128,-15.78125,16.912401574803148,0.0,0.0,0.0
psi-int,transfer,calibration,1,119,18.0,18.0,128,27.6171875,26.820804625984252,0.0,0.0,0.0
psi-int,transfer,calibration,1,119,18.0,36.0,128,48.046875,19.493848425196852,0.0,0.0,0.0
psi-int,transfer,calibration,1,119,19.0,-38.0,128,-36.78125,17.668307086614174,0.0,0.0,0.0
psi-int,transfer,calibration,1,119,19.0,-19.0,128,-16.3984375,16.288816437007874,0.0,0.0,0.0
psi-int,transfer,calibration,1,119,19.0,19.0,128,28.2890625,22.38035187007874,0.0,0.0,0.0
psi-int,transfer,calibration,1,119,19.0,38.0,128,49.9609375,21.313422736220474,0.0,0.0,0.0
psi-int,transfer,calibration,1,119,20.0,-40.0,128,-38.453125,17.38361220472441,0.0,0.0,0.0
psi-int,transfer,calibration,1,119,20.0,-20.0,128,-17.4765625,20.471887303149607,0.0,0.0,0.0
psi-int,transfer,calibration,1,119,20.0,20.0,128,29.2734375,22.782910925196852,0.0,0.0,0.0
psi-int,transfer,calibration,1,119,20.0,40.0,128,52.375,21.37007874015748,0.0,0.0,0.0
psi-int,transfer,calibration,1,119,21.0,-42.0,128,-39.96875,14.723425196850394,0.0,0.0,0.0
psi-int,transfer,calibration,1,119,21.0,-21.0,128,-18.0859375,21.701218011811022,0.0,0.0,0.0
psi-int,transfer,calibration,1,119,21.0,21.0,128,29.625,17.763779527559056,0.0,0.0,0.0
psi-int,transfer,calibration,1,119,21.0,42.0,128,53.8515625,15.92267470472441,0.0,0.0,0.0
psi-int,transfer,calibration,1,119,22.0,-44.0,128,-41.640625,15.696604330708661,0.0,0.0,0.0
psi-int,transfer,calibration,1,119,22.0,-22.0,128,-18.609375,17.184793307086615,0.0,0.0,0.0
psi-int,transfer,calibration,1,119,22.0,22.0,128,30.8828125,18.970410925196852,0.0,0.0,0.0
psi-int,transfer,calibration,1,119,22.0,44.0,128,56.2578125,18.649544783464567,0.0,0.0,0.0
psi-int,transfer,calibration,1,119,23.0,-46.0,128,-43.3671875,17.21056840551181,0.0,0.0,0.0
psi-int,transfer,calibration,1,119,23.0,-23.0,128,-19.3359375,18.91775344488189,0.0,0.0,0.0
psi-int,transfer,calibration,1,119,23.0,23.0,128,31.421875,24.639517716535433,0.0,0.0,0.0
psi-int,transfer,calibration,1,119,23.0,46.0,128,57.609375,18.476131889763778,0.0,0.0,0.0
psi-int,transfer,calibration,1,119,24.0,-48.0,128,-45.1484375,14.615588090551181,0.0,0.0,0.0
psi-int,transfer,calibration,1,119,24.0,-24.0,128,-20.7109375,20.22287155511811,0.0,0.0,0.0
psi-int,transfer,calibration,1,119,24.0,24.0,128,31.953125,23.619832677165356,0.0,0.0,0.0
psi-int,transfer,calibration,1,119,24.0,48.0,128,60.0625,17.53937007874016,0.0,0.0,0.0
psi-int,transfer,calibration,1,119,25.0,-50.0,128,-46.5390625,15.494525098425196,0.0,0.0,0.0
psi-int,transfer,calibration,1,119,25.0,-25.0,128,-21.03125,16.250984251968504,0.0,0.0,0.0
psi-int,transfer,calibration,1,119,25.0,25.0,128,33.3125,24.97244094488189,0.0,0.0,0.0
psi-int,transfer,calibration,1,119,25.0,50.0,128,62.0546875,14.823757381889763,0.0,0.0,0.0
psi-int,transfer,calibration,1,119,26.0,-52.0,128,-48.2421875,16.184977854330707,0.0,0.0,0.0
psi-int,transfer,calibration,1,119,26.0,-26.0,128,-22.4375,15.55511811023622,0.0,0.0,0.0
psi-int,transfer,calibration,1,119,26.0,26.0,128,34.3828125,26.505843996062993,0.0,0.0,0.0
psi-int,transfer,calibration,1,119,26.0,52.0,128,64.109375,15.893454724409448,0.0,0.0,0.0
psi-int,transfer,calibration,1,119,27.0,-54.0,128,-49.7109375,18.711060531496063,0.0,0.0,0.0
psi-int,transfer,calibration,1,119,27.0,-27.0,128,-23.1015625,17.981729822834644,0.0,0.0,0.0
psi-int,transfer,calibration,1,119,27.0,27.0,128,34.9765625,26.71598179133858,0.0,0.0,0.0
psi-int,transfer,calibration,1,119,27.0,54.0,128,65.7421875,16.681040846456693,0.0,0.0,0.0
psi-int,transfer,calibration,1,119,28.0,-56.0,128,-51.5859375,17.425627460629922,0.0,0.0,0.0
psi-int,transfer,calibration,1,119,28.0,-28.0,128,-23.6484375,16.62346210629921,0.0,0.0,0.0
psi-int,transfer,calibration,1,119,28.0,28.0,128,35.46875,26.991141732283463,0.0,0.0,0.0
psi-int,transfer,calibration,1,119,28.0,56.0,128,67.5234375,17.11755659448819,0.0,0.0,0.0
psi-int,transfer,calibration,1,119,29.0,-58.0,128,-53.0078125,17.47237942913386,0.0,0.0,0.0
psi-int,transfer,calibration,1,119,29.0,-29.0,128,-24.078125,17.222194881889763,0.0,0.0,0.0
psi-int,transfer,calibration,1,119,29.0,29.0,128,36.6484375,26.654958169291337,0.0,0.0,0.0
psi-int,transfer,calibration,1,119,29.0,58.0,128,69.3828125,15.38773375984252,0.0,0.0,0.0
psi-int,transfer,calibration,1,119,30.0,-60.0,128,-54.578125,16.167076771653544,0.0,0.0,0.0
psi-int,transfer,calibration,1,119,30.0,-30.0,128,-24.921875,16.419045275590552,0.0,0.0,0.0
psi-int,transfer,calibration,1,119,30.0,30.0,128,36.8515625,20.899052657480315,0.0,0.0,0.0
psi-int,transfer,calibration,1,119,30.0,60.0,128,71.390625,16.145423228346456,0.0,0.0,0.0
psi-int,transfer,calibration,1,119,31.0,-62.0,128,-56.0546875,16.69777312992126,0.0,0.0,0.0
psi-int,transfer,calibration,1,119,31.0,-31.0,128,-25.296875,16.147391732283463,0.0,0.0,0.0
psi-int,transfer,calibration,1,119,31.0,31.0,128,37.671875,18.52140748031496,0.0,0.0,0.0
psi-int,transfer,calibration,1,119,31.0,62.0,128,73.609375,17.672982283464567,0.0,0.0,0.0
psi-int,transfer,calibration,2,71,0.0,-0.0,128,-0.0625,0.7677165354330708,0.0,0.0,0.0
psi-int,transfer,calibration,2,71,0.0,-0.0,128,-0.203125,0.6985728346456693,0.0,0.0,0.0
psi-int,transfer,calibration,2,71,0.0,0.0,128,-0.1484375,0.914800688976378,0.0,0.0,0.0
psi-int,transfer,calibration,2,71,0.0,0.0,128,-0.109375,0.8068405511811023,0.0,0.0,0.0
psi-int,transfer,calibration,2,71,1.0,-2.0,128,3.84375,13.880905511811024,0.0,0.0,0.0
psi-int,transfer,calibration,2,71,1.0,-1.0,128,1.890625,21.783218503937007,0.0,0.0,0.0
psi-int,transfer,calibration,2,71,1.0,1.0,128,3.8046875,19.46548966535433,0.0,0.0,0.0
psi-int,transfer,calibration,2,71,1.0,2.0,128,6.15625,20.65255905511811,0.0,0.0,0.0
psi-int,transfer,calibration,2,71,2.0,-4.0,128,3.671875,18.04896653543307,0.0,0.0,0.0
psi-int,transfer,calibration,2,71,2.0,-2.0,128,2.140625,17.83833661417323,0.0,0.0,0.0
psi-int,transfer,calibration,2,71,2.0,2.0,128,3.8125,15.633858267716535,0.0,0.0,0.0
psi-int,transfer,calibration,2,71,2.0,4.0,128,6.09375,19.739173228346456,0.0,0.0,0.0
psi-int,transfer,calibration,2,71,3.0,-6.0,128,7.0234375,16.71598179133858,0.0,0.0,0.0
psi-int,transfer,calibration,2,71,3.0,-3.0,128,9.0390625,17.23468257874016,0.0,0.0,0.0
psi-int,transfer,calibration,2,71,3.0,3.0,128,14.1171875,17.899544783464567,0.0,0.0,0.0
psi-int,transfer,calibration,2,71,3.0,6.0,128,17.9140625,21.276021161417322,0.0,0.0,0.0
psi-int,transfer,calibration,2,71,4.0,-8.0,128,-5.5703125,18.546198326771652,0.0,0.0,0.0
psi-int,transfer,calibration,2,71,4.0,-4.0,128,-0.453125,16.7064468503937,0.0,0.0,0.0
psi-int,transfer,calibration,2,71,4.0,4.0,128,10.2109375,16.640194389763778,0.0,0.0,0.0
psi-int,transfer,calibration,2,71,4.0,8.0,128,17.2890625,18.616572342519685,0.0,0.0,0.0
psi-int,transfer,calibration,2,71,5.0,-10.0,128,-8.7421875,15.310962106299213,0.0,0.0,0.0
psi-int,transfer,calibration,2,71,5.0,-5.0,128,-2.296875,14.257627952755906,0.0,0.0,0.0
psi-int,transfer,calibration,2,71,5.0,5.0,128,12.1015625,14.910863681102363,0.0,0.0,0.0
psi-int,transfer,calibration,2,71,5.0,10.0,128,20.75,20.724409448818896,0.0,0.0,0.0
psi-int,transfer,calibration,2,71,6.0,-12.0,128,-11.078125,16.57652559055118,0.0,0.0,0.0
psi-int,transfer,calibration,2,71,6.0,-6.0,128,-3.4140625,14.953186515748031,0.0,0.0,0.0
psi-int,transfer,calibration,2,71,6.0,6.0,128,13.984375,17.71628937007874,0.0,0.0,0.0
psi-int,transfer,calibration,2,71,6.0,12.0,128,23.7265625,21.979761318897637,0.0,0.0,0.0
psi-int,transfer,calibration,2,71,7.0,-14.0,128,-13.6796875,18.896592027559056,0.0,0.0,0.0
psi-int,transfer,calibration,2,71,7.0,-7.0,128,-4.5078125,14.708599901574804,0.0,0.0,0.0
psi-int,transfer,calibration,2,71,7.0,7.0,128,15.09375,15.093503937007874,0.0,0.0,0.0
psi-int,transfer,calibration,2,71,7.0,14.0,128,26.234375,22.44857283464567,0.0,0.0,0.0
psi-int,transfer,calibration,2,71,8.0,-16.0,128,-15.296875,15.627706692913385,0.0,0.0,0.0
psi-int,transfer,calibration,2,71,8.0,-8.0,128,-5.5546875,17.745017224409448,0.0,0.0,0.0
psi-int,transfer,calibration,2,71,8.0,8.0,128,16.515625,15.684793307086615,0.0,0.0,0.0
psi-int,transfer,calibration,2,71,8.0,16.0,128,29.1875,19.114173228346456,0.0,0.0,0.0
psi-int,transfer,calibration,2,71,9.0,-18.0,128,-17.5625,17.586614173228348,0.0,0.0,0.0
psi-int,transfer,calibration,2,71,9.0,-9.0,128,-7.2578125,16.55505659448819,0.0,0.0,0.0
psi-int,transfer,calibration,2,71,9.0,9.0,128,17.640625,16.609990157480315,0.0,0.0,0.0
psi-int,transfer,calibration,2,71,9.0,18.0,128,30.9375,21.665354330708663,0.0,0.0,0.0
psi-int,transfer,calibration,2,71,10.0,-20.0,128,-19.6953125,19.394623523622048,0.0,0.0,0.0
psi-int,transfer,calibration,2,71,10.0,-10.0,128,-7.6875,17.6496062992126,0.0,0.0,0.0
psi-int,transfer,calibration,2,71,10.0,10.0,128,19.2109375,18.38822588582677,0.0,0.0,0.0
psi-int,transfer,calibration,2,71,10.0,20.0,128,32.890625,19.987942913385826,0.0,0.0,0.0
psi-int,transfer,calibration,2,71,11.0,-22.0,128,-21.3828125,20.143639271653544,0.0,0.0,0.0
psi-int,transfer,calibration,2,71,11.0,-11.0,128,-8.2578125,15.61017470472441,0.0,0.0,0.0
psi-int,transfer,calibration,2,71,11.0,11.0,128,20.0703125,16.506828248031496,0.0,0.0,0.0
psi-int,transfer,calibration,2,71,11.0,22.0,128,34.8828125,21.946788877952756,0.0,0.0,0.0
psi-int,transfer,calibration,2,71,12.0,-24.0,128,-23.765625,18.38558070866142,0.0,0.0,0.0
psi-int,transfer,calibration,2,71,12.0,-12.0,128,-9.328125,17.104084645669293,0.0,0.0,0.0
psi-int,transfer,calibration,2,71,12.0,12.0,128,21.078125,15.820620078740157,0.0,0.0,0.0
psi-int,transfer,calibration,2,71,12.0,24.0,128,37.1328125,20.36804872047244,0.0,0.0,0.0
psi-int,transfer,calibration,2,71,13.0,-26.0,128,-25.3359375,17.516178641732285,0.0,0.0,0.0
psi-int,transfer,calibration,2,71,13.0,-13.0,128,-10.2421875,16.531434547244096,0.0,0.0,0.0
psi-int,transfer,calibration,2,71,13.0,13.0,128,22.25,16.8503937007874,0.0,0.0,0.0
psi-int,transfer,calibration,2,71,13.0,26.0,128,38.84375,22.054133858267715,0.0,0.0,0.0
psi-int,transfer,calibration,2,71,14.0,-28.0,128,-26.984375,19.779281496062993,0.0,0.0,0.0
psi-int,transfer,calibration,2,71,14.0,-14.0,128,-10.5234375,15.290784940944881,0.0,0.0,0.0
psi-int,transfer,calibration,2,71,14.0,14.0,128,23.71875,17.58956692913386,0.0,0.0,0.0
psi-int,transfer,calibration,2,71,14.0,28.0,128,40.6640625,21.957123523622048,0.0,0.0,0.0
psi-int,transfer,calibration,2,71,15.0,-30.0,128,-28.8671875,19.265686515748033,0.0,0.0,0.0
psi-int,transfer,calibration,2,71,15.0,-15.0,128,-11.6796875,17.841473917322833,0.0,0.0,0.0
psi-int,transfer,calibration,2,71,15.0,15.0,128,24.3046875,15.99304872047244,0.0,0.0,0.0
psi-int,transfer,calibration,2,71,15.0,30.0,128,42.78125,22.266732283464567,0.0,0.0,0.0
psi-int,transfer,calibration,2,71,16.0,-32.0,128,-30.7578125,19.5078125,0.0,0.0,0.0
psi-int,transfer,calibration,2,71,16.0,-16.0,128,-12.5390625,16.864603838582678,0.0,0.0,0.0
psi-int,transfer,calibration,2,71,16.0,16.0,128,25.453125,15.887549212598426,0.0,0.0,0.0
psi-int,transfer,calibration,2,71,16.0,32.0,128,44.3671875,22.895607775590552,0.0,0.0,0.0
psi-int,transfer,calibration,2,71,17.0,-34.0,128,-32.0,20.094488188976378,0.0,0.0,0.0
psi-int,transfer,calibration,2,71,17.0,-17.0,128,-13.0546875,19.516670767716537,0.0,0.0,0.0
psi-int,transfer,calibration,2,71,17.0,17.0,128,26.515625,16.062746062992126,0.0,0.0,0.0
psi-int,transfer,calibration,2,71,17.0,34.0,128,46.3046875,23.8828125,0.0,0.0,0.0
psi-int,transfer,calibration,2,71,18.0,-36.0,128,-33.90625,17.912401574803148,0.0,0.0,0.0
psi-int,transfer,calibration,2,71,18.0,-18.0,128,-13.9296875,15.656434547244094,0.0,0.0,0.0
psi-int,transfer,calibration,2,71,18.0,18.0,128,27.078125,14.340305118110237,0.0,0.0,0.0
psi-int,transfer,calibration,2,71,18.0,36.0,128,47.9375,23.838582677165356,0.0,0.0,0.0
psi-int,transfer,calibration,2,71,19.0,-38.0,128,-35.5703125,18.01076525590551,0.0,0.0,0.0
psi-int,transfer,calibration,2,71,19.0,-19.0,128,-15.4140625,15.409879429133857,0.0,0.0,0.0
psi-int,transfer,calibration,2,71,19.0,19.0,128,28.1640625,17.209092027559056,0.0,0.0,0.0
psi-int,transfer,calibration,2,71,19.0,38.0,128,49.4609375,20.72287155511811,0.0,0.0,0.0
psi-int,transfer,calibration,2,71,20.0,-40.0,128,-37.2265625,19.389210137795274,0.0,0.0,0.0
psi-int,transfer,calibration,2,71,20.0,-20.0,128,-15.390625,14.885580708661417,0.0,0.0,0.0
psi-int,transfer,calibration,2,71,20.0,20.0,128,29.109375,16.019438976377952,0.0,0.0,0.0
psi-int,transfer,calibration,2,71,20.0,40.0,128,51.484375,24.23597440944882,0.0,0.0,0.0
psi-int,transfer,calibration,2,71,21.0,-42.0,128,-38.9765625,14.889210137795276,0.0,0.0,0.0
psi-int,transfer,calibration,2,71,21.0,-21.0,128,-16.6015625,17.611651082677167,0.0,0.0,0.0
psi-int,transfer,calibration,2,71,21.0,21.0,128,29.796875,18.257627952755904,0.0,0.0,0.0
psi-int,transfer,calibration,2,71,21.0,42.0,128,52.8671875,25.21844242125984,0.0,0.0,0.0
psi-int,transfer,calibration,2,71,22.0,-44.0,128,-40.46875,16.187992125984252,0.0,0.0,0.0
psi-int,transfer,calibration,2,71,22.0,-22.0,128,-17.3359375,18.39806840551181,0.0,0.0,0.0
psi-int,transfer,calibration,2,71,22.0,22.0,128,30.9609375,16.604761318897637,0.0,0.0,0.0
psi-int,transfer,calibration,2,71,22.0,44.0,128,54.8828125,21.71056840551181,0.0,0.0,0.0
psi-int,transfer,calibration,2,71,23.0,-46.0,128,-41.7109375,14.837044783464567,0.0,0.0,0.0
psi-int,transfer,calibration,2,71,23.0,-23.0,128,-18.0703125,19.577694389763778,0.0,0.0,0.0
psi-int,transfer,calibration,2,71,23.0,23.0,128,31.0859375,18.976808562992126,0.0,0.0,0.0
psi-int,transfer,calibration,2,71,23.0,46.0,128,56.4375,22.87795275590551,0.0,0.0,0.0
psi-int,transfer,calibration,2,71,24.0,-48.0,128,-43.3125,17.507874015748033,0.0,0.0,0.0
psi-int,transfer,calibration,2,71,24.0,-24.0,128,-18.9609375,18.431532972440944,0.0,0.0,0.0
psi-int,transfer,calibration,2,71,24.0,24.0,128,32.3359375,17.846887303149607,0.0,0.0,0.0
psi-int,transfer,calibration,2,71,24.0,48.0,128,58.2890625,23.246493602362204,0.0,0.0,0.0
psi-int,transfer,calibration,2,71,25.0,-50.0,128,-45.4296875,17.286355807086615,0.0,0.0,0.0
psi-int,transfer,calibration,2,71,25.0,-25.0,128,-19.625,17.433070866141733,0.0,0.0,0.0
psi-int,transfer,calibration,2,71,25.0,25.0,128,33.8046875,21.3080093503937,0.0,0.0,0.0
psi-int,transfer,calibration,2,71,25.0,50.0,128,60.2109375,20.27798966535433,0.0,0.0,0.0
psi-int,transfer,calibration,2,71,26.0,-52.0,128,-46.5859375,16.7957062007874,0.0,0.0,0.0
psi-int,transfer,calibration,2,71,26.0,-26.0,128,-20.59375,14.274606299212598,0.0,0.0,0.0
psi-int,transfer,calibration,2,71,26.0,26.0,128,34.78125,18.140748031496063,0.0,0.0,0.0
psi-int,transfer,calibration,2,71,26.0,52.0,128,62.234375,21.8816437007874,0.0,0.0,0.0
psi-int,transfer,calibration,2,71,27.0,-54.0,128,-48.578125,15.222194881889763,0.0,0.0,0.0
psi-int,transfer,calibration,2,71,27.0,-27.0,128,-21.6640625,15.50043061023622,0.0,0.0,0.0
psi-int,transfer,calibration,2,71,27.0,27.0,128,35.4609375,19.872477854330707,0.0,0.0,0.0
psi-int,transfer,calibration,2,71,27.0,54.0,128,64.25,22.866141732283463,0.0,0.0,0.0
psi-int,transfer,calibration,2,71,28.0,-56.0,128,-49.9609375,17.407910925196852,0.0,0.0,0.0
psi-int,transfer,calibration,2,71,28.0,-28.0,128,-22.59375,16.006889763779526,0.0,0.0,0.0
psi-int,transfer,calibration,2,71,28.0,28.0,128,36.453125,18.674950787401574,0.0,0.0,0.0
psi-int,transfer,calibration,2,71,28.0,56.0,128,65.6015625,22.619525098425196,0.0,0.0,0.0
psi-int,transfer,calibration,2,71,29.0,-58.0,128,-51.421875,17.568651574803148,0.0,0.0,0.0
psi-int,transfer,calibration,2,71,29.0,-29.0,128,-23.2265625,14.491572342519685,0.0,0.0,0.0
psi-int,transfer,calibration,2,71,29.0,29.0,128,37.390625,16.49187992125984,0.0,0.0,0.0
psi-int,transfer,calibration,2,71,29.0,58.0,128,67.1640625,21.949249507874015,0.0,0.0,0.0
psi-int,transfer,calibration,2,71,30.0,-60.0,128,-53.1484375,18.048658956692915,0.0,0.0,0.0
psi-int,transfer,calibration,2,71,30.0,-30.0,128,-23.4765625,18.10968257874016,0.0,0.0,0.0
psi-int,transfer,calibration,2,71,30.0,30.0,128,37.734375,19.07849409448819,0.0,0.0,0.0
psi-int,transfer,calibration,2,71,30.0,60.0,128,69.0859375,25.52798966535433,0.0,0.0,0.0
psi-int,transfer,calibration,2,71,31.0,-62.0,128,-54.3984375,16.572281003937007,0.0,0.0,0.0
psi-int,transfer,calibration,2,71,31.0,-31.0,128,-24.2109375,15.17562746062992,0.0,0.0,0.0
psi-int,transfer,calibration,2,71,31.0,31.0,128,39.2421875,18.673166830708663,0.0,0.0,0.0
psi-int,transfer,calibration,2,71,31.0,62.0,128,70.3046875,23.07966289370079,0.0,0.0,0.0
psi-int,transfer,calibration,3,33,0.0,-0.0,128,0.1171875,0.7971825787401575,0.0,0.0,0.0
psi-int,transfer,calibration,3,33,0.0,-0.0,128,-0.03125,0.9596456692913385,0.0,0.0,0.0
psi-int,transfer,calibration,3,33,0.0,0.0,128,-0.0859375,0.929564468503937,0.0,0.0,0.0
psi-int,transfer,calibration,3,33,0.0,0.0,128,-0.0546875,1.1229699803149606,0.0,0.0,0.0
psi-int,transfer,calibration,3,33,1.0,-2.0,128,5.0234375,20.826218011811022,0.0,0.0,0.0
psi-int,transfer,calibration,3,33,1.0,-1.0,128,5.9453125,23.973363681102363,0.0,0.0,0.0
psi-int,transfer,calibration,3,33,1.0,1.0,128,6.21875,17.936023622047244,0.0,0.0,0.0
psi-int,transfer,calibration,3,33,1.0,2.0,128,7.359375,19.476131889763778,0.0,0.0,0.0
psi-int,transfer,calibration,3,33,2.0,-4.0,128,6.203125,20.69857283464567,0.0,0.0,0.0
psi-int,transfer,calibration,3,33,2.0,-2.0,128,8.3984375,25.721887303149607,0.0,0.0,0.0
psi-int,transfer,calibration,3,33,2.0,2.0,128,8.84375,23.376968503937007,0.0,0.0,0.0
psi-int,transfer,calibration,3,33,2.0,4.0,128,10.1015625,21.58802903543307,0.0,0.0,0.0
psi-int,transfer,calibration,3,33,3.0,-6.0,128,3.9609375,21.785863681102363,0.0,0.0,0.0
psi-int,transfer,calibration,3,33,3.0,-3.0,128,9.2578125,28.224347933070867,0.0,0.0,0.0
psi-int,transfer,calibration,3,33,3.0,3.0,128,15.3515625,24.78094242125984,0.0,0.0,0.0
psi-int,transfer,calibration,3,33,3.0,6.0,128,18.109375,18.00369094488189,0.0,0.0,0.0
psi-int,transfer,calibration,3,33,4.0,-8.0,128,-5.1640625,17.791769192913385,0.0,0.0,0.0
psi-int,transfer,calibration,3,33,4.0,-4.0,128,2.25,22.881889763779526,0.0,0.0,0.0
psi-int,transfer,calibration,3,33,4.0,4.0,128,12.75,23.637795275590552,0.0,0.0,0.0
psi-int,transfer,calibration,3,33,4.0,8.0,128,19.8984375,18.564406988188978,0.0,0.0,0.0
psi-int,transfer,calibration,3,33,5.0,-10.0,128,-7.875,17.62204724409449,0.0,0.0,0.0
psi-int,transfer,calibration,3,33,5.0,-5.0,128,1.2421875,24.421198326771652,0.0,0.0,0.0
psi-int,transfer,calibration,3,33,5.0,5.0,128,14.3125,19.60236220472441,0.0,0.0,0.0
psi-int,transfer,calibration,3,33,5.0,10.0,128,23.1875,18.12204724409449,0.0,0.0,0.0
psi-int,transfer,calibration,3,33,6.0,-12.0,128,-10.671875,22.804872047244096,0.0,0.0,0.0
psi-int,transfer,calibration,3,33,6.0,-6.0,128,0.0625,20.830708661417322,0.0,0.0,0.0
psi-int,transfer,calibration,3,33,6.0,6.0,128,15.9296875,21.59344242125984,0.0,0.0,0.0
psi-int,transfer,calibration,3,33,6.0,12.0,128,26.2109375,20.703186515748033,0.0,0.0,0.0
psi-int,transfer,calibration,3,33,7.0,-14.0,128,-12.515625,20.25172244094488,0.0,0.0,0.0
psi-int,transfer,calibration,3,33,7.0,-7.0,128,-1.21875,21.825787401574804,0.0,0.0,0.0
psi-int,transfer,calibration,3,33,7.0,7.0,128,17.8984375,20.12346210629921,0.0,0.0,0.0
psi-int,transfer,calibration,3,33,7.0,14.0,128,29.3046875,16.52848179133858,0.0,0.0,0.0
psi-int,transfer,calibration,3,33,8.0,-16.0,128,-14.78125,22.628937007874015,0.0,0.0,0.0
psi-int,transfer,calibration,3,33,8.0,-8.0,128,-2.328125,22.04896653543307,0.0,0.0,0.0
psi-int,transfer,calibration,3,33,8.0,8.0,128,18.75,24.818897637795274,0.0,0.0,0.0
psi-int,transfer,calibration,3,33,8.0,16.0,128,31.34375,23.896653543307085,0.0,0.0,0.0
psi-int,transfer,calibration,3,33,9.0,-18.0,128,-17.4453125,19.3828125,0.0,0.0,0.0
psi-int,transfer,calibration,3,33,9.0,-9.0,128,-3.5234375,22.84984005905512,0.0,0.0,0.0
psi-int,transfer,calibration,3,33,9.0,9.0,128,19.90625,22.447834645669293,0.0,0.0,0.0
psi-int,transfer,calibration,3,33,9.0,18.0,128,34.21875,22.298228346456693,0.0,0.0,0.0
psi-int,transfer,calibration,3,33,10.0,-20.0,128,-19.1796875,18.809977854330707,0.0,0.0,0.0
psi-int,transfer,calibration,3,33,10.0,-10.0,128,-4.5625,19.728346456692915,0.0,0.0,0.0
psi-int,transfer,calibration,3,33,10.0,10.0,128,21.1875,26.515748031496063,0.0,0.0,0.0
psi-int,transfer,calibration,3,33,10.0,20.0,128,36.4375,21.334645669291337,0.0,0.0,0.0
psi-int,transfer,calibration,3,33,11.0,-22.0,128,-21.609375,16.035187007874015,0.0,0.0,0.0
psi-int,transfer,calibration,3,33,11.0,-11.0,128,-5.53125,24.39271653543307,0.0,0.0,0.0
psi-int,transfer,calibration,3,33,11.0,11.0,128,21.828125,26.033218503937007,0.0,0.0,0.0
psi-int,transfer,calibration,3,33,11.0,22.0,128,38.3984375,19.375430610236222,0.0,0.0,0.0
psi-int,transfer,calibration,3,33,12.0,-24.0,128,-23.6171875,17.40348179133858,0.0,0.0,0.0
psi-int,transfer,calibration,3,33,12.0,-12.0,128,-6.390625,24.869832677165356,0.0,0.0,0.0
psi-int,transfer,calibration,3,33,12.0,12.0,128,22.7265625,28.578186515748033,0.0,0.0,0.0
psi-int,transfer,calibration,3,33,12.0,24.0,128,40.578125,16.639517716535433,0.0,0.0,0.0
psi-int,transfer,calibration,3,33,13.0,-26.0,128,-25.625,20.58267716535433,0.0,0.0,0.0
psi-int,transfer,calibration,3,33,13.0,-13.0,128,-7.125,23.10236220472441,0.0,0.0,0.0
psi-int,transfer,calibration,3,33,13.0,13.0,128,24.1953125,23.874938484251967,0.0,0.0,0.0
psi-int,transfer,calibration,3,33,13.0,26.0,128,42.703125,18.525344488188978,0.0,0.0,0.0
psi-int,transfer,calibration,3,33,14.0,-28.0,128,-27.3203125,18.313914862204726,0.0,0.0,0.0
psi-int,transfer,calibration,3,33,14.0,-14.0,128,-8.015625,21.6060531496063,0.0,0.0,0.0
psi-int,transfer,calibration,3,33,14.0,14.0,128,25.1796875,24.211552657480315,0.0,0.0,0.0
psi-int,transfer,calibration,3,33,14.0,28.0,128,44.640625,19.255659448818896,0.0,0.0,0.0
psi-int,transfer,calibration,3,33,15.0,-30.0,128,-29.125,14.26771653543307,0.0,0.0,0.0
psi-int,transfer,calibration,3,33,15.0,-15.0,128,-9.1875,20.97244094488189,0.0,0.0,0.0
psi-int,transfer,calibration,3,33,15.0,15.0,128,26.015625,22.692667322834644,0.0,0.0,0.0
psi-int,transfer,calibration,3,33,15.0,30.0,128,47.09375,19.424212598425196,0.0,0.0,0.0
psi-int,transfer,calibration,3,33,16.0,-32.0,128,-31.109375,19.169045275590552,0.0,0.0,0.0
psi-int,transfer,calibration,3,33,16.0,-16.0,128,-9.9453125,24.06785187007874,0.0,0.0,0.0
psi-int,transfer,calibration,3,33,16.0,16.0,128,26.96875,21.49507874015748,0.0,0.0,0.0
psi-int,transfer,calibration,3,33,16.0,32.0,128,49.3046875,19.536355807086615,0.0,0.0,0.0
psi-int,transfer,calibration,3,33,17.0,-34.0,128,-32.140625,18.767470472440944,0.0,0.0,0.0
psi-int,transfer,calibration,3,33,17.0,-17.0,128,-10.53125,20.70767716535433,0.0,0.0,0.0
psi-int,transfer,calibration,3,33,17.0,17.0,128,27.4609375,23.41578494094488,0.0,0.0,0.0
psi-int,transfer,calibration,3,33,17.0,34.0,128,50.6484375,19.379367618110237,0.0,0.0,0.0
psi-int,transfer,calibration,3,33,18.0,-36.0,128,-33.8046875,16.977300688976378,0.0,0.0,0.0
psi-int,transfer,calibration,3,33,18.0,-18.0,128,-11.4375,23.712598425196852,0.0,0.0,0.0
psi-int,transfer,calibration,3,33,18.0,18.0,128,28.578125,23.111958661417322,0.0,0.0,0.0
psi-int,transfer,calibration,3,33,18.0,36.0,128,52.734375,20.369832677165356,0.0,0.0,0.0
psi-int,transfer,calibration,3,33,19.0,-38.0,128,-35.8515625,19.812438484251967,0.0,0.0,0.0
psi-int,transfer,calibration,3,33,19.0,-19.0,128,-12.5234375,25.33802903543307,0.0,0.0,0.0
psi-int,transfer,calibration,3,33,19.0,19.0,128,29.671875,20.694635826771652,0.0,0.0,0.0
psi-int,transfer,calibration,3,33,19.0,38.0,128,54.5546875,18.437930610236222,0.0,0.0,0.0
psi-int,transfer,calibration,3,33,20.0,-40.0,128,-37.984375,17.637549212598426,0.0,0.0,0.0
psi-int,transfer,calibration,3,33,20.0,-20.0,128,-13.578125,18.67101377952756,0.0,0.0,0.0
psi-int,transfer,calibration,3,33,20.0,20.0,128,30.1328125,21.076710137795274,0.0,0.0,0.0
psi-int,transfer,calibration,3,33,20.0,40.0,128,56.515625,19.369832677165356,0.0,0.0,0.0
psi-int,transfer,calibration,3,33,21.0,-42.0,128,-39.390625,18.287155511811022,0.0,0.0,0.0
psi-int,transfer,calibration,3,33,21.0,-21.0,128,-14.453125,21.950541338582678,0.0,0.0,0.0
psi-int,transfer,calibration,3,33,21.0,21.0,128,31.5234375,21.38527312992126,0.0,0.0,0.0
psi-int,transfer,calibration,3,33,21.0,42.0,128,58.1015625,21.304564468503937,0.0,0.0,0.0
psi-int,transfer,calibration,3,33,22.0,-44.0,128,-40.890625,16.507627952755904,0.0,0.0,0.0
psi-int,transfer,calibration,3,33,22.0,-22.0,128,-15.2109375,22.089013287401574,0.0,0.0,0.0
psi-int,transfer,calibration,3,33,22.0,22.0,128,31.9765625,21.062438484251967,0.0,0.0,0.0
psi-int,transfer,calibration,3,33,22.0,44.0,128,59.6171875,21.71844242125984,0.0,0.0,0.0
psi-int,transfer,calibration,3,33,23.0,-46.0,128,-42.9140625,17.98468257874016,0.0,0.0,0.0
psi-int,transfer,calibration,3,33,23.0,-23.0,128,-16.078125,20.19857283464567,0.0,0.0,0.0
psi-int,transfer,calibration,3,33,23.0,23.0,128,33.171875,21.434793307086615,0.0,0.0,0.0
psi-int,transfer,calibration,3,33,23.0,46.0,128,61.8125,19.60236220472441,0.0,0.0,0.0
psi-int,transfer,calibration,3,33,24.0,-48.0,128,-44.171875,16.064714566929133,0.0,0.0,0.0
psi-int,transfer,calibration,3,33,24.0,-24.0,128,-16.9765625,20.306532972440944,0.0,0.0,0.0
psi-int,transfer,calibration,3,33,24.0,24.0,128,33.5234375,21.778973917322833,0.0,0.0,0.0
psi-int,transfer,calibration,3,33,24.0,48.0,128,63.6640625,22.303580216535433,0.0,0.0,0.0
psi-int,transfer,calibration,3,33,25.0,-50.0,128,-46.6015625,16.90298966535433,0.0,0.0,0.0
psi-int,transfer,calibration,3,33,25.0,-25.0,128,-17.734375,24.637549212598426,0.0,0.0,0.0
psi-int,transfer,calibration,3,33,25.0,25.0,128,34.7890625,24.057517224409448,0.0,0.0,0.0
psi-int,transfer,calibration,3,33,25.0,50.0,128,65.703125,22.730068897637796,0.0,0.0,0.0
psi-int,transfer,calibration,3,33,26.0,-52.0,128,-48.2734375,19.208107775590552,0.0,0.0,0.0
psi-int,transfer,calibration,3,33,26.0,-26.0,128,-18.8359375,25.886257381889763,0.0,0.0,0.0
psi-int,transfer,calibration,3,33,26.0,26.0,128,35.8828125,21.474347933070867,0.0,0.0,0.0
psi-int,transfer,calibration,3,33,26.0,52.0,128,67.6796875,21.683993602362204,0.0,0.0,0.0
psi-int,transfer,calibration,3,33,27.0,-54.0,128,-49.6328125,20.769623523622048,0.0,0.0,0.0
psi-int,transfer,calibration,3,33,27.0,-27.0,128,-19.2421875,23.429072342519685,0.0,0.0,0.0
psi-int,transfer,calibration,3,33,27.0,27.0,128,36.0,20.677165354330707,0.0,0.0,0.0
psi-int,transfer,calibration,3,33,27.0,54.0,128,69.65625,24.447834645669293,0.0,0.0,0.0
psi-int,transfer,calibration,3,33,28.0,-56.0,128,-51.3671875,15.399544783464567,0.0,0.0,0.0
psi-int,transfer,calibration,3,33,28.0,-28.0,128,-20.6015625,24.839997539370078,0.0,0.0,0.0
psi-int,transfer,calibration,3,33,28.0,28.0,128,37.296875,20.761564960629922,0.0,0.0,0.0
psi-int,transfer,calibration,3,33,28.0,56.0,128,71.609375,25.814714566929133,0.0,0.0,0.0
psi-int,transfer,calibration,3,33,29.0,-58.0,128,-52.875,21.118110236220474,0.0,0.0,0.0
psi-int,transfer,calibration,3,33,29.0,-29.0,128,-21.59375,25.424212598425196,0.0,0.0,0.0
psi-int,transfer,calibration,3,33,29.0,29.0,128,38.1953125,23.08753690944882,0.0,0.0,0.0
psi-int,transfer,calibration,3,33,29.0,58.0,128,73.2265625,21.21598179133858,0.0,0.0,0.0
psi-int,transfer,calibration,3,33,30.0,-60.0,128,-54.703125,16.887549212598426,0.0,0.0,0.0
psi-int,transfer,calibration,3,33,30.0,-30.0,128,-21.9609375,24.274052657480315,0.0,0.0,0.0
psi-int,transfer,calibration,3,33,30.0,30.0,128,39.375,25.1496062992126,0.0,0.0,0.0
psi-int,transfer,calibration,3,33,30.0,60.0,128,75.234375,21.377706692913385,0.0,0.0,0.0
psi-int,transfer,calibration,3,33,31.0,-62.0,128,-56.3828125,14.883796751968504,0.0,0.0,0.0
psi-int,transfer,calibration,3,33,31.0,-31.0,128,-23.2421875,22.893639271653544,0.0,0.0,0.0
psi-int,transfer,calibration,3,33,31.0,31.0,128,40.1015625,26.4699187992126,0.0,0.0,0.0
psi-int,transfer,calibration,3,33,31.0,62.0,128,77.125,21.543307086614174,0.0,0.0,0.0
psi-int,transfer,calibration,4,114,0.0,-0.0,128,-0.375,4.488188976377953,0.0,0.0,0.0
psi-int,transfer,calibration,4,114,0.0,-0.0,128,-0.5625,5.5236220472440944,0.0,0.0,0.0
psi-int,transfer,calibration,4,114,0.0,0.0,128,-0.28125,4.28248031496063,0.0,0.0,0.0
psi-int,transfer,calibration,4,114,0.0,0.0,128,0.09375,2.684055118110236,0.0,0.0,0.0
psi-int,transfer,calibration,4,114,1.0,-2.0,128,-0.8046875,21.433993602362204,0.0,0.0,0.0
psi-int,transfer,calibration,4,114,1.0,-1.0,128,-2.375,23.275590551181104,0.0,0.0,0.0
psi-int,transfer,calibration,4,114,1.0,1.0,128,-0.6171875,25.95466289370079,0.0,0.0,0.0
psi-int,transfer,calibration,4,114,1.0,2.0,128,0.5234375,16.928580216535433,0.0,0.0,0.0
psi-int,transfer,calibration,4,114,2.0,-4.0,128,-0.8828125,25.505843996062993,0.0,0.0,0.0
psi-int,transfer,calibration,4,114,2.0,-2.0,128,-3.0234375,25.566375492125985,0.0,0.0,0.0
psi-int,transfer,calibration,4,114,2.0,2.0,128,-0.7734375,27.625430610236222,0.0,0.0,0.0
psi-int,transfer,calibration,4,114,2.0,4.0,128,0.765625,20.858021653543307,0.0,0.0,0.0
psi-int,transfer,calibration,4,114,3.0,-6.0,128,1.2109375,21.348855807086615,0.0,0.0,0.0
psi-int,transfer,calibration,4,114,3.0,-3.0,128,1.65625,20.81003937007874,0.0,0.0,0.0
psi-int,transfer,calibration,4,114,3.0,3.0,128,6.703125,26.619832677165356,0.0,0.0,0.0
psi-int,transfer,calibration,4,114,3.0,6.0,128,8.1953125,24.000922736220474,0.0,0.0,0.0
psi-int,transfer,calibration,4,114,4.0,-8.0,128,-8.0390625,28.163816437007874,0.0,0.0,0.0
psi-int,transfer,calibration,4,114,4.0,-4.0,128,-4.5390625,23.82523375984252,0.0,0.0,0.0
psi-int,transfer,calibration,4,114,4.0,4.0,128,7.5625,27.87007874015748,0.0,0.0,0.0
psi-int,transfer,calibration,4,114,4.0,8.0,128,12.7734375,19.168737696850393,0.0,0.0,0.0
psi-int,transfer,calibration,4,114,5.0,-10.0,128,-12.7109375,22.632320374015748,0.0,0.0,0.0
psi-int,transfer,calibration,4,114,5.0,-5.0,128,-6.671875,23.025344488188978,0.0,0.0,0.0
psi-int,transfer,calibration,4,114,5.0,5.0,128,8.859375,31.318651574803148,0.0,0.0,0.0
psi-int,transfer,calibration,4,114,5.0,10.0,128,16.4296875,20.687930610236222,0.0,0.0,0.0
psi-int,transfer,calibration,4,114,6.0,-12.0,128,-15.3359375,22.28783218503937,0.0,0.0,0.0
psi-int,transfer,calibration,4,114,6.0,-6.0,128,-8.4453125,26.42218257874016,0.0,0.0,0.0
psi-int,transfer,calibration,4,114,6.0,6.0,128,10.4453125,28.894623523622048,0.0,0.0,0.0
psi-int,transfer,calibration,4,114,6.0,12.0,128,20.46875,19.558070866141733,0.0,0.0,0.0
psi-int,transfer,calibration,4,114,7.0,-14.0,128,-17.375,21.811023622047244,0.0,0.0,0.0
psi-int,transfer,calibration,4,114,7.0,-7.0,128,-9.0078125,26.684977854330707,0.0,0.0,0.0
psi-int,transfer,calibration,4,114,7.0,7.0,128,11.7734375,25.908895177165356,0.0,0.0,0.0
psi-int,transfer,calibration,4,114,7.0,14.0,128,23.1015625,17.572281003937007,0.0,0.0,0.0
psi-int,transfer,calibration,4,114,8.0,-16.0,128,-20.0859375,19.402005413385826,0.0,0.0,0.0
psi-int,transfer,calibration,4,114,8.0,-8.0,128,-10.3125,18.625984251968504,0.0,0.0,0.0
psi-int,transfer,calibration,4,114,8.0,8.0,128,12.90625,26.353346456692915,0.0,0.0,0.0
psi-int,transfer,calibration,4,114,8.0,16.0,128,25.7109375,18.443343996062993,0.0,0.0,0.0
psi-int,transfer,calibration,4,114,9.0,-18.0,128,-22.6015625,22.651021161417322,0.0,0.0,0.0
psi-int,transfer,calibration,4,114,9.0,-9.0,128,-11.6875,20.736220472440944,0.0,0.0,0.0
psi-int,transfer,calibration,4,114,9.0,9.0,128,14.4921875,28.913324311023622,0.0,0.0,0.0
psi-int,transfer,calibration,4,114,9.0,18.0,128,27.6328125,19.21056840551181,0.0,0.0,0.0
psi-int,transfer,calibration,4,114,10.0,-20.0,128,-24.609375,23.609990157480315,0.0,0.0,0.0
psi-int,transfer,calibration,4,114,10.0,-10.0,128,-12.6953125,21.25289124015748,0.0,0.0,0.0
psi-int,transfer,calibration,4,114,10.0,10.0,128,15.3984375,27.879367618110237,0.0,0.0,0.0
psi-int,transfer,calibration,4,114,10.0,20.0,128,30.6953125,20.213521161417322,0.0,0.0,0.0
psi-int,transfer,calibration,4,114,11.0,-22.0,128,-26.4296875,21.58556840551181,0.0,0.0,0.0
psi-int,transfer,calibration,4,114,11.0,-11.0,128,-13.4609375,23.006336122047244,0.0,0.0,0.0
psi-int,transfer,calibration,4,114,11.0,11.0,128,16.25,29.19685039370079,0.0,0.0,0.0
psi-int,transfer,calibration,4,114,11.0,22.0,128,32.46875,20.07775590551181,0.0,0.0,0.0
psi-int,transfer,calibration,4,114,12.0,-24.0,128,-28.4765625,24.739603838582678,0.0,0.0,0.0
psi-int,transfer,calibration,4,114,12.0,-12.0,128,-14.4296875,18.93989911417323,0.0,0.0,0.0
psi-int,transfer,calibration,4,114,12.0,12.0,128,16.8359375,32.01224163385827,0.0,0.0,0.0
psi-int,transfer,calibration,4,114,12.0,24.0,128,34.5546875,17.776513287401574,0.0,0.0,0.0
psi-int,transfer,calibration,4,114,13.0,-26.0,128,-30.4921875,26.346395177165356,0.0,0.0,0.0
psi-int,transfer,calibration,4,114,13.0,-13.0,128,-15.9296875,22.286355807086615,0.0,0.0,0.0
psi-int,transfer,calibration,4,114,13.0,13.0,128,17.8828125,29.773560531496063,0.0,0.0,0.0
psi-int,transfer,calibration,4,114,13.0,26.0,128,36.4375,19.980314960629922,0.0,0.0,0.0
psi-int,transfer,calibration,4,114,14.0,-28.0,128,-31.84375,21.43996062992126,0.0,0.0,0.0
psi-int,transfer,calibration,4,114,14.0,-14.0,128,-16.328125,23.009596456692915,0.0,0.0,0.0
psi-int,transfer,calibration,4,114,14.0,14.0,128,18.7421875,34.46056840551181,0.0,0.0,0.0
psi-int,transfer,calibration,4,114,14.0,28.0,128,38.2265625,21.87739911417323,0.0,0.0,0.0
psi-int,transfer,calibration,4,114,15.0,-30.0,128,-33.5625,22.216535433070867,0.0,0.0,0.0
psi-int,transfer,calibration,4,114,15.0,-15.0,128,-17.515625,19.889517716535433,0.0,0.0,0.0
psi-int,transfer,calibration,4,114,15.0,15.0,128,20.28125,29.006889763779526,0.0,0.0,0.0
psi-int,transfer,calibration,4,114,15.0,30.0,128,40.7109375,17.73468257874016,0.0,0.0,0.0
psi-int,transfer,calibration,4,114,16.0,-32.0,128,-35.2421875,19.177103838582678,0.0,0.0,0.0
psi-int,transfer,calibration,4,114,16.0,-16.0,128,-18.5,20.31496062992126,0.0,0.0,0.0
psi-int,transfer,calibration,4,114,16.0,16.0,128,20.9296875,28.85328494094488,0.0,0.0,0.0
psi-int,transfer,calibration,4,114,16.0,32.0,128,42.53125,16.880905511811022,0.0,0.0,0.0
psi-int,transfer,calibration,4,114,17.0,-34.0,128,-37.4765625,22.69235974409449,0.0,0.0,0.0
psi-int,transfer,calibration,4,114,17.0,-17.0,128,-19.765625,19.802903543307085,0.0,0.0,0.0
psi-int,transfer,calibration,4,114,17.0,17.0,128,21.6796875,31.164308562992126,0.0,0.0,0.0
psi-int,transfer,calibration,4,114,17.0,34.0,128,44.203125,15.375738188976378,0.0,0.0,0.0
psi-int,transfer,calibration,4,114,18.0,-36.0,128,-39.2890625,21.419721948818896,0.0,0.0,0.0
psi-int,transfer,calibration,4,114,18.0,-18.0,128,-19.9375,21.14566929133858,0.0,0.0,0.0
psi-int,transfer,calibration,4,114,18.0,18.0,128,22.6171875,29.702694389763778,0.0,0.0,0.0
psi-int,transfer,calibration,4,114,18.0,36.0,128,46.5,20.881889763779526,0.0,0.0,0.0
psi-int,transfer,calibration,4,114,19.0,-38.0,128,-40.734375,19.897391732283463,0.0,0.0,0.0
psi-int,transfer,calibration,4,114,19.0,-19.0,128,-21.21875,20.77066929133858,0.0,0.0,0.0
psi-int,transfer,calibration,4,114,19.0,19.0,128,23.4375,26.625984251968504,0.0,0.0,0.0
psi-int,transfer,calibration,4,114,19.0,38.0,128,48.46875,22.39271653543307,0.0,0.0,0.0
psi-int,transfer,calibration,4,114,20.0,-40.0,128,-42.9453125,20.367064468503937,0.0,0.0,0.0
psi-int,transfer,calibration,4,114,20.0,-20.0,128,-22.3359375,20.933501476377952,0.0,0.0,0.0
psi-int,transfer,calibration,4,114,20.0,20.0,128,24.5703125,23.711552657480315,0.0,0.0,0.0
psi-int,transfer,calibration,4,114,20.0,40.0,128,49.953125,21.289124015748033,0.0,0.0,0.0
psi-int,transfer,calibration,4,114,21.0,-42.0,128,-44.71875,20.833661417322833,0.0,0.0,0.0
psi-int,transfer,calibration,4,114,21.0,-21.0,128,-23.6328125,20.67513533464567,0.0,0.0,0.0
psi-int,transfer,calibration,4,114,21.0,21.0,128,25.3125,26.515748031496063,0.0,0.0,0.0
psi-int,transfer,calibration,4,114,21.0,42.0,128,51.1875,23.208661417322833,0.0,0.0,0.0
psi-int,transfer,calibration,4,114,22.0,-44.0,128,-46.6171875,18.364111712598426,0.0,0.0,0.0
psi-int,transfer,calibration,4,114,22.0,-22.0,128,-24.2421875,27.12985974409449,0.0,0.0,0.0
psi-int,transfer,calibration,4,114,22.0,22.0,128,26.125,26.64566929133858,0.0,0.0,0.0
psi-int,transfer,calibration,4,114,22.0,44.0,128,53.46875,22.424212598425196,0.0,0.0,0.0
psi-int,transfer,calibration,4,114,23.0,-46.0,128,-48.2890625,22.74255659448819,0.0,0.0,0.0
psi-int,transfer,calibration,4,114,23.0,-23.0,128,-24.921875,23.537155511811022,0.0,0.0,0.0
psi-int,transfer,calibration,4,114,23.0,23.0,128,26.421875,28.15132874015748,0.0,0.0,0.0
psi-int,transfer,calibration,4,114,23.0,46.0,128,55.1015625,21.05259596456693,0.0,0.0,0.0
psi-int,transfer,calibration,4,114,24.0,-48.0,128,-49.78125,18.86515748031496,0.0,0.0,0.0
psi-int,transfer,calibration,4,114,24.0,-24.0,128,-26.0859375,24.04767470472441,0.0,0.0,0.0
psi-int,transfer,calibration,4,114,24.0,24.0,128,27.2109375,29.04964320866142,0.0,0.0,0.0
psi-int,transfer,calibration,4,114,24.0,48.0,128,57.0078125,18.291277066929133,0.0,0.0,0.0
psi-int,transfer,calibration,4,114,25.0,-50.0,128,-51.8671875,20.194820374015748,0.0,0.0,0.0
psi-int,transfer,calibration,4,114,25.0,-25.0,128,-26.9140625,23.134288877952756,0.0,0.0,0.0
psi-int,transfer,calibration,4,114,25.0,25.0,128,28.0859375,25.134288877952756,0.0,0.0,0.0
psi-int,transfer,calibration,4,114,25.0,50.0,128,59.484375,20.708415354330707,0.0,0.0,0.0
psi-int,transfer,calibration,4,114,26.0,-52.0,128,-53.28125,21.16437007874016,0.0,0.0,0.0
psi-int,transfer,calibration,4,114,26.0,-26.0,128,-28.484375,23.511564960629922,0.0,0.0,0.0
psi-int,transfer,calibration,4,114,26.0,26.0,128,28.8203125,28.479269192913385,0.0,0.0,0.0
psi-int,transfer,calibration,4,114,26.0,52.0,128,61.1484375,21.214013287401574,0.0,0.0,0.0
psi-int,transfer,calibration,4,114,27.0,-54.0,128,-54.59375,21.9753937007874,0.0,0.0,0.0
psi-int,transfer,calibration,4,114,27.0,-27.0,128,-28.609375,24.145423228346456,0.0,0.0,0.0
psi-int,transfer,calibration,4,114,27.0,27.0,128,30.09375,27.361220472440944,0.0,0.0,0.0
psi-int,transfer,calibration,4,114,27.0,54.0,128,63.03125,25.038385826771652,0.0,0.0,0.0
psi-int,transfer,calibration,4,114,28.0,-56.0,128,-56.640625,20.26353346456693,0.0,0.0,0.0
psi-int,transfer,calibration,4,114,28.0,-28.0,128,-29.7421875,22.901513287401574,0.0,0.0,0.0
psi-int,transfer,calibration,4,114,28.0,28.0,128,30.8125,28.72047244094488,0.0,0.0,0.0
psi-int,transfer,calibration,4,114,28.0,56.0,128,65.0859375,21.653973917322833,0.0,0.0,0.0
psi-int,transfer,calibration,4,114,29.0,-58.0,128,-58.1796875,23.23517470472441,0.0,0.0,0.0
psi-int,transfer,calibration,4,114,29.0,-29.0,128,-30.75,24.236220472440944,0.0,0.0,0.0
psi-int,transfer,calibration,4,114,29.0,29.0,128,31.2421875,25.476316437007874,0.0,0.0,0.0
psi-int,transfer,calibration,4,114,29.0,58.0,128,66.5703125,17.58556840551181,0.0,0.0,0.0
psi-int,transfer,calibration,4,114,30.0,-60.0,128,-60.265625,19.109990157480315,0.0,0.0,0.0
psi-int,transfer,calibration,4,114,30.0,-30.0,128,-31.34375,26.731299212598426,0.0,0.0,0.0
psi-int,transfer,calibration,4,114,30.0,30.0,128,32.0546875,25.359190452755904,0.0,0.0,0.0
psi-int,transfer,calibration,4,114,30.0,60.0,128,69.1015625,15.902989665354331,0.0,0.0,0.0
psi-int,transfer,calibration,4,114,31.0,-62.0,128,-62.2578125,18.318836122047244,0.0,0.0,0.0
psi-int,transfer,calibration,4,114,31.0,-31.0,128,-32.3984375,22.147084153543307,0.0,0.0,0.0
psi-int,transfer,calibration,4,114,31.0,31.0,128,32.8671875,26.163324311023622,0.0,0.0,0.0
psi-int,transfer,calibration,4,114,31.0,62.0,128,71.1640625,20.5949187992126,0.0,0.0,0.0
psi-int,transfer,calibration,5,127,0.0,-0.0,128,-0.1796875,1.0304502952755905,0.0,0.0,0.0
psi-int,transfer,calibration,5,127,0.0,-0.0,128,-0.140625,1.0824311023622046,0.0,0.0,0.0
psi-int,transfer,calibration,5,127,0.0,0.0,128,-0.203125,0.7930610236220472,0.0,0.0,0.0
psi-int,transfer,calibration,5,127,0.0,0.0,128,-0.1875,0.8464566929133859,0.0,0.0,0.0
psi-int,transfer,calibration,5,127,1.0,-2.0,128,3.34375,14.243110236220472,0.0,0.0,0.0
psi-int,transfer,calibration,5,127,1.0,-1.0,128,2.71875,15.18011811023622,0.0,0.0,0.0
psi-int,transfer,calibration,5,127,1.0,1.0,128,4.0546875,16.54029281496063,0.0,0.0,0.0
psi-int,transfer,calibration,5,127,1.0,2.0,128,3.8828125,18.324741633858267,0.0,0.0,0.0
psi-int,transfer,calibration,5,127,2.0,-4.0,128,3.28125,14.062007874015748,0.0,0.0,0.0
psi-int,transfer,calibration,5,127,2.0,-2.0,128,2.25,15.700787401574804,0.0,0.0,0.0
psi-int,transfer,calibration,5,127,2.0,2.0,128,4.1328125,15.186946358267717,0.0,0.0,0.0
psi-int,transfer,calibration,5,127,2.0,4.0,128,3.7578125,16.15348179133858,0.0,0.0,0.0
psi-int,transfer,calibration,5,127,3.0,-6.0,128,-0.1328125,13.092458169291339,0.0,0.0,0.0
psi-int,transfer,calibration,5,127,3.0,-3.0,128,-0.796875,22.352116141732285,0.0,0.0,0.0
psi-int,transfer,calibration,5,127,3.0,3.0,128,2.078125,15.442667322834646,0.0,0.0,0.0
psi-int,transfer,calibration,5,127,3.0,6.0,128,3.3046875,15.394623523622048,0.0,0.0,0.0
psi-int,transfer,calibration,5,127,4.0,-8.0,128,-3.296875,12.525344488188976,0.0,0.0,0.0
psi-int,transfer,calibration,5,127,4.0,-4.0,128,-0.828125,14.663139763779528,0.0,0.0,0.0
psi-int,transfer,calibration,5,127,4.0,4.0,128,9.34375,17.81791338582677,0.0,0.0,0.0
psi-int,transfer,calibration,5,127,4.0,8.0,128,14.703125,15.564714566929133,0.0,0.0,0.0
psi-int,transfer,calibration,5,127,5.0,-10.0,128,-5.5703125,11.349347933070867,0.0,0.0,0.0
psi-int,transfer,calibration,5,127,5.0,-5.0,128,-1.828125,18.127706692913385,0.0,0.0,0.0
psi-int,transfer,calibration,5,127,5.0,5.0,128,12.4921875,17.921198326771652,0.0,0.0,0.0
psi-int,transfer,calibration,5,127,5.0,10.0,128,18.7734375,14.397084153543307,0.0,0.0,0.0
psi-int,transfer,calibration,5,127,6.0,-12.0,128,-8.2578125,13.783403051181102,0.0,0.0,0.0
psi-int,transfer,calibration,5,127,6.0,-6.0,128,-2.6328125,20.06096210629921,0.0,0.0,0.0
psi-int,transfer,calibration,5,127,6.0,6.0,128,14.515625,15.747785433070867,0.0,0.0,0.0
psi-int,transfer,calibration,5,127,6.0,12.0,128,21.3125,15.807086614173228,0.0,0.0,0.0
psi-int,transfer,calibration,5,127,7.0,-14.0,128,-10.515625,10.97613188976378,0.0,0.0,0.0
psi-int,transfer,calibration,5,127,7.0,-7.0,128,-3.71875,18.361220472440944,0.0,0.0,0.0
psi-int,transfer,calibration,5,127,7.0,7.0,128,15.3984375,14.808501476377952,0.0,0.0,0.0
psi-int,transfer,calibration,5,127,7.0,14.0,128,23.9375,17.46062992125984,0.0,0.0,0.0
psi-int,transfer,calibration,5,127,8.0,-16.0,128,-12.5390625,10.974840059055119,0.0,0.0,0.0
psi-int,transfer,calibration,5,127,8.0,-8.0,128,-5.0,17.322834645669293,0.0,0.0,0.0
psi-int,transfer,calibration,5,127,8.0,8.0,128,16.7734375,15.735666830708661,0.0,0.0,0.0
psi-int,transfer,calibration,5,127,8.0,16.0,128,26.1875,15.98031496062992,0.0,0.0,0.0
psi-int,transfer,calibration,5,127,9.0,-18.0,128,-14.953125,13.084399606299213,0.0,0.0,0.0
psi-int,transfer,calibration,5,127,9.0,-9.0,128,-5.796875,16.336368110236222,0.0,0.0,0.0
psi-int,transfer,calibration,5,127,9.0,9.0,128,18.0859375,16.268147145669293,0.0,0.0,0.0
psi-int,transfer,calibration,5,127,9.0,18.0,128,28.5078125,19.54324557086614,0.0,0.0,0.0
psi-int,transfer,calibration,5,127,10.0,-20.0,128,-16.34375,10.731299212598426,0.0,0.0,0.0
psi-int,transfer,calibration,5,127,10.0,-10.0,128,-6.8984375,18.94235974409449,0.0,0.0,0.0
psi-int,transfer,calibration,5,127,10.0,10.0,128,19.359375,15.617864173228346,0.0,0.0,0.0
psi-int,transfer,calibration,5,127,10.0,20.0,128,30.1015625,15.777005413385826,0.0,0.0,0.0
psi-int,transfer,calibration,5,127,11.0,-22.0,128,-18.8359375,12.138225885826772,0.0,0.0,0.0
psi-int,transfer,calibration,5,127,11.0,-11.0,128,-7.625,16.488188976377952,0.0,0.0,0.0
psi-int,transfer,calibration,5,127,11.0,11.0,128,19.875,14.598425196850394,0.0,0.0,0.0
psi-int,transfer,calibration,5,127,11.0,22.0,128,32.4609375,17.022084153543307,0.0,0.0,0.0
psi-int,transfer,calibration,5,127,12.0,-24.0,128,-20.3515625,13.017162893700787,0.0,0.0,0.0
psi-int,transfer,calibration,5,127,12.0,-12.0,128,-8.6015625,15.706139271653543,0.0,0.0,0.0
psi-int,transfer,calibration,5,127,12.0,12.0,128,21.3125,15.01968503937008,0.0,0.0,0.0
psi-int,transfer,calibration,5,127,12.0,24.0,128,34.5078125,15.936946358267717,0.0,0.0,0.0
psi-int,transfer,calibration,5,127,13.0,-26.0,128,-21.8515625,12.993540846456693,0.0,0.0,0.0
psi-int,transfer,calibration,5,127,13.0,-13.0,128,-9.4921875,15.779466043307087,0.0,0.0,0.0
psi-int,transfer,calibration,5,127,13.0,13.0,128,22.546875,16.186761811023622,0.0,0.0,0.0
psi-int,transfer,calibration,5,127,13.0,26.0,128,36.4375,13.55511811023622,0.0,0.0,0.0
psi-int,transfer,calibration,5,127,14.0,-28.0,128,-23.1328125,11.816867618110237,0.0,0.0,0.0
psi-int,transfer,calibration,5,127,14.0,-14.0,128,-10.8515625,15.2455093503937,0.0,0.0,0.0
psi-int,transfer,calibration,5,127,14.0,14.0,128,23.546875,14.108021653543307,0.0,0.0,0.0
psi-int,transfer,calibration,5,127,14.0,28.0,128,38.1171875,15.159387303149606,0.0,0.0,0.0
psi-int,transfer,calibration,5,127,15.0,-30.0,128,-24.9453125,10.524544783464567,0.0,0.0,0.0
psi-int,transfer,calibration,5,127,15.0,-15.0,128,-11.828125,19.592273622047244,0.0,0.0,0.0
psi-int,transfer,calibration,5,127,15.0,15.0,128,23.984375,15.952509842519685,0.0,0.0,0.0
psi-int,transfer,calibration,5,127,15.0,30.0,128,39.6953125,17.709584153543307,0.0,0.0,0.0
psi-int,transfer,calibration,5,127,16.0,-32.0,128,-26.578125,10.907234251968504,0.0,0.0,0.0
psi-int,transfer,calibration,5,127,16.0,-16.0,128,-12.5390625,17.41578494094488,0.0,0.0,0.0
psi-int,transfer,calibration,5,127,16.0,16.0,128,25.375,16.771653543307085,0.0,0.0,0.0
psi-int,transfer,calibration,5,127,16.0,32.0,128,41.484375,14.81865157480315,0.0,0.0,0.0
psi-int,transfer,calibration,5,127,17.0,-34.0,128,-27.7578125,11.051119586614174,0.0,0.0,0.0
psi-int,transfer,calibration,5,127,17.0,-17.0,128,-13.265625,15.771407480314961,0.0,0.0,0.0
psi-int,transfer,calibration,5,127,17.0,17.0,128,26.1953125,14.189899114173228,0.0,0.0,0.0
psi-int,transfer,calibration,5,127,17.0,34.0,128,43.3828125,16.458599901574804,0.0,0.0,0.0
psi-int,transfer,calibration,5,127,18.0,-36.0,128,-29.3125,11.17716535433071,0.0,0.0,0.0
psi-int,transfer,calibration,5,127,18.0,-18.0,128,-14.3125,16.61023622047244,0.0,0.0,0.0
psi-int,transfer,calibration,5,127,18.0,18.0,128,27.53125,15.731299212598426,0.0,0.0,0.0
psi-int,transfer,calibration,5,127,18.0,36.0,128,44.890625,18.42888779527559,0.0,0.0,0.0
psi-int,transfer,calibration,5,127,19.0,-38.0,128,-30.6015625,12.99747785433071,0.0,0.0,0.0
psi-int,transfer,calibration,5,127,19.0,-19.0,128,-14.9453125,14.792261318897637,0.0,0.0,0.0
psi-int,transfer,calibration,5,127,19.0,19.0,128,27.921875,15.190698818897637,0.0,0.0,0.0
psi-int,transfer,calibration,5,127,19.0,38.0,128,46.8046875,18.867064468503937,0.0,0.0,0.0
psi-int,transfer,calibration,5,127,20.0,-40.0,128,-32.421875,13.600147637795276,0.0,0.0,0.0
psi-int,transfer,calibration,5,127,20.0,-20.0,128,-15.90625,14.6998031496063,0.0,0.0,0.0
psi-int,transfer,calibration,5,127,20.0,20.0,128,28.921875,16.214320866141733,0.0,0.0,0.0
psi-int,transfer,calibration,5,127,20.0,40.0,128,48.4921875,18.80308809055118,0.0,0.0,0.0
psi-int,transfer,calibration,5,127,21.0,-42.0,128,-34.2265625,12.066375492125983,0.0,0.0,0.0
psi-int,transfer,calibration,5,127,21.0,-21.0,128,-16.953125,17.777312992125985,0.0,0.0,0.0
psi-int,transfer,calibration,5,127,21.0,21.0,128,29.8984375,14.343934547244094,0.0,0.0,0.0
psi-int,transfer,calibration,5,127,21.0,42.0,128,50.0,21.322834645669293,0.0,0.0,0.0
psi-int,transfer,calibration,5,127,22.0,-44.0,128,-35.515625,11.779281496062993,0.0,0.0,0.0
psi-int,transfer,calibration,5,127,22.0,-22.0,128,-17.703125,18.100147637795274,0.0,0.0,0.0
psi-int,transfer,calibration,5,127,22.0,22.0,128,30.8125,14.547244094488189,0.0,0.0,0.0
psi-int,transfer,calibration,5,127,22.0,44.0,128,51.4140625,17.866572342519685,0.0,0.0,0.0
psi-int,transfer,calibration,5,127,23.0,-46.0,128,-37.0625,10.421259842519685,0.0,0.0,0.0
psi-int,transfer,calibration,5,127,23.0,-23.0,128,-18.625,18.299212598425196,0.0,0.0,0.0
psi-int,transfer,calibration,5,127,23.0,23.0,128,31.734375,14.87376968503937,0.0,0.0,0.0
psi-int,transfer,calibration,5,127,23.0,46.0,128,53.265625,18.905265748031496,0.0,0.0,0.0
psi-int,transfer,calibration,5,127,24.0,-48.0,128,-38.71875,14.298228346456693,0.0,0.0,0.0
psi-int,transfer,calibration,5,127,24.0,-24.0,128,-19.3359375,17.09098179133858,0.0,0.0,0.0
psi-int,transfer,calibration,5,127,24.0,24.0,128,32.484375,15.35408464566929,0.0,0.0,0.0
psi-int,transfer,calibration,5,127,24.0,48.0,128,55.1015625,16.028973917322833,0.0,0.0,0.0
psi-int,transfer,calibration,5,127,25.0,-50.0,128,-40.6328125,11.793245570866143,0.0,0.0,0.0
psi-int,transfer,calibration,5,127,25.0,-25.0,128,-20.0859375,16.551611712598426,0.0,0.0,0.0
psi-int,transfer,calibration,5,127,25.0,25.0,128,33.359375,17.06668307086614,0.0,0.0,0.0
psi-int,transfer,calibration,5,127,25.0,50.0,128,56.90625,19.581692913385826,0.0,0.0,0.0
psi-int,transfer,calibration,5,127,26.0,-52.0,128,-41.6953125,10.906434547244094,0.0,0.0,0.0
psi-int,transfer,calibration,5,127,26.0,-26.0,128,-20.9140625,15.811454232283465,0.0,0.0,0.0
psi-int,transfer,calibration,5,127,26.0,26.0,128,34.703125,15.974163385826772,0.0,0.0,0.0
psi-int,transfer,calibration,5,127,26.0,52.0,128,58.8203125,18.306040846456693,0.0,0.0,0.0
psi-int,transfer,calibration,5,127,27.0,-54.0,128,-43.2265625,14.790784940944881,0.0,0.0,0.0
psi-int,transfer,calibration,5,127,27.0,-27.0,128,-22.109375,16.586368110236222,0.0,0.0,0.0
psi-int,transfer,calibration,5,127,27.0,27.0,128,35.4375,13.208661417322835,0.0,0.0,0.0
psi-int,transfer,calibration,5,127,27.0,54.0,128,59.8046875,17.57572588582677,0.0,0.0,0.0
psi-int,transfer,calibration,5,127,28.0,-56.0,128,-44.671875,10.899360236220472,0.0,0.0,0.0
psi-int,transfer,calibration,5,127,28.0,-28.0,128,-22.578125,17.033218503937007,0.0,0.0,0.0
psi-int,transfer,calibration,5,127,28.0,28.0,128,36.6171875,14.427103838582678,0.0,0.0,0.0
psi-int,transfer,calibration,5,127,28.0,56.0,128,61.828125,22.285187007874015,0.0,0.0,0.0
psi-int,transfer,calibration,5,127,29.0,-58.0,128,-46.484375,13.952509842519685,0.0,0.0,0.0
psi-int,transfer,calibration,5,127,29.0,-29.0,128,-23.484375,20.330462598425196,0.0,0.0,0.0
psi-int,transfer,calibration,5,127,29.0,29.0,128,37.4921875,15.307025098425196,0.0,0.0,0.0
psi-int,transfer,calibration,5,127,29.0,58.0,128,63.0390625,17.707123523622048,0.0,0.0,0.0
psi-int,transfer,calibration,5,127,30.0,-60.0,128,-47.5546875,11.933993602362206,0.0,0.0,0.0
psi-int,transfer,calibration,5,127,30.0,-30.0,128,-23.859375,16.452509842519685,0.0,0.0,0.0
psi-int,transfer,calibration,5,127,30.0,30.0,128,38.0234375,16.778973917322833,0.0,0.0,0.0
psi-int,transfer,calibration,5,127,30.0,60.0,128,64.7421875,15.61017470472441,0.0,0.0,0.0
psi-int,transfer,calibration,5,127,31.0,-62.0,128,-49.3984375,12.414800688976378,0.0,0.0,0.0
psi-int,transfer,calibration,5,127,31.0,-31.0,128,-24.7734375,17.53094242125984,0.0,0.0,0.0
psi-int,transfer,calibration,5,127,31.0,31.0,128,38.9765625,17.188422736220474,0.0,0.0,0.0
psi-int,transfer,calibration,5,127,31.0,62.0,128,66.703125,15.029281496062993,0.0,0.0,0.0
psi-int,transfer,calibration,6,11,0.0,-0.0,128,0.171875,0.6788877952755905,0.0,0.0,0.0
psi-int,transfer,calibration,6,11,0.0,-0.0,128,0.1171875,0.7026943897637795,0.0,0.0,0.0
psi-int,transfer,calibration,6,11,0.0,0.0,128,0.2578125,0.7597810039370079,0.0,0.0,0.0
psi-int,transfer,calibration,6,11,0.0,0.0,128,-0.03125,0.9753937007874016,0.0,0.0,0.0
psi-int,transfer,calibration,6,11,1.0,-2.0,128,-7.765625,16.732037401574804,0.0,0.0,0.0
psi-int,transfer,calibration,6,11,1.0,-1.0,128,-8.71875,18.5501968503937,0.0,0.0,0.0
psi-int,transfer,calibration,6,11,1.0,1.0,128,-9.53125,17.6998031496063,0.0,0.0,0.0
psi-int,transfer,calibration,6,11,1.0,2.0,128,-7.140625,13.42888779527559,0.0,0.0,0.0
psi-int,transfer,calibration,6,11,2.0,-4.0,128,-12.609375,15.37376968503937,0.0,0.0,0.0
psi-int,transfer,calibration,6,11,2.0,-2.0,128,-12.671875,20.88361220472441,0.0,0.0,0.0
psi-int,transfer,calibration,6,11,2.0,2.0,128,-9.9375,15.633858267716535,0.0,0.0,0.0
psi-int,transfer,calibration,6,11,2.0,4.0,128,-5.7421875,15.373954232283465,0.0,0.0,0.0
psi-int,transfer,calibration,6,11,3.0,-6.0,128,-14.421875,17.757627952755904,0.0,0.0,0.0
psi-int,transfer,calibration,6,11,3.0,-3.0,128,-11.7109375,17.38822588582677,0.0,0.0,0.0
psi-int,transfer,calibration,6,11,3.0,3.0,128,-3.4140625,15.00043061023622,0.0,0.0,0.0
psi-int,transfer,calibration,6,11,3.0,6.0,128,3.0546875,15.831631397637794,0.0,0.0,0.0
psi-int,transfer,calibration,6,11,4.0,-8.0,128,-17.40625,16.558070866141733,0.0,0.0,0.0
psi-int,transfer,calibration,6,11,4.0,-4.0,128,-13.109375,16.63361220472441,0.0,0.0,0.0
psi-int,transfer,calibration,6,11,4.0,4.0,128,-1.359375,13.74384842519685,0.0,0.0,0.0
psi-int,transfer,calibration,6,11,4.0,8.0,128,6.6328125,15.352300688976378,0.0,0.0,0.0
psi-int,transfer,calibration,6,11,5.0,-10.0,128,-19.5390625,14.329170767716535,0.0,0.0,0.0
psi-int,transfer,calibration,6,11,5.0,-5.0,128,-14.1171875,23.049151082677167,0.0,0.0,0.0
psi-int,transfer,calibration,6,11,5.0,5.0,128,0.015625,17.07062007874016,0.0,0.0,0.0
psi-int,transfer,calibration,6,11,5.0,10.0,128,9.21875,17.038385826771652,0.0,0.0,0.0
psi-int,transfer,calibration,6,11,6.0,-12.0,128,-21.8671875,16.163324311023622,0.0,0.0,0.0
psi-int,transfer,calibration,6,11,6.0,-6.0,128,-16.015625,18.535187007874015,0.0,0.0,0.0
psi-int,transfer,calibration,6,11,6.0,6.0,128,1.7265625,16.971887303149607,0.0,0.0,0.0
psi-int,transfer,calibration,6,11,6.0,12.0,128,11.46875,13.558070866141732,0.0,0.0,0.0
psi-int,transfer,calibration,6,11,7.0,-14.0,128,-23.5546875,13.855253444881889,0.0,0.0,0.0
psi-int,transfer,calibration,6,11,7.0,-7.0,128,-16.90625,17.644685039370078,0.0,0.0,0.0
psi-int,transfer,calibration,6,11,7.0,7.0,128,3.40625,15.691929133858268,0.0,0.0,0.0
psi-int,transfer,calibration,6,11,7.0,14.0,128,14.078125,17.836368110236222,0.0,0.0,0.0
psi-int,transfer,calibration,6,11,8.0,-16.0,128,-25.6484375,11.14314714566929,0.0,0.0,0.0
psi-int,transfer,calibration,6,11,8.0,-8.0,128,-17.71875,20.455708661417322,0.0,0.0,0.0
psi-int,transfer,calibration,6,11,8.0,8.0,128,4.0546875,16.776513287401574,0.0,0.0,0.0
psi-int,transfer,calibration,6,11,8.0,16.0,128,16.3984375,18.682517224409448,0.0,0.0,0.0
psi-int,transfer,calibration,6,11,9.0,-18.0,128,-27.8359375,13.161847933070867,0.0,0.0,0.0
psi-int,transfer,calibration,6,11,9.0,-9.0,128,-18.796875,17.832431102362204,0.0,0.0,0.0
psi-int,transfer,calibration,6,11,9.0,9.0,128,5.390625,14.759596456692913,0.0,0.0,0.0
psi-int,transfer,calibration,6,11,9.0,18.0,128,18.5625,19.744094488188978,0.0,0.0,0.0
psi-int,transfer,calibration,6,11,10.0,-20.0,128,-29.5,14.535433070866143,0.0,0.0,0.0
psi-int,transfer,calibration,6,11,10.0,-10.0,128,-19.828125,18.552903543307085,0.0,0.0,0.0
psi-int,transfer,calibration,6,11,10.0,10.0,128,6.9765625,15.487635334645669,0.0,0.0,0.0
psi-int,transfer,calibration,6,11,10.0,20.0,128,20.9453125,16.58753690944882,0.0,0.0,0.0
psi-int,transfer,calibration,6,11,11.0,-22.0,128,-31.1796875,14.40052903543307,0.0,0.0,0.0
psi-int,transfer,calibration,6,11,11.0,-11.0,128,-20.453125,18.39148622047244,0.0,0.0,0.0
psi-int,transfer,calibration,6,11,11.0,11.0,128,8.0703125,14.349347933070867,0.0,0.0,0.0
psi-int,transfer,calibration,6,11,11.0,22.0,128,22.953125,14.879675196850394,0.0,0.0,0.0
psi-int,transfer,calibration,6,11,12.0,-24.0,128,-32.84375,15.313976377952756,0.0,0.0,0.0
psi-int,transfer,calibration,6,11,12.0,-12.0,128,-21.375,16.89763779527559,0.0,0.0,0.0
psi-int,transfer,calibration,6,11,12.0,12.0,128,9.28125,12.660433070866143,0.0,0.0,0.0
psi-int,transfer,calibration,6,11,12.0,24.0,128,25.125,17.291338582677167,0.0,0.0,0.0
psi-int,transfer,calibration,6,11,13.0,-26.0,128,-34.515625,14.361958661417322,0.0,0.0,0.0
psi-int,transfer,calibration,6,11,13.0,-13.0,128,-22.3828125,18.631828248031496,0.0,0.0,0.0
psi-int,transfer,calibration,6,11,13.0,13.0,128,10.140625,15.113927165354331,0.0,0.0,0.0
psi-int,transfer,calibration,6,11,13.0,26.0,128,26.75,18.173228346456693,0.0,0.0,0.0
psi-int,transfer,calibration,6,11,14.0,-28.0,128,-35.9765625,17.503383366141733,0.0,0.0,0.0
psi-int,transfer,calibration,6,11,14.0,-14.0,128,-23.359375,23.476131889763778,0.0,0.0,0.0
psi-int,transfer,calibration,6,11,14.0,14.0,128,11.5078125,13.95269438976378,0.0,0.0,0.0
psi-int,transfer,calibration,6,11,14.0,28.0,128,28.578125,17.300935039370078,0.0,0.0,0.0
psi-int,transfer,calibration,6,11,15.0,-30.0,128,-37.9609375,14.069328248031496,0.0,0.0,0.0
psi-int,transfer,calibration,6,11,15.0,-15.0,128,-24.109375,20.050935039370078,0.0,0.0,0.0
psi-int,transfer,calibration,6,11,15.0,15.0,128,12.421875,15.30093503937008,0.0,0.0,0.0
psi-int,transfer,calibration,6,11,15.0,30.0,128,30.1953125,14.09541092519685,0.0,0.0,0.0
psi-int,transfer,calibration,6,11,16.0,-32.0,128,-39.078125,15.159202755905511,0.0,0.0,0.0
psi-int,transfer,calibration,6,11,16.0,-16.0,128,-25.1015625,23.131336122047244,0.0,0.0,0.0
psi-int,transfer,calibration,6,11,16.0,16.0,128,13.4765625,16.566375492125985,0.0,0.0,0.0
psi-int,transfer,calibration,6,11,16.0,32.0,128,32.0078125,15.85033218503937,0.0,0.0,0.0
psi-int,transfer,calibration,6,11,17.0,-34.0,128,-40.46875,17.81003937007874,0.0,0.0,0.0
psi-int,transfer,calibration,6,11,17.0,-17.0,128,-25.671875,20.505659448818896,0.0,0.0,0.0
psi-int,transfer,calibration,6,11,17.0,17.0,128,14.1640625,14.972871555118111,0.0,0.0,0.0
psi-int,transfer,calibration,6,11,17.0,34.0,128,34.1796875,15.361158956692913,0.0,0.0,0.0
psi-int,transfer,calibration,6,11,18.0,-36.0,128,-42.8984375,12.942359744094489,0.0,0.0,0.0
psi-int,transfer,calibration,6,11,18.0,-18.0,128,-26.2421875,21.271592027559056,0.0,0.0,0.0
psi-int,transfer,calibration,6,11,18.0,18.0,128,15.1171875,14.529466043307087,0.0,0.0,0.0
psi-int,transfer,calibration,6,11,18.0,36.0,128,35.4609375,15.35279281496063,0.0,0.0,0.0
psi-int,transfer,calibration,6,11,19.0,-38.0,128,-43.8828125,15.301119586614174,0.0,0.0,0.0
psi-int,transfer,calibration,6,11,19.0,-19.0,128,-27.21875,20.70767716535433,0.0,0.0,0.0
psi-int,transfer,calibration,6,11,19.0,19.0,128,15.8515625,16.93054872047244,0.0,0.0,0.0
psi-int,transfer,calibration,6,11,19.0,38.0,128,37.2578125,18.177103838582678,0.0,0.0,0.0
psi-int,transfer,calibration,6,11,20.0,-40.0,128,-45.15625,13.01476377952756,0.0,0.0,0.0
psi-int,transfer,calibration,6,11,20.0,-20.0,128,-27.8046875,17.08753690944882,0.0,0.0,0.0
psi-int,transfer,calibration,6,11,20.0,20.0,128,16.7734375,15.389210137795276,0.0,0.0,0.0
psi-int,transfer,calibration,6,11,20.0,40.0,128,38.6953125,15.536355807086615,0.0,0.0,0.0
psi-int,transfer,calibration,6,11,21.0,-42.0,128,-47.046875,19.556840551181104,0.0,0.0,0.0
psi-int,transfer,calibration,6,11,21.0,-21.0,128,-28.9140625,18.173658956692915,0.0,0.0,0.0
psi-int,transfer,calibration,6,11,21.0,21.0,128,17.6015625,14.871493602362206,0.0,0.0,0.0
psi-int,transfer,calibration,6,11,21.0,42.0,128,40.6796875,15.258796751968504,0.0,0.0,0.0
psi-int,transfer,calibration,6,11,22.0,-44.0,128,-48.609375,15.704478346456693,0.0,0.0,0.0
psi-int,transfer,calibration,6,11,22.0,-22.0,128,-29.4140625,19.40987942913386,0.0,0.0,0.0
psi-int,transfer,calibration,6,11,22.0,22.0,128,18.875,16.31496062992126,0.0,0.0,0.0
psi-int,transfer,calibration,6,11,22.0,44.0,128,42.046875,16.39148622047244,0.0,0.0,0.0
psi-int,transfer,calibration,6,11,23.0,-46.0,128,-50.0,18.346456692913385,0.0,0.0,0.0
psi-int,transfer,calibration,6,11,23.0,-23.0,128,-30.2265625,17.76716289370079,0.0,0.0,0.0
psi-int,transfer,calibration,6,11,23.0,23.0,128,19.328125,17.450541338582678,0.0,0.0,0.0
psi-int,transfer,calibration,6,11,23.0,46.0,128,44.140625,16.027312992125985,0.0,0.0,0.0
psi-int,transfer,calibration,6,11,24.0,-48.0,128,-51.4296875,13.506828248031496,0.0,0.0,0.0
psi-int,transfer,calibration,6,11,24.0,-24.0,128,-30.9765625,16.574249507874015,0.0,0.0,0.0
psi-int,transfer,calibration,6,11,24.0,24.0,128,20.6796875,18.23517470472441,0.0,0.0,0.0
psi-int,transfer,calibration,6,11,24.0,48.0,128,46.203125,16.65132874015748,0.0,0.0,0.0
psi-int,transfer,calibration,6,11,25.0,-50.0,128,-52.703125,16.115895669291337,0.0,0.0,0.0
psi-int,transfer,calibration,6,11,25.0,-25.0,128,-31.6640625,16.681532972440944,0.0,0.0,0.0
psi-int,transfer,calibration,6,11,25.0,25.0,128,21.71875,18.518700787401574,0.0,0.0,0.0
psi-int,transfer,calibration,6,11,25.0,50.0,128,47.4375,18.61023622047244,0.0,0.0,0.0
psi-int,transfer,calibration,6,11,26.0,-52.0,128,-54.1796875,14.432025098425196,0.0,0.0,0.0
psi-int,transfer,calibration,6,11,26.0,-26.0,128,-32.71875,16.81791338582677,0.0,0.0,0.0
psi-int,transfer,calibration,6,11,26.0,26.0,128,22.46875,15.290354330708661,0.0,0.0,0.0
psi-int,transfer,calibration,6,11,26.0,52.0,128,50.0390625,17.077202263779526,0.0,0.0,0.0
psi-int,transfer,calibration,6,11,27.0,-54.0,128,-55.921875,18.67101377952756,0.0,0.0,0.0
psi-int,transfer,calibration,6,11,27.0,-27.0,128,-33.2265625,18.397084153543307,0.0,0.0,0.0
psi-int,transfer,calibration,6,11,27.0,27.0,128,23.640625,15.098179133858268,0.0,0.0,0.0
psi-int,transfer,calibration,6,11,27.0,54.0,128,50.875,16.96062992125984,0.0,0.0,0.0
psi-int,transfer,calibration,6,11,28.0,-56.0,128,-56.9453125,14.839505413385826,0.0,0.0,0.0
psi-int,transfer,calibration,6,11,28.0,-28.0,128,-34.3671875,17.79324557086614,0.0,0.0,0.0
psi-int,transfer,calibration,6,11,28.0,28.0,128,24.3828125,17.71844242125984,0.0,0.0,0.0
psi-int,transfer,calibration,6,11,28.0,56.0,128,52.6953125,18.213521161417322,0.0,0.0,0.0
psi-int,transfer,calibration,6,11,29.0,-58.0,128,-58.46875,15.920275590551181,0.0,0.0,0.0
psi-int,transfer,calibration,6,11,29.0,-29.0,128,-35.0546875,16.933993602362204,0.0,0.0,0.0
psi-int,transfer,calibration,6,11,29.0,29.0,128,25.4375,15.523622047244094,0.0,0.0,0.0
psi-int,transfer,calibration,6,11,29.0,58.0,128,54.3828125,19.891670767716537,0.0,0.0,0.0
psi-int,transfer,calibration,6,11,30.0,-60.0,128,-59.7890625,15.915784940944881,0.0,0.0,0.0
psi-int,transfer,calibration,6,11,30.0,-30.0,128,-35.9140625,18.441375492125985,0.0,0.0,0.0
psi-int,transfer,calibration,6,11,30.0,30.0,128,26.46875,18.50295275590551,0.0,0.0,0.0
psi-int,transfer,calibration,6,11,30.0,60.0,128,56.0234375,14.322281003937007,0.0,0.0,0.0
psi-int,transfer,calibration,6,11,31.0,-62.0,128,-61.703125,14.572588582677165,0.0,0.0,0.0
psi-int,transfer,calibration,6,11,31.0,-31.0,128,-36.765625,19.976131889763778,0.0,0.0,0.0
psi-int,transfer,calibration,6,11,31.0,31.0,128,27.2890625,19.136257381889763,0.0,0.0,0.0
psi-int,transfer,calibration,6,11,31.0,62.0,128,57.6640625,16.98074557086614,0.0,0.0,0.0
psi-int,transfer,calibration,7,37,0.0,-0.0,128,0.125,0.8818897637795275,0.0,0.0,0.0
psi-int,transfer,calibration,7,37,0.0,-0.0,128,0.0078125,0.9526943897637795,0.0,0.0,0.0
psi-int,transfer,calibration,7,37,0.0,0.0,128,0.03125,0.7864173228346457,0.0,0.0,0.0
psi-int,transfer,calibration,7,37,0.0,0.0,128,0.1328125,0.9664739173228346,0.0,0.0,0.0
psi-int,transfer,calibration,7,37,1.0,-2.0,128,-9.1875,18.059055118110237,0.0,0.0,0.0
psi-int,transfer,calibration,7,37,1.0,-1.0,128,-5.6015625,19.091966043307085,0.0,0.0,0.0
psi-int,transfer,calibration,7,37,1.0,1.0,128,-5.546875,20.23400590551181,0.0,0.0,0.0
psi-int,transfer,calibration,7,37,1.0,2.0,128,-9.109375,18.460383858267715,0.0,0.0,0.0
psi-int,transfer,calibration,7,37,2.0,-4.0,128,-9.1328125,20.05308809055118,0.0,0.0,0.0
psi-int,transfer,calibration,7,37,2.0,-2.0,128,-5.7578125,20.04324557086614,0.0,0.0,0.0
psi-int,transfer,calibration,7,37,2.0,2.0,128,-4.8203125,22.888718011811022,0.0,0.0,0.0
psi-int,transfer,calibration,7,37,2.0,4.0,128,-8.25,21.84251968503937,0.0,0.0,0.0
psi-int,transfer,calibration,7,37,3.0,-6.0,128,-12.796875,20.399360236220474,0.0,0.0,0.0
psi-int,transfer,calibration,7,37,3.0,-3.0,128,-5.90625,20.684055118110237,0.0,0.0,0.0
psi-int,transfer,calibration,7,37,3.0,3.0,128,0.453125,20.800935039370078,0.0,0.0,0.0
psi-int,transfer,calibration,7,37,3.0,6.0,128,-0.4375,17.901574803149607,0.0,0.0,0.0
psi-int,transfer,calibration,7,37,4.0,-8.0,128,-19.125,17.700787401574804,0.0,0.0,0.0
psi-int,transfer,calibration,7,37,4.0,-4.0,128,-9.3125,18.61023622047244,0.0,0.0,0.0
psi-int,transfer,calibration,7,37,4.0,4.0,128,1.5625,25.712598425196852,0.0,0.0,0.0
psi-int,transfer,calibration,7,37,4.0,8.0,128,3.671875,17.686761811023622,0.0,0.0,0.0
psi-int,transfer,calibration,7,37,5.0,-10.0,128,-21.734375,23.157234251968504,0.0,0.0,0.0
psi-int,transfer,calibration,7,37,5.0,-5.0,128,-10.7109375,20.569328248031496,0.0,0.0,0.0
psi-int,transfer,calibration,7,37,5.0,5.0,128,3.7421875,27.846395177165356,0.0,0.0,0.0
psi-int,transfer,calibration,7,37,5.0,10.0,128,6.4140625,19.126414862204726,0.0,0.0,0.0
psi-int,transfer,calibration,7,37,6.0,-12.0,128,-24.5546875,20.84737942913386,0.0,0.0,0.0
psi-int,transfer,calibration,7,37,6.0,-6.0,128,-11.4296875,19.932025098425196,0.0,0.0,0.0
psi-int,transfer,calibration,7,37,6.0,6.0,128,4.984375,23.81077755905512,0.0,0.0,0.0
psi-int,transfer,calibration,7,37,6.0,12.0,128,9.1875,21.366141732283463,0.0,0.0,0.0
psi-int,transfer,calibration,7,37,7.0,-14.0,128,-26.6875,18.97244094488189,0.0,0.0,0.0
psi-int,transfer,calibration,7,37,7.0,-7.0,128,-12.609375,20.94857283464567,0.0,0.0,0.0
psi-int,transfer,calibration,7,37,7.0,7.0,128,6.359375,20.877706692913385,0.0,0.0,0.0
psi-int,transfer,calibration,7,37,7.0,14.0,128,12.0546875,16.949741633858267,0.0,0.0,0.0
psi-int,transfer,calibration,7,37,8.0,-16.0,128,-28.859375,18.657234251968504,0.0,0.0,0.0
psi-int,transfer,calibration,7,37,8.0,-8.0,128,-14.09375,17.28248031496063,0.0,0.0,0.0
psi-int,transfer,calibration,7,37,8.0,8.0,128,7.75,23.826771653543307,0.0,0.0,0.0
psi-int,transfer,calibration,7,37,8.0,16.0,128,14.765625,17.314714566929133,0.0,0.0,0.0
psi-int,transfer,calibration,7,37,9.0,-18.0,128,-30.1953125,21.213521161417322,0.0,0.0,0.0
psi-int,transfer,calibration,7,37,9.0,-9.0,128,-14.5703125,17.191867618110237,0.0,0.0,0.0
psi-int,transfer,calibration,7,37,9.0,9.0,128,8.9921875,25.78734005905512,0.0,0.0,0.0
psi-int,transfer,calibration,7,37,9.0,18.0,128,16.984375,16.07849409448819,0.0,0.0,0.0
psi-int,transfer,calibration,7,37,10.0,-20.0,128,-33.015625,19.49581692913386,0.0,0.0,0.0
psi-int,transfer,calibration,7,37,10.0,-10.0,128,-15.6796875,19.76273375984252,0.0,0.0,0.0
psi-int,transfer,calibration,7,37,10.0,10.0,128,10.5078125,25.464505413385826,0.0,0.0,0.0
psi-int,transfer,calibration,7,37,10.0,20.0,128,19.1875,16.248031496062993,0.0,0.0,0.0
psi-int,transfer,calibration,7,37,11.0,-22.0,128,-34.859375,18.84621062992126,0.0,0.0,0.0
psi-int,transfer,calibration,7,37,11.0,-11.0,128,-16.65625,15.896653543307087,0.0,0.0,0.0
psi-int,transfer,calibration,7,37,11.0,11.0,128,11.1171875,24.9074187992126,0.0,0.0,0.0
psi-int,transfer,calibration,7,37,11.0,22.0,128,21.296875,20.4308562992126,0.0,0.0,0.0
psi-int,transfer,calibration,7,37,12.0,-24.0,128,-36.7421875,16.429072342519685,0.0,0.0,0.0
psi-int,transfer,calibration,7,37,12.0,-12.0,128,-17.8203125,15.471395177165354,0.0,0.0,0.0
psi-int,transfer,calibration,7,37,12.0,12.0,128,12.5625,22.153543307086615,0.0,0.0,0.0
psi-int,transfer,calibration,7,37,12.0,24.0,128,23.609375,18.649360236220474,0.0,0.0,0.0
psi-int,transfer,calibration,7,37,13.0,-26.0,128,-38.453125,18.32849409448819,0.0,0.0,0.0
psi-int,transfer,calibration,7,37,13.0,-13.0,128,-18.6484375,18.576218011811022,0.0,0.0,0.0
psi-int,transfer,calibration,7,37,13.0,13.0,128,13.1328125,24.163324311023622,0.0,0.0,0.0
psi-int,transfer,calibration,7,37,13.0,26.0,128,25.234375,19.393454724409448,0.0,0.0,0.0
psi-int,transfer,calibration,7,37,14.0,-28.0,128,-40.625,16.96062992125984,0.0,0.0,0.0
psi-int,transfer,calibration,7,37,14.0,-14.0,128,-19.453125,20.39148622047244,0.0,0.0,0.0
psi-int,transfer,calibration,7,37,14.0,14.0,128,14.3359375,24.839013287401574,0.0,0.0,0.0
psi-int,transfer,calibration,7,37,14.0,28.0,128,27.5234375,18.188422736220474,0.0,0.0,0.0
psi-int,transfer,calibration,7,37,15.0,-30.0,128,-42.5859375,17.56735974409449,0.0,0.0,0.0
psi-int,transfer,calibration,7,37,15.0,-15.0,128,-20.484375,19.086368110236222,0.0,0.0,0.0
psi-int,transfer,calibration,7,37,15.0,15.0,128,15.1640625,20.279958169291337,0.0,0.0,0.0
psi-int,transfer,calibration,7,37,15.0,30.0,128,29.328125,17.13558070866142,0.0,0.0,0.0
psi-int,transfer,calibration,7,37,16.0,-32.0,128,-43.9140625,16.016178641732285,0.0,0.0,0.0
psi-int,transfer,calibration,7,37,16.0,-16.0,128,-21.96875,18.50295275590551,0.0,0.0,0.0
psi-int,transfer,calibration,7,37,16.0,16.0,128,16.4140625,21.346887303149607,0.0,0.0,0.0
psi-int,transfer,calibration,7,37,16.0,32.0,128,31.328125,22.300935039370078,0.0,0.0,0.0
psi-int,transfer,calibration,7,37,17.0,-34.0,128,-45.1640625,13.96499753937008,0.0,0.0,0.0
psi-int,transfer,calibration,7,37,17.0,-17.0,128,-22.703125,19.517470472440944,0.0,0.0,0.0
psi-int,transfer,calibration,7,37,17.0,17.0,128,17.109375,23.232037401574804,0.0,0.0,0.0
psi-int,transfer,calibration,7,37,17.0,34.0,128,32.8203125,19.061946358267715,0.0,0.0,0.0
psi-int,transfer,calibration,7,37,18.0,-36.0,128,-47.1796875,18.24304872047244,0.0,0.0,0.0
psi-int,transfer,calibration,7,37,18.0,-18.0,128,-23.6875,18.594488188976378,0.0,0.0,0.0
psi-int,transfer,calibration,7,37,18.0,18.0,128,18.25,27.95275590551181,0.0,0.0,0.0
psi-int,transfer,calibration,7,37,18.0,36.0,128,34.75,15.984251968503937,0.0,0.0,0.0
psi-int,transfer,calibration,7,37,19.0,-38.0,128,-48.5703125,19.443836122047244,0.0,0.0,0.0
psi-int,transfer,calibration,7,37,19.0,-19.0,128,-24.3984375,19.1707062007874,0.0,0.0,0.0
psi-int,transfer,calibration,7,37,19.0,19.0,128,19.1015625,24.879367618110237,0.0,0.0,0.0
psi-int,transfer,calibration,7,37,19.0,38.0,128,36.828125,21.529281496062993,0.0,0.0,0.0
psi-int,transfer,calibration,7,37,20.0,-40.0,128,-50.2734375,16.20023375984252,0.0,0.0,0.0
psi-int,transfer,calibration,7,37,20.0,-20.0,128,-24.6953125,18.402497539370078,0.0,0.0,0.0
psi-int,transfer,calibration,7,37,20.0,20.0,128,20.0625,23.366141732283463,0.0,0.0,0.0
psi-int,transfer,calibration,7,37,20.0,40.0,128,38.40625,20.369094488188978,0.0,0.0,0.0
psi-int,transfer,calibration,7,37,21.0,-42.0,128,-51.96875,16.34547244094488,0.0,0.0,0.0
psi-int,transfer,calibration,7,37,21.0,-21.0,128,-25.65625,16.58956692913386,0.0,0.0,0.0
psi-int,transfer,calibration,7,37,21.0,21.0,128,21.2109375,21.64806840551181,0.0,0.0,0.0
psi-int,transfer,calibration,7,37,21.0,42.0,128,40.4140625,20.63822588582677,0.0,0.0,0.0
psi-int,transfer,calibration,7,37,22.0,-44.0,128,-53.8359375,18.563422736220474,0.0,0.0,0.0
psi-int,transfer,calibration,7,37,22.0,-22.0,128,-26.4609375,18.423658956692915,0.0,0.0,0.0
psi-int,transfer,calibration,7,37,22.0,22.0,128,21.6328125,27.179072342519685,0.0,0.0,0.0
psi-int,transfer,calibration,7,37,22.0,44.0,128,41.953125,18.848179133858267,0.0,0.0,0.0
psi-int,transfer,calibration,7,37,23.0,-46.0,128,-55.2109375,18.262241633858267,0.0,0.0,0.0
psi-int,transfer,calibration,7,37,23.0,-23.0,128,-27.6640625,16.004367618110237,0.0,0.0,0.0
psi-int,transfer,calibration,7,37,23.0,23.0,128,22.6875,22.641732283464567,0.0,0.0,0.0
psi-int,transfer,calibration,7,37,23.0,46.0,128,43.625,23.37007874015748,0.0,0.0,0.0
psi-int,transfer,calibration,7,37,24.0,-48.0,128,-56.9296875,21.73517470472441,0.0,0.0,0.0
psi-int,transfer,calibration,7,37,24.0,-24.0,128,-27.875,18.62992125984252,0.0,0.0,0.0
psi-int,transfer,calibration,7,37,24.0,24.0,128,23.578125,20.67101377952756,0.0,0.0,0.0
psi-int,transfer,calibration,7,37,24.0,48.0,128,45.8671875,20.163324311023622,0.0,0.0,0.0
psi-int,transfer,calibration,7,37,25.0,-50.0,128,-58.8515625,19.733698326771652,0.0,0.0,0.0
psi-int,transfer,calibration,7,37,25.0,-25.0,128,-28.875,18.992125984251967,0.0,0.0,0.0
psi-int,transfer,calibration,7,37,25.0,25.0,128,24.5,19.88976377952756,0.0,0.0,0.0
psi-int,transfer,calibration,7,37,25.0,50.0,128,47.5625,22.736220472440944,0.0,0.0,0.0
psi-int,transfer,calibration,7,37,26.0,-52.0,128,-60.25,19.291338582677167,0.0,0.0,0.0
psi-int,transfer,calibration,7,37,26.0,-26.0,128,-29.8984375,19.351808562992126,0.0,0.0,0.0
psi-int,transfer,calibration,7,37,26.0,26.0,128,25.5234375,20.408895177165356,0.0,0.0,0.0
psi-int,transfer,calibration,7,37,26.0,52.0,128,49.125,19.826771653543307,0.0,0.0,0.0
psi-int,transfer,calibration,7,37,27.0,-54.0,128,-61.703125,18.840305118110237,0.0,0.0,0.0
psi-int,transfer,calibration,7,37,27.0,-27.0,128,-31.2265625,21.31046998031496,0.0,0.0,0.0
psi-int,transfer,calibration,7,37,27.0,27.0,128,26.1640625,21.209092027559056,0.0,0.0,0.0
psi-int,transfer,calibration,7,37,27.0,54.0,128,51.0390625,20.053580216535433,0.0,0.0,0.0
psi-int,transfer,calibration,7,37,28.0,-56.0,128,-63.2890625,17.529958169291337,0.0,0.0,0.0
psi-int,transfer,calibration,7,37,28.0,-28.0,128,-32.0546875,21.217458169291337,0.0,0.0,0.0
psi-int,transfer,calibration,7,37,28.0,28.0,128,27.921875,20.702509842519685,0.0,0.0,0.0
psi-int,transfer,calibration,7,37,28.0,56.0,128,53.203125,17.674950787401574,0.0,0.0,0.0
psi-int,transfer,calibration,7,37,29.0,-58.0,128,-64.5390625,15.951218011811024,0.0,0.0,0.0
psi-int,transfer,calibration,7,37,29.0,-29.0,128,-32.4609375,18.848855807086615,0.0,0.0,0.0
psi-int,transfer,calibration,7,37,29.0,29.0,128,27.8515625,21.277005413385826,0.0,0.0,0.0
psi-int,transfer,calibration,7,37,29.0,58.0,128,54.421875,23.537155511811022,0.0,0.0,0.0
psi-int,transfer,calibration,7,37,30.0,-60.0,128,-66.3828125,16.663324311023622,0.0,0.0,0.0
psi-int,transfer,calibration,7,37,30.0,-30.0,128,-33.234375,20.212352362204726,0.0,0.0,0.0
psi-int,transfer,calibration,7,37,30.0,30.0,128,29.1796875,19.723363681102363,0.0,0.0,0.0
psi-int,transfer,calibration,7,37,30.0,60.0,128,56.734375,18.82652559055118,0.0,0.0,0.0
psi-int,transfer,calibration,7,37,31.0,-62.0,128,-68.2109375,14.59295029527559,0.0,0.0,0.0
psi-int,transfer,calibration,7,37,31.0,-31.0,128,-33.78125,20.266732283464567,0.0,0.0,0.0
psi-int,transfer,calibration,7,37,31.0,31.0,128,30.2890625,20.238619586614174,0.0,0.0,0.0
psi-int,transfer,calibration,7,37,31.0,62.0,128,58.34375,22.32185039370079,0.0,0.0,0.0
psi-int,transfer,calibration,8,101,0.0,-0.0,128,0.046875,0.8796751968503937,0.0,0.0,0.0
psi-int,transfer,calibration,8,101,0.0,-0.0,128,-0.1171875,0.9861589566929134,0.0,0.0,0.0
psi-int,transfer,calibration,8,101,0.0,0.0,128,0.015625,0.9761318897637795,0.0,0.0,0.0
psi-int,transfer,calibration,8,101,0.0,0.0,128,-0.1640625,1.0043676181102361,0.0,0.0,0.0
psi-int,transfer,calibration,8,101,1.0,-2.0,128,3.015625,15.858021653543307,0.0,0.0,0.0
psi-int,transfer,calibration,8,101,1.0,-1.0,128,3.9765625,26.29078494094488,0.0,0.0,0.0
psi-int,transfer,calibration,8,101,1.0,1.0,128,1.8125,18.783464566929133,0.0,0.0,0.0
psi-int,transfer,calibration,8,101,1.0,2.0,128,2.421875,17.42691929133858,0.0,0.0,0.0
psi-int,transfer,calibration,8,101,2.0,-4.0,128,3.5703125,16.719426673228348,0.0,0.0,0.0
psi-int,transfer,calibration,8,101,2.0,-2.0,128,4.6328125,21.541277066929133,0.0,0.0,0.0
psi-int,transfer,calibration,8,101,2.0,2.0,128,1.34375,15.880905511811024,0.0,0.0,0.0
psi-int,transfer,calibration,8,101,2.0,4.0,128,2.796875,14.96628937007874,0.0,0.0,0.0
psi-int,transfer,calibration,8,101,3.0,-6.0,128,1.4296875,16.908403051181104,0.0,0.0,0.0
psi-int,transfer,calibration,8,101,3.0,-3.0,128,3.671875,22.269438976377952,0.0,0.0,0.0
psi-int,transfer,calibration,8,101,3.0,3.0,128,4.3046875,16.92218257874016,0.0,0.0,0.0
psi-int,transfer,calibration,8,101,3.0,6.0,128,6.9296875,18.270607775590552,0.0,0.0,0.0
psi-int,transfer,calibration,8,101,4.0,-8.0,128,-6.0390625,16.66775344488189,0.0,0.0,0.0
psi-int,transfer,calibration,8,101,4.0,-4.0,128,0.296875,24.54109251968504,0.0,0.0,0.0
psi-int,transfer,calibration,8,101,4.0,4.0,128,7.421875,17.09621062992126,0.0,0.0,0.0
psi-int,transfer,calibration,8,101,4.0,8.0,128,13.5703125,18.136749507874015,0.0,0.0,0.0
psi-int,transfer,calibration,8,101,5.0,-10.0,128,-8.4921875,15.968442421259843,0.0,0.0,0.0
psi-int,transfer,calibration,8,101,5.0,-5.0,128,-1.6640625,26.461060531496063,0.0,0.0,0.0
psi-int,transfer,calibration,8,101,5.0,5.0,128,9.6015625,17.06046998031496,0.0,0.0,0.0
psi-int,transfer,calibration,8,101,5.0,10.0,128,16.7734375,18.334092027559056,0.0,0.0,0.0
psi-int,transfer,calibration,8,101,6.0,-12.0,128,-11.1953125,15.166277066929133,0.0,0.0,0.0
psi-int,transfer,calibration,8,101,6.0,-6.0,128,-3.1328125,25.21844242125984,0.0,0.0,0.0
psi-int,transfer,calibration,8,101,6.0,6.0,128,10.9765625,18.007320374015748,0.0,0.0,0.0
psi-int,transfer,calibration,8,101,6.0,12.0,128,19.6875,18.011811023622048,0.0,0.0,0.0
psi-int,transfer,calibration,8,101,7.0,-14.0,128,-13.0390625,15.864603838582678,0.0,0.0,0.0
psi-int,transfer,calibration,8,101,7.0,-7.0,128,-3.828125,26.852116141732285,0.0,0.0,0.0
psi-int,transfer,calibration,8,101,7.0,7.0,128,12.5078125,19.27552903543307,0.0,0.0,0.0
psi-int,transfer,calibration,8,101,7.0,14.0,128,21.8515625,16.788816437007874,0.0,0.0,0.0
psi-int,transfer,calibration,8,101,8.0,-16.0,128,-14.96875,18.849409448818896,0.0,0.0,0.0
psi-int,transfer,calibration,8,101,8.0,-8.0,128,-5.2578125,25.578678641732285,0.0,0.0,0.0
psi-int,transfer,calibration,8,101,8.0,8.0,128,13.578125,19.111958661417322,0.0,0.0,0.0
psi-int,transfer,calibration,8,101,8.0,16.0,128,24.359375,16.924950787401574,0.0,0.0,0.0
psi-int,transfer,calibration,8,101,9.0,-18.0,128,-17.1640625,14.327202263779528,0.0,0.0,0.0
psi-int,transfer,calibration,8,101,9.0,-9.0,128,-6.3125,24.27952755905512,0.0,0.0,0.0
psi-int,transfer,calibration,8,101,9.0,9.0,128,14.609375,17.924950787401574,0.0,0.0,0.0
psi-int,transfer,calibration,8,101,9.0,18.0,128,26.59375,17.518700787401574,0.0,0.0,0.0
psi-int,transfer,calibration,8,101,10.0,-20.0,128,-19.484375,17.905265748031496,0.0,0.0,0.0
psi-int,transfer,calibration,8,101,10.0,-10.0,128,-7.3671875,24.312930610236222,0.0,0.0,0.0
psi-int,transfer,calibration,8,101,10.0,10.0,128,15.8671875,17.911355807086615,0.0,0.0,0.0
psi-int,transfer,calibration,8,101,10.0,20.0,128,28.375,18.944881889763778,0.0,0.0,0.0
psi-int,transfer,calibration,8,101,11.0,-22.0,128,-21.34375,18.731299212598426,0.0,0.0,0.0
psi-int,transfer,calibration,8,101,11.0,-11.0,128,-8.6328125,24.123954232283463,0.0,0.0,0.0
psi-int,transfer,calibration,8,101,11.0,11.0,128,16.7265625,21.286847933070867,0.0,0.0,0.0
psi-int,transfer,calibration,8,101,11.0,22.0,128,30.203125,19.312746062992126,0.0,0.0,0.0
psi-int,transfer,calibration,8,101,12.0,-24.0,128,-22.75,18.80314960629921,0.0,0.0,0.0
psi-int,transfer,calibration,8,101,12.0,-12.0,128,-9.421875,22.73400590551181,0.0,0.0,0.0
psi-int,transfer,calibration,8,101,12.0,12.0,128,17.90625,17.676181102362204,0.0,0.0,0.0
psi-int,transfer,calibration,8,101,12.0,24.0,128,31.8984375,15.887241633858268,0.0,0.0,0.0
psi-int,transfer,calibration,8,101,13.0,-26.0,128,-24.6328125,19.698757381889763,0.0,0.0,0.0
psi-int,transfer,calibration,8,101,13.0,-13.0,128,-10.03125,20.59744094488189,0.0,0.0,0.0
psi-int,transfer,calibration,8,101,13.0,13.0,128,18.6484375,17.788816437007874,0.0,0.0,0.0
psi-int,transfer,calibration,8,101,13.0,26.0,128,33.609375,17.074557086614174,0.0,0.0,0.0
psi-int,transfer,calibration,8,101,14.0,-28.0,128,-26.25,18.661417322834644,0.0,0.0,0.0
psi-int,transfer,calibration,8,101,14.0,-14.0,128,-11.1796875,24.069820374015748,0.0,0.0,0.0
psi-int,transfer,calibration,8,101,14.0,14.0,128,19.6640625,17.783895177165356,0.0,0.0,0.0
psi-int,transfer,calibration,8,101,14.0,28.0,128,35.4453125,19.445804625984252,0.0,0.0,0.0
psi-int,transfer,calibration,8,101,15.0,-30.0,128,-28.0625,20.531496062992126,0.0,0.0,0.0
psi-int,transfer,calibration,8,101,15.0,-15.0,128,-11.6875,25.681102362204726,0.0,0.0,0.0
psi-int,transfer,calibration,8,101,15.0,15.0,128,20.5703125,20.971395177165356,0.0,0.0,0.0
psi-int,transfer,calibration,8,101,15.0,30.0,128,37.1328125,18.777497539370078,0.0,0.0,0.0
psi-int,transfer,calibration,8,101,16.0,-32.0,128,-30.0078125,20.511749507874015,0.0,0.0,0.0
psi-int,transfer,calibration,8,101,16.0,-16.0,128,-13.21875,23.951771653543307,0.0,0.0,0.0
psi-int,transfer,calibration,8,101,16.0,16.0,128,21.5,19.79527559055118,0.0,0.0,0.0
psi-int,transfer,calibration,8,101,16.0,32.0,128,39.1953125,18.363127460629922,0.0,0.0,0.0
psi-int,transfer,calibration,8,101,17.0,-34.0,128,-31.2109375,17.774052657480315,0.0,0.0,0.0
psi-int,transfer,calibration,8,101,17.0,-17.0,128,-13.8515625,24.59984005905512,0.0,0.0,0.0
psi-int,transfer,calibration,8,101,17.0,17.0,128,21.71875,21.58956692913386,0.0,0.0,0.0
psi-int,transfer,calibration,8,101,17.0,34.0,128,39.859375,19.49187992125984,0.0,0.0,0.0
psi-int,transfer,calibration,8,101,18.0,-36.0,128,-32.7578125,18.3582062007874,0.0,0.0,0.0
psi-int,transfer,calibration,8,101,18.0,-18.0,128,-14.90625,25.424212598425196,0.0,0.0,0.0
psi-int,transfer,calibration,8,101,18.0,18.0,128,22.75,20.299212598425196,0.0,0.0,0.0
psi-int,transfer,calibration,8,101,18.0,36.0,128,41.6015625,22.981729822834644,0.0,0.0,0.0
psi-int,transfer,calibration,8,101,19.0,-38.0,128,-34.46875,18.266732283464567,0.0,0.0,0.0
psi-int,transfer,calibration,8,101,19.0,-19.0,128,-15.515625,25.82652559055118,0.0,0.0,0.0
psi-int,transfer,calibration,8,101,19.0,19.0,128,23.8515625,17.875430610236222,0.0,0.0,0.0
psi-int,transfer,calibration,8,101,19.0,38.0,128,43.359375,18.05880905511811,0.0,0.0,0.0
psi-int,transfer,calibration,8,101,20.0,-40.0,128,-36.2734375,19.79078494094488,0.0,0.0,0.0
psi-int,transfer,calibration,8,101,20.0,-20.0,128,-16.5390625,24.92759596456693,0.0,0.0,0.0
psi-int,transfer,calibration,8,101,20.0,20.0,128,24.5546875,17.571788877952756,0.0,0.0,0.0
psi-int,transfer,calibration,8,101,20.0,40.0,128,45.1328125,16.761749507874015,0.0,0.0,0.0
psi-int,transfer,calibration,8,101,21.0,-42.0,128,-37.5625,16.106299212598426,0.0,0.0,0.0
psi-int,transfer,calibration,8,101,21.0,-21.0,128,-17.484375,21.527312992125985,0.0,0.0,0.0
psi-int,transfer,calibration,8,101,21.0,21.0,128,24.9375,20.70472440944882,0.0,0.0,0.0
psi-int,transfer,calibration,8,101,21.0,42.0,128,46.7578125,14.232221948818898,0.0,0.0,0.0
psi-int,transfer,calibration,8,101,22.0,-44.0,128,-39.5234375,19.747477854330707,0.0,0.0,0.0
psi-int,transfer,calibration,8,101,22.0,-22.0,128,-18.3359375,20.776021161417322,0.0,0.0,0.0
psi-int,transfer,calibration,8,101,22.0,22.0,128,26.2109375,19.128383366141733,0.0,0.0,0.0
psi-int,transfer,calibration,8,101,22.0,44.0,128,48.4921875,17.32277312992126,0.0,0.0,0.0
psi-int,transfer,calibration,8,101,23.0,-46.0,128,-40.4609375,20.423658956692915,0.0,0.0,0.0
psi-int,transfer,calibration,8,101,23.0,-23.0,128,-19.046875,26.01353346456693,0.0,0.0,0.0
psi-int,transfer,calibration,8,101,23.0,23.0,128,27.1328125,18.10033218503937,0.0,0.0,0.0
psi-int,transfer,calibration,8,101,23.0,46.0,128,50.3125,19.255905511811022,0.0,0.0,0.0
psi-int,transfer,calibration,8,101,24.0,-48.0,128,-42.3125,19.6496062992126,0.0,0.0,0.0
psi-int,transfer,calibration,8,101,24.0,-24.0,128,-19.890625,26.255659448818896,0.0,0.0,0.0
psi-int,transfer,calibration,8,101,24.0,24.0,128,28.3203125,21.93596210629921,0.0,0.0,0.0
psi-int,transfer,calibration,8,101,24.0,48.0,128,51.515625,19.13361220472441,0.0,0.0,0.0
psi-int,transfer,calibration,8,101,25.0,-50.0,128,-43.8125,19.75984251968504,0.0,0.0,0.0
psi-int,transfer,calibration,8,101,25.0,-25.0,128,-20.53125,24.66043307086614,0.0,0.0,0.0
psi-int,transfer,calibration,8,101,25.0,25.0,128,28.578125,21.694635826771652,0.0,0.0,0.0
psi-int,transfer,calibration,8,101,25.0,50.0,128,53.5390625,18.360666830708663,0.0,0.0,0.0
psi-int,transfer,calibration,8,101,26.0,-52.0,128,-45.296875,19.91117125984252,0.0,0.0,0.0
psi-int,transfer,calibration,8,101,26.0,-26.0,128,-21.2421875,22.86214320866142,0.0,0.0,0.0
psi-int,transfer,calibration,8,101,26.0,26.0,128,30.015625,20.755659448818896,0.0,0.0,0.0
psi-int,transfer,calibration,8,101,26.0,52.0,128,55.1953125,18.18989911417323,0.0,0.0,0.0
psi-int,transfer,calibration,8,101,27.0,-54.0,128,-46.59375,20.81003937007874,0.0,0.0,0.0
psi-int,transfer,calibration,8,101,27.0,-27.0,128,-22.2734375,26.656926673228348,0.0,0.0,0.0
psi-int,transfer,calibration,8,101,27.0,27.0,128,30.90625,19.219488188976378,0.0,0.0,0.0
psi-int,transfer,calibration,8,101,27.0,54.0,128,56.4296875,20.388718011811022,0.0,0.0,0.0
psi-int,transfer,calibration,8,101,28.0,-56.0,128,-48.515625,17.999753937007874,0.0,0.0,0.0
psi-int,transfer,calibration,8,101,28.0,-28.0,128,-23.0234375,24.4955093503937,0.0,0.0,0.0
psi-int,transfer,calibration,8,101,28.0,28.0,128,31.890625,21.32652559055118,0.0,0.0,0.0
psi-int,transfer,calibration,8,101,28.0,56.0,128,57.9765625,18.007320374015748,0.0,0.0,0.0
psi-int,transfer,calibration,8,101,29.0,-58.0,128,-49.921875,15.72613188976378,0.0,0.0,0.0
psi-int,transfer,calibration,8,101,29.0,-29.0,128,-24.046875,25.352116141732285,0.0,0.0,0.0
psi-int,transfer,calibration,8,101,29.0,29.0,128,32.546875,22.674950787401574,0.0,0.0,0.0
psi-int,transfer,calibration,8,101,29.0,58.0,128,59.78125,17.936023622047244,0.0,0.0,0.0
psi-int,transfer,calibration,8,101,30.0,-60.0,128,-51.125,15.023622047244094,0.0,0.0,0.0
psi-int,transfer,calibration,8,101,30.0,-30.0,128,-24.65625,28.132874015748033,0.0,0.0,0.0
psi-int,transfer,calibration,8,101,30.0,30.0,128,33.4609375,18.29767470472441,0.0,0.0,0.0
psi-int,transfer,calibration,8,101,30.0,60.0,128,61.7734375,17.31046998031496,0.0,0.0,0.0
psi-int,transfer,calibration,8,101,31.0,-62.0,128,-52.3203125,15.983206200787402,0.0,0.0,0.0
psi-int,transfer,calibration,8,101,31.0,-31.0,128,-25.5546875,25.036355807086615,0.0,0.0,0.0
psi-int,transfer,calibration,8,101,31.0,31.0,128,34.0,19.086614173228348,0.0,0.0,0.0
psi-int,transfer,calibration,8,101,31.0,62.0,128,62.953125,19.08439960629921,0.0,0.0,0.0
psi-int,transfer,calibration,9,13,0.0,-0.0,128,-0.0703125,0.9005290354330708,0.0,0.0,0.0
psi-int,transfer,calibration,9,13,0.0,-0.0,128,-0.140625,1.0036909448818898,0.0,0.0,0.0
psi-int,transfer,calibration,9,13,0.0,0.0,128,-0.1640625,0.8783833661417323,0.0,0.0,0.0
psi-int,transfer,calibration,9,13,0.0,0.0,128,0.1328125,0.9349778543307087,0.0,0.0,0.0
psi-int,transfer,calibration,9,13,1.0,-2.0,128,0.5234375,13.369525098425196,0.0,0.0,0.0
psi-int,transfer,calibration,9,13,1.0,-1.0,128,1.6484375,16.78094242125984,0.0,0.0,0.0
psi-int,transfer,calibration,9,13,1.0,1.0,128,-1.4296875,25.711552657480315,0.0,0.0,0.0
psi-int,transfer,calibration,9,13,1.0,2.0,128,-2.2109375,20.939406988188978,0.0,0.0,0.0
psi-int,transfer,calibration,9,13,2.0,-4.0,128,1.75,15.10236220472441,0.0,0.0,0.0
psi-int,transfer,calibration,9,13,2.0,-2.0,128,4.3203125,21.652497539370078,0.0,0.0,0.0
psi-int,transfer,calibration,9,13,2.0,2.0,128,3.484375,29.65329724409449,0.0,0.0,0.0
psi-int,transfer,calibration,9,13,2.0,4.0,128,3.0703125,23.640686515748033,0.0,0.0,0.0
psi-int,transfer,calibration,9,13,3.0,-6.0,128,-5.859375,14.546998031496063,0.0,0.0,0.0
psi-int,transfer,calibration,9,13,3.0,-3.0,128,-1.2421875,20.97237942913386,0.0,0.0,0.0
psi-int,transfer,calibration,9,13,3.0,3.0,128,3.15625,30.148622047244096,0.0,0.0,0.0
psi-int,transfer,calibration,9,13,3.0,6.0,128,6.203125,21.06077755905512,0.0,0.0,0.0
psi-int,transfer,calibration,9,13,4.0,-8.0,128,-8.5546875,16.044229822834644,0.0,0.0,0.0
psi-int,transfer,calibration,9,13,4.0,-4.0,128,-3.3046875,20.859190452755904,0.0,0.0,0.0
psi-int,transfer,calibration,9,13,4.0,4.0,128,5.1015625,33.30456446850393,0.0,0.0,0.0
psi-int,transfer,calibration,9,13,4.0,8.0,128,10.0234375,19.282910925196852,0.0,0.0,0.0
psi-int,transfer,calibration,9,13,5.0,-10.0,128,-11.140625,17.318651574803148,0.0,0.0,0.0
psi-int,transfer,calibration,9,13,5.0,-5.0,128,-4.296875,20.667076771653544,0.0,0.0,0.0
psi-int,transfer,calibration,9,13,5.0,5.0,128,6.5,29.905511811023622,0.0,0.0,0.0
psi-int,transfer,calibration,9,13,5.0,10.0,128,12.3046875,21.07966289370079,0.0,0.0,0.0
psi-int,transfer,calibration,9,13,6.0,-12.0,128,-13.3203125,15.573757381889763,0.0,0.0,0.0
psi-int,transfer,calibration,9,13,6.0,-6.0,128,-5.40625,22.02263779527559,0.0,0.0,0.0
psi-int,transfer,calibration,9,13,6.0,6.0,128,7.8203125,25.298166830708663,0.0,0.0,0.0
psi-int,transfer,calibration,9,13,6.0,12.0,128,15.4453125,20.01273375984252,0.0,0.0,0.0
psi-int,transfer,calibration,9,13,7.0,-14.0,128,-15.8125,16.18503937007874,0.0,0.0,0.0
psi-int,transfer,calibration,9,13,7.0,-7.0,128,-6.546875,25.74581692913386,0.0,0.0,0.0
psi-int,transfer,calibration,9,13,7.0,7.0,128,9.4765625,26.613619586614174,0.0,0.0,0.0
psi-int,transfer,calibration,9,13,7.0,14.0,128,17.5,18.834645669291337,0.0,0.0,0.0
psi-int,transfer,calibration,9,13,8.0,-16.0,128,-17.8046875,17.056040846456693,0.0,0.0,0.0
psi-int,transfer,calibration,9,13,8.0,-8.0,128,-7.7421875,21.61017470472441,0.0,0.0,0.0
psi-int,transfer,calibration,9,13,8.0,8.0,128,10.46875,28.943897637795274,0.0,0.0,0.0
psi-int,transfer,calibration,9,13,8.0,16.0,128,20.0078125,21.015686515748033,0.0,0.0,0.0
psi-int,transfer,calibration,9,13,9.0,-18.0,128,-19.7734375,16.853777066929133,0.0,0.0,0.0
psi-int,transfer,calibration,9,13,9.0,-9.0,128,-8.5703125,23.034387303149607,0.0,0.0,0.0
psi-int,transfer,calibration,9,13,9.0,9.0,128,11.8203125,30.76273375984252,0.0,0.0,0.0
psi-int,transfer,calibration,9,13,9.0,18.0,128,22.1640625,19.902005413385826,0.0,0.0,0.0
psi-int,transfer,calibration,9,13,10.0,-20.0,128,-21.734375,15.897391732283465,0.0,0.0,0.0
psi-int,transfer,calibration,9,13,10.0,-10.0,128,-9.65625,21.77066929133858,0.0,0.0,0.0
psi-int,transfer,calibration,9,13,10.0,10.0,128,12.6328125,30.344426673228348,0.0,0.0,0.0
psi-int,transfer,calibration,9,13,10.0,20.0,128,24.2578125,22.19285187007874,0.0,0.0,0.0
psi-int,transfer,calibration,9,13,11.0,-22.0,128,-23.5546875,17.319820374015748,0.0,0.0,0.0
psi-int,transfer,calibration,9,13,11.0,-11.0,128,-11.0234375,23.519131397637796,0.0,0.0,0.0
psi-int,transfer,calibration,9,13,11.0,11.0,128,13.8359375,31.744525098425196,0.0,0.0,0.0
psi-int,transfer,calibration,9,13,11.0,22.0,128,26.8046875,20.693836122047244,0.0,0.0,0.0
psi-int,transfer,calibration,9,13,12.0,-24.0,128,-25.0234375,19.37739911417323,0.0,0.0,0.0
psi-int,transfer,calibration,9,13,12.0,-12.0,128,-11.84375,25.487204724409448,0.0,0.0,0.0
psi-int,transfer,calibration,9,13,12.0,12.0,128,14.484375,28.913139763779526,0.0,0.0,0.0
psi-int,transfer,calibration,9,13,12.0,24.0,128,28.671875,18.09621062992126,0.0,0.0,0.0
psi-int,transfer,calibration,9,13,13.0,-26.0,128,-27.1953125,17.544229822834644,0.0,0.0,0.0
psi-int,transfer,calibration,9,13,13.0,-13.0,128,-12.2421875,22.074741633858267,0.0,0.0,0.0
psi-int,transfer,calibration,9,13,13.0,13.0,128,15.3984375,30.619525098425196,0.0,0.0,0.0
psi-int,transfer,calibration,9,13,13.0,26.0,128,30.8359375,21.429564468503937,0.0,0.0,0.0
psi-int,transfer,calibration,9,13,14.0,-28.0,128,-28.5703125,17.2076156496063,0.0,0.0,0.0
psi-int,transfer,calibration,9,13,14.0,-14.0,128,-13.3671875,19.557025098425196,0.0,0.0,0.0
psi-int,transfer,calibration,9,13,14.0,14.0,128,16.5,28.661417322834644,0.0,0.0,0.0
psi-int,transfer,calibration,9,13,14.0,28.0,128,32.4375,18.81496062992126,0.0,0.0,0.0
psi-int,transfer,calibration,9,13,15.0,-30.0,128,-30.1875,17.492125984251967,0.0,0.0,0.0
psi-int,transfer,calibration,9,13,15.0,-15.0,128,-14.2578125,21.46844242125984,0.0,0.0,0.0
psi-int,transfer,calibration,9,13,15.0,15.0,128,17.3828125,28.316867618110237,0.0,0.0,0.0
psi-int,transfer,calibration,9,13,15.0,30.0,128,34.0546875,19.107221948818896,0.0,0.0,0.0
psi-int,transfer,calibration,9,13,16.0,-32.0,128,-31.96875,19.101377952755904,0.0,0.0,0.0
psi-int,transfer,calibration,9,13,16.0,-16.0,128,-15.296875,20.493848425196852,0.0,0.0,0.0
psi-int,transfer,calibration,9,13,16.0,16.0,128,18.6171875,26.096395177165356,0.0,0.0,0.0
psi-int,transfer,calibration,9,13,16.0,32.0,128,35.984375,20.267470472440944,0.0,0.0,0.0
psi-int,transfer,calibration,9,13,17.0,-34.0,128,-33.203125,18.100147637795274,0.0,0.0,0.0
psi-int,transfer,calibration,9,13,17.0,-17.0,128,-15.875,19.10236220472441,0.0,0.0,0.0
psi-int,transfer,calibration,9,13,17.0,17.0,128,18.8359375,28.232714074803148,0.0,0.0,0.0
psi-int,transfer,calibration,9,13,17.0,34.0,128,37.78125,19.306102362204726,0.0,0.0,0.0
psi-int,transfer,calibration,9,13,18.0,-36.0,128,-34.421875,18.30880905511811,0.0,0.0,0.0
psi-int,transfer,calibration,9,13,18.0,-18.0,128,-16.8515625,18.001414862204726,0.0,0.0,0.0
psi-int,transfer,calibration,9,13,18.0,18.0,128,20.0546875,30.729269192913385,0.0,0.0,0.0
psi-int,transfer,calibration,9,13,18.0,36.0,128,39.453125,17.871801181102363,0.0,0.0,0.0
psi-int,transfer,calibration,9,13,19.0,-38.0,128,-35.890625,16.365895669291337,0.0,0.0,0.0
psi-int,transfer,calibration,9,13,19.0,-19.0,128,-17.8671875,20.21056840551181,0.0,0.0,0.0
psi-int,transfer,calibration,9,13,19.0,19.0,128,21.140625,25.6808562992126,0.0,0.0,0.0
psi-int,transfer,calibration,9,13,19.0,38.0,128,41.3828125,21.246001476377952,0.0,0.0,0.0
psi-int,transfer,calibration,9,13,20.0,-40.0,128,-37.8125,17.066929133858267,0.0,0.0,0.0
psi-int,transfer,calibration,9,13,20.0,-20.0,128,-18.5390625,21.022084153543307,0.0,0.0,0.0
psi-int,transfer,calibration,9,13,20.0,20.0,128,21.875,29.19685039370079,0.0,0.0,0.0
psi-int,transfer,calibration,9,13,20.0,40.0,128,42.8984375,19.462044783464567,0.0,0.0,0.0
psi-int,transfer,calibration,9,13,21.0,-42.0,128,-39.3828125,13.844426673228346,0.0,0.0,0.0
psi-int,transfer,calibration,9,13,21.0,-21.0,128,-19.4375,19.791338582677167,0.0,0.0,0.0
psi-int,transfer,calibration,9,13,21.0,21.0,128,22.75,30.976377952755904,0.0,0.0,0.0
psi-int,transfer,calibration,9,13,21.0,42.0,128,44.5625,19.14566929133858,0.0,0.0,0.0
psi-int,transfer,calibration,9,13,22.0,-44.0,128,-41.28125,17.47933070866142,0.0,0.0,0.0
psi-int,transfer,calibration,9,13,22.0,-22.0,128,-20.296875,21.029281496062993,0.0,0.0,0.0
psi-int,transfer,calibration,9,13,22.0,22.0,128,23.6015625,27.973855807086615,0.0,0.0,0.0
psi-int,transfer,calibration,9,13,22.0,44.0,128,46.390625,18.980068897637796,0.0,0.0,0.0
psi-int,transfer,calibration,9,13,23.0,-46.0,128,-42.671875,15.056840551181102,0.0,0.0,0.0
psi-int,transfer,calibration,9,13,23.0,-23.0,128,-21.1953125,22.25289124015748,0.0,0.0,0.0
psi-int,transfer,calibration,9,13,23.0,23.0,128,24.140625,28.830462598425196,0.0,0.0,0.0
psi-int,transfer,calibration,9,13,23.0,46.0,128,48.1953125,20.174151082677167,0.0,0.0,0.0
psi-int,transfer,calibration,9,13,24.0,-48.0,128,-44.1015625,14.611651082677165,0.0,0.0,0.0
psi-int,transfer,calibration,9,13,24.0,-24.0,128,-21.7265625,23.082123523622048,0.0,0.0,0.0
psi-int,transfer,calibration,9,13,24.0,24.0,128,25.1328125,30.808993602362204,0.0,0.0,0.0
psi-int,transfer,calibration,9,13,24.0,48.0,128,50.2734375,20.641178641732285,0.0,0.0,0.0
psi-int,transfer,calibration,9,13,25.0,-50.0,128,-45.5546875,14.926119586614174,0.0,0.0,0.0
psi-int,transfer,calibration,9,13,25.0,-25.0,128,-22.65625,19.9753937007874,0.0,0.0,0.0
psi-int,transfer,calibration,9,13,25.0,25.0,128,26.03125,25.731299212598426,0.0,0.0,0.0
psi-int,transfer,calibration,9,13,25.0,50.0,128,51.984375,20.377706692913385,0.0,0.0,0.0
psi-int,transfer,calibration,9,13,26.0,-52.0,128,-46.96875,13.794291338582678,0.0,0.0,0.0
psi-int,transfer,calibration,9,13,26.0,-26.0,128,-23.796875,18.840305118110237,0.0,0.0,0.0
psi-int,transfer,calibration,9,13,26.0,26.0,128,26.3828125,31.781434547244096,0.0,0.0,0.0
psi-int,transfer,calibration,9,13,26.0,52.0,128,53.46875,21.825787401574804,0.0,0.0,0.0
psi-int,transfer,calibration,9,13,27.0,-54.0,128,-48.515625,13.858021653543307,0.0,0.0,0.0
psi-int,transfer,calibration,9,13,27.0,-27.0,128,-24.515625,18.424950787401574,0.0,0.0,0.0
psi-int,transfer,calibration,9,13,27.0,27.0,128,27.78125,27.306102362204726,0.0,0.0,0.0
psi-int,transfer,calibration,9,13,27.0,54.0,128,55.6953125,20.402497539370078,0.0,0.0,0.0
psi-int,transfer,calibration,9,13,28.0,-56.0,128,-50.0703125,13.798166830708661,0.0,0.0,0.0
psi-int,transfer,calibration,9,13,28.0,-28.0,128,-24.8125,16.70472440944882,0.0,0.0,0.0
psi-int,transfer,calibration,9,13,28.0,28.0,128,28.421875,28.214320866141733,0.0,0.0,0.0
psi-int,transfer,calibration,9,13,28.0,56.0,128,57.1640625,25.697281003937007,0.0,0.0,0.0
psi-int,transfer,calibration,9,13,29.0,-58.0,128,-51.7734375,13.452202263779528,0.0,0.0,0.0
psi-int,transfer,calibration,9,13,29.0,-29.0,128,-25.609375,18.082431102362204,0.0,0.0,0.0
psi-int,transfer,calibration,9,13,29.0,29.0,128,29.296875,30.147391732283463,0.0,0.0,0.0
psi-int,transfer,calibration,9,13,29.0,58.0,128,58.7578125,24.515686515748033,0.0,0.0,0.0
psi-int,transfer,calibration,9,13,30.0,-60.0,128,-53.25,13.653543307086615,0.0,0.0,0.0
psi-int,transfer,calibration,9,13,30.0,-30.0,128,-26.4140625,18.276021161417322,0.0,0.0,0.0
psi-int,transfer,calibration,9,13,30.0,30.0,128,30.140625,29.27140748031496,0.0,0.0,0.0
psi-int,transfer,calibration,9,13,30.0,60.0,128,60.765625,24.858021653543307,0.0,0.0,0.0
psi-int,transfer,calibration,9,13,31.0,-62.0,128,-54.5546875,14.59541092519685,0.0,0.0,0.0
psi-int,transfer,calibration,9,13,31.0,-31.0,128,-27.515625,17.621801181102363,0.0,0.0,0.0
psi-int,transfer,calibration,9,13,31.0,31.0,128,30.5625,30.736220472440944,0.0,0.0,0.0
psi-int,transfer,calibration,9,13,31.0,62.0,128,62.515625,23.212352362204726,0.0,0.0,0.0
psi-int,transfer,calibration,10,57,0.0,-0.0,128,-0.21875,1.0226377952755905,0.0,0.0,0.0
psi-int,transfer,calibration,10,57,0.0,-0.0,128,-0.3046875,1.5993479330708662,0.0,0.0,0.0
psi-int,transfer,calibration,10,57,0.0,0.0,128,-0.234375,1.1887303149606299,0.0,0.0,0.0
psi-int,transfer,calibration,10,57,0.0,0.0,128,-0.3203125,0.9438361220472441,0.0,0.0,0.0
psi-int,transfer,calibration,10,57,1.0,-2.0,128,4.1796875,22.76273375984252,0.0,0.0,0.0
psi-int,transfer,calibration,10,57,1.0,-1.0,128,4.15625,20.069881889763778,0.0,0.0,0.0
psi-int,transfer,calibration,10,57,1.0,1.0,128,3.484375,16.330462598425196,0.0,0.0,0.0
psi-int,transfer,calibration,10,57,1.0,2.0,128,2.515625,19.55880905511811,0.0,0.0,0.0
psi-int,transfer,calibration,10,57,2.0,-4.0,128,4.53125,23.510826771653544,0.0,0.0,0.0
psi-int,transfer,calibration,10,57,2.0,-2.0,128,4.3828125,19.86017470472441,0.0,0.0,0.0
psi-int,transfer,calibration,10,57,2.0,2.0,128,3.4296875,17.74304872047244,0.0,0.0,0.0
psi-int,transfer,calibration,10,57,2.0,4.0,128,2.796875,16.604084645669293,0.0,0.0,0.0
psi-int,transfer,calibration,10,57,3.0,-6.0,128,-2.0,20.04724409448819,0.0,0.0,0.0
psi-int,transfer,calibration,10,57,3.0,-3.0,128,-0.8203125,19.219426673228348,0.0,0.0,0.0
psi-int,transfer,calibration,10,57,3.0,3.0,128,2.015625,21.07062007874016,0.0,0.0,0.0
psi-int,transfer,calibration,10,57,3.0,6.0,128,4.359375,18.594242125984252,0.0,0.0,0.0
psi-int,transfer,calibration,10,57,4.0,-8.0,128,-4.25,21.653543307086615,0.0,0.0,0.0
psi-int,transfer,calibration,10,57,4.0,-4.0,128,0.28125,17.400590551181104,0.0,0.0,0.0
psi-int,transfer,calibration,10,57,4.0,4.0,128,10.0859375,16.331139271653544,0.0,0.0,0.0
psi-int,transfer,calibration,10,57,4.0,8.0,128,16.1484375,18.93054872047244,0.0,0.0,0.0
psi-int,transfer,calibration,10,57,5.0,-10.0,128,-7.1875,20.594488188976378,0.0,0.0,0.0
psi-int,transfer,calibration,10,57,5.0,-5.0,128,-0.828125,18.080462598425196,0.0,0.0,0.0
psi-int,transfer,calibration,10,57,5.0,5.0,128,12.140625,16.84621062992126,0.0,0.0,0.0
psi-int,transfer,calibration,10,57,5.0,10.0,128,19.7734375,18.79078494094488,0.0,0.0,0.0
psi-int,transfer,calibration,10,57,6.0,-12.0,128,-9.6796875,22.786355807086615,0.0,0.0,0.0
psi-int,transfer,calibration,10,57,6.0,-6.0,128,-2.59375,17.455708661417322,0.0,0.0,0.0
psi-int,transfer,calibration,10,57,6.0,6.0,128,14.0234375,15.566375492125983,0.0,0.0,0.0
psi-int,transfer,calibration,10,57,6.0,12.0,128,22.8203125,18.18005659448819,0.0,0.0,0.0
psi-int,transfer,calibration,10,57,7.0,-14.0,128,-11.6875,20.38976377952756,0.0,0.0,0.0
psi-int,transfer,calibration,10,57,7.0,-7.0,128,-3.21875,18.313976377952756,0.0,0.0,0.0
psi-int,transfer,calibration,10,57,7.0,7.0,128,15.1171875,18.261749507874015,0.0,0.0,0.0
psi-int,transfer,calibration,10,57,7.0,14.0,128,26.1171875,18.86017470472441,0.0,0.0,0.0
psi-int,transfer,calibration,10,57,8.0,-16.0,128,-14.21875,24.361220472440944,0.0,0.0,0.0
psi-int,transfer,calibration,10,57,8.0,-8.0,128,-4.359375,21.22416338582677,0.0,0.0,0.0
psi-int,transfer,calibration,10,57,8.0,8.0,128,16.5078125,16.78734005905512,0.0,0.0,0.0
psi-int,transfer,calibration,10,57,8.0,16.0,128,28.4921875,17.0078125,0.0,0.0,0.0
psi-int,transfer,calibration,10,57,9.0,-18.0,128,-16.375,20.58267716535433,0.0,0.0,0.0
psi-int,transfer,calibration,10,57,9.0,-9.0,128,-4.9375,20.23228346456693,0.0,0.0,0.0
psi-int,transfer,calibration,10,57,9.0,9.0,128,17.34375,15.597440944881889,0.0,0.0,0.0
psi-int,transfer,calibration,10,57,9.0,18.0,128,31.390625,17.90920275590551,0.0,0.0,0.0
psi-int,transfer,calibration,10,57,10.0,-20.0,128,-18.2890625,23.466966043307085,0.0,0.0,0.0
psi-int,transfer,calibration,10,57,10.0,-10.0,128,-6.5546875,21.083599901574804,0.0,0.0,0.0
psi-int,transfer,calibration,10,57,10.0,10.0,128,18.8984375,18.076218011811022,0.0,0.0,0.0
psi-int,transfer,calibration,10,57,10.0,20.0,128,33.7421875,21.169229822834644,0.0,0.0,0.0
psi-int,transfer,calibration,10,57,11.0,-22.0,128,-21.015625,24.818651574803148,0.0,0.0,0.0
psi-int,transfer,calibration,10,57,11.0,-11.0,128,-7.28125,19.353346456692915,0.0,0.0,0.0
psi-int,transfer,calibration,10,57,11.0,11.0,128,19.9453125,18.020607775590552,0.0,0.0,0.0
psi-int,transfer,calibration,10,57,11.0,22.0,128,36.4375,19.665354330708663,0.0,0.0,0.0
psi-int,transfer,calibration,10,57,12.0,-24.0,128,-22.140625,22.9564468503937,0.0,0.0,0.0
psi-int,transfer,calibration,10,57,12.0,-12.0,128,-8.375,21.35433070866142,0.0,0.0,0.0
psi-int,transfer,calibration,10,57,12.0,12.0,128,21.2109375,15.711060531496063,0.0,0.0,0.0
psi-int,transfer,calibration,10,57,12.0,24.0,128,38.75,21.62204724409449,0.0,0.0,0.0
psi-int,transfer,calibration,10,57,13.0,-26.0,128,-24.09375,22.778543307086615,0.0,0.0,0.0
psi-int,transfer,calibration,10,57,13.0,-13.0,128,-8.96875,19.936023622047244,0.0,0.0,0.0
psi-int,transfer,calibration,10,57,13.0,13.0,128,22.109375,17.594242125984252,0.0,0.0,0.0
psi-int,transfer,calibration,10,57,13.0,26.0,128,40.3046875,19.552103838582678,0.0,0.0,0.0
psi-int,transfer,calibration,10,57,14.0,-28.0,128,-25.75,22.976377952755904,0.0,0.0,0.0
psi-int,transfer,calibration,10,57,14.0,-14.0,128,-9.671875,21.702509842519685,0.0,0.0,0.0
psi-int,transfer,calibration,10,57,14.0,14.0,128,23.171875,17.56077755905512,0.0,0.0,0.0
psi-int,transfer,calibration,10,57,14.0,28.0,128,42.6796875,19.93596210629921,0.0,0.0,0.0
psi-int,transfer,calibration,10,57,15.0,-30.0,128,-27.140625,27.806840551181104,0.0,0.0,0.0
psi-int,transfer,calibration,10,57,15.0,-15.0,128,-10.1328125,22.761749507874015,0.0,0.0,0.0
psi-int,transfer,calibration,10,57,15.0,15.0,128,23.9296875,18.47533218503937,0.0,0.0,0.0
psi-int,transfer,calibration,10,57,15.0,30.0,128,44.640625,18.704478346456693,0.0,0.0,0.0
psi-int,transfer,calibration,10,57,16.0,-32.0,128,-29.6484375,23.221887303149607,0.0,0.0,0.0
psi-int,transfer,calibration,10,57,16.0,-16.0,128,-11.4921875,21.417261318897637,0.0,0.0,0.0
psi-int,transfer,calibration,10,57,16.0,16.0,128,25.3828125,16.143639271653544,0.0,0.0,0.0
psi-int,transfer,calibration,10,57,16.0,32.0,128,46.71875,19.400590551181104,0.0,0.0,0.0
psi-int,transfer,calibration,10,57,17.0,-34.0,128,-30.7890625,25.506336122047244,0.0,0.0,0.0
psi-int,transfer,calibration,10,57,17.0,-17.0,128,-12.078125,20.765501968503937,0.0,0.0,0.0
psi-int,transfer,calibration,10,57,17.0,17.0,128,25.953125,18.186761811023622,0.0,0.0,0.0
psi-int,transfer,calibration,10,57,17.0,34.0,128,48.3828125,20.80505659448819,0.0,0.0,0.0
psi-int,transfer,calibration,10,57,18.0,-36.0,128,-32.2421875,25.55505659448819,0.0,0.0,0.0
psi-int,transfer,calibration,10,57,18.0,-18.0,128,-12.640625,18.75172244094488,0.0,0.0,0.0
psi-int,transfer,calibration,10,57,18.0,18.0,128,27.453125,17.24187992125984,0.0,0.0,0.0
psi-int,transfer,calibration,10,57,18.0,36.0,128,50.15625,15.896653543307087,0.0,0.0,0.0
psi-int,transfer,calibration,10,57,19.0,-38.0,128,-34.015625,25.637549212598426,0.0,0.0,0.0
psi-int,transfer,calibration,10,57,19.0,-19.0,128,-13.59375,20.636811023622048,0.0,0.0,0.0
psi-int,transfer,calibration,10,57,19.0,19.0,128,28.1484375,17.71795029527559,0.0,0.0,0.0
psi-int,transfer,calibration,10,57,19.0,38.0,128,52.3515625,17.34787155511811,0.0,0.0,0.0
psi-int,transfer,calibration,10,57,20.0,-40.0,128,-36.015625,21.117864173228348,0.0,0.0,0.0
psi-int,transfer,calibration,10,57,20.0,-20.0,128,-14.75,22.913385826771652,0.0,0.0,0.0
psi-int,transfer,calibration,10,57,20.0,20.0,128,28.921875,20.922982283464567,0.0,0.0,0.0
psi-int,transfer,calibration,10,57,20.0,40.0,128,54.3515625,20.497477854330707,0.0,0.0,0.0
psi-int,transfer,calibration,10,57,21.0,-42.0,128,-37.8984375,21.36755659448819,0.0,0.0,0.0
psi-int,transfer,calibration,10,57,21.0,-21.0,128,-15.515625,18.865895669291337,0.0,0.0,0.0
psi-int,transfer,calibration,10,57,21.0,21.0,128,29.7265625,20.704170767716537,0.0,0.0,0.0
psi-int,transfer,calibration,10,57,21.0,42.0,128,56.4375,18.106299212598426,0.0,0.0,0.0
psi-int,transfer,calibration,10,57,22.0,-44.0,128,-39.5546875,22.768639271653544,0.0,0.0,0.0
psi-int,transfer,calibration,10,57,22.0,-22.0,128,-15.9296875,17.561946358267715,0.0,0.0,0.0
psi-int,transfer,calibration,10,57,22.0,22.0,128,31.0234375,18.27503690944882,0.0,0.0,0.0
psi-int,transfer,calibration,10,57,22.0,44.0,128,58.71875,22.471456692913385,0.0,0.0,0.0
psi-int,transfer,calibration,10,57,23.0,-46.0,128,-40.9296875,21.294229822834644,0.0,0.0,0.0
psi-int,transfer,calibration,10,57,23.0,-23.0,128,-16.671875,18.962352362204726,0.0,0.0,0.0
psi-int,transfer,calibration,10,57,23.0,23.0,128,31.7421875,21.20072588582677,0.0,0.0,0.0
psi-int,transfer,calibration,10,57,23.0,46.0,128,60.265625,24.700541338582678,0.0,0.0,0.0
psi-int,transfer,calibration,10,57,24.0,-48.0,128,-42.65625,19.628937007874015,0.0,0.0,0.0
psi-int,transfer,calibration,10,57,24.0,-24.0,128,-17.546875,18.045029527559056,0.0,0.0,0.0
psi-int,transfer,calibration,10,57,24.0,24.0,128,33.0859375,16.47287155511811,0.0,0.0,0.0
psi-int,transfer,calibration,10,57,24.0,48.0,128,62.5625,23.618110236220474,0.0,0.0,0.0
psi-int,transfer,calibration,10,57,25.0,-50.0,128,-43.9375,17.665354330708663,0.0,0.0,0.0
psi-int,transfer,calibration,10,57,25.0,-25.0,128,-18.421875,20.13558070866142,0.0,0.0,0.0
psi-int,transfer,calibration,10,57,25.0,25.0,128,33.1484375,18.678580216535433,0.0,0.0,0.0
psi-int,transfer,calibration,10,57,25.0,50.0,128,64.578125,23.867864173228348,0.0,0.0,0.0
psi-int,transfer,calibration,10,57,26.0,-52.0,128,-45.7734375,19.814406988188978,0.0,0.0,0.0
psi-int,transfer,calibration,10,57,26.0,-26.0,128,-19.625,20.173228346456693,0.0,0.0,0.0
psi-int,transfer,calibration,10,57,26.0,26.0,128,34.375,15.88976377952756,0.0,0.0,0.0
psi-int,transfer,calibration,10,57,26.0,52.0,128,66.6484375,21.3951156496063,0.0,0.0,0.0
psi-int,transfer,calibration,10,57,27.0,-54.0,128,-47.390625,20.775344488188978,0.0,0.0,0.0
psi-int,transfer,calibration,10,57,27.0,-27.0,128,-20.4375,19.208661417322833,0.0,0.0,0.0
psi-int,transfer,calibration,10,57,27.0,27.0,128,35.4765625,17.511257381889763,0.0,0.0,0.0
psi-int,transfer,calibration,10,57,27.0,54.0,128,68.5546875,25.020607775590552,0.0,0.0,0.0
psi-int,transfer,calibration,10,57,28.0,-56.0,128,-48.9765625,24.731729822834644,0.0,0.0,0.0
psi-int,transfer,calibration,10,57,28.0,-28.0,128,-21.1796875,23.91234005905512,0.0,0.0,0.0
psi-int,transfer,calibration,10,57,28.0,28.0,128,36.25,18.551181102362204,0.0,0.0,0.0
psi-int,transfer,calibration,10,57,28.0,56.0,128,70.5,20.20472440944882,0.0,0.0,0.0
psi-int,transfer,calibration,10,57,29.0,-58.0,128,-50.1484375,20.34787155511811,0.0,0.0,0.0
psi-int,transfer,calibration,10,57,29.0,-29.0,128,-21.8046875,21.433993602362204,0.0,0.0,0.0
psi-int,transfer,calibration,10,57,29.0,29.0,128,36.84375,16.258858267716537,0.0,0.0,0.0
psi-int,transfer,calibration,10,57,29.0,58.0,128,72.328125,24.537155511811022,0.0,0.0,0.0
psi-int,transfer,calibration,10,57,30.0,-60.0,128,-52.0859375,17.071296751968504,0.0,0.0,0.0
psi-int,transfer,calibration,10,57,30.0,-30.0,128,-22.9296875,19.89265501968504,0.0,0.0,0.0
psi-int,transfer,calibration,10,57,30.0,30.0,128,37.7890625,16.057517224409448,0.0,0.0,0.0
psi-int,transfer,calibration,10,57,30.0,60.0,128,74.625,20.74015748031496,0.0,0.0,0.0
psi-int,transfer,calibration,10,57,31.0,-62.0,128,-53.2890625,22.663816437007874,0.0,0.0,0.0
psi-int,transfer,calibration,10,57,31.0,-31.0,128,-23.2421875,18.011749507874015,0.0,0.0,0.0
psi-int,transfer,calibration,10,57,31.0,31.0,128,38.9140625,18.693343996062993,0.0,0.0,0.0
psi-int,transfer,calibration,10,57,31.0,62.0,128,76.1875,18.484251968503937,0.0,0.0,0.0
psi-int,transfer,calibration,11,41,0.0,-0.0,128,-0.015625,1.0863681102362204,0.0,0.0,0.0
psi-int,transfer,calibration,11,41,0.0,-0.0,128,-0.3828125,1.0255290354330708,0.0,0.0,0.0
psi-int,transfer,calibration,11,41,0.0,0.0,128,-0.1875,1.0039370078740157,0.0,0.0,0.0
psi-int,transfer,calibration,11,41,0.0,0.0,128,-0.3515625,0.9069266732283464,0.0,0.0,0.0
psi-int,transfer,calibration,11,41,1.0,-2.0,128,5.375,16.53543307086614,0.0,0.0,0.0
psi-int,transfer,calibration,11,41,1.0,-1.0,128,7.6640625,18.4453125,0.0,0.0,0.0
psi-int,transfer,calibration,11,41,1.0,1.0,128,11.1328125,17.738127460629922,0.0,0.0,0.0
psi-int,transfer,calibration,11,41,1.0,2.0,128,10.4921875,19.05505659448819,0.0,0.0,0.0
psi-int,transfer,calibration,11,41,2.0,-4.0,128,5.6953125,19.34737942913386,0.0,0.0,0.0
psi-int,transfer,calibration,11,41,2.0,-2.0,128,7.4375,19.618110236220474,0.0,0.0,0.0
psi-int,transfer,calibration,11,41,2.0,2.0,128,11.40625,17.628937007874015,0.0,0.0,0.0
psi-int,transfer,calibration,11,41,2.0,4.0,128,10.5390625,20.92759596456693,0.0,0.0,0.0
psi-int,transfer,calibration,11,41,3.0,-6.0,128,1.3984375,18.729761318897637,0.0,0.0,0.0
psi-int,transfer,calibration,11,41,3.0,-3.0,128,6.109375,20.649360236220474,0.0,0.0,0.0
psi-int,transfer,calibration,11,41,3.0,3.0,128,15.2421875,19.9330093503937,0.0,0.0,0.0
psi-int,transfer,calibration,11,41,3.0,6.0,128,16.8671875,23.67513533464567,0.0,0.0,0.0
psi-int,transfer,calibration,11,41,4.0,-8.0,128,-3.1640625,17.524052657480315,0.0,0.0,0.0
psi-int,transfer,calibration,11,41,4.0,-4.0,128,4.7890625,19.285863681102363,0.0,0.0,0.0
psi-int,transfer,calibration,11,41,4.0,4.0,128,19.296875,16.8560531496063,0.0,0.0,0.0
psi-int,transfer,calibration,11,41,4.0,8.0,128,23.25,19.228346456692915,0.0,0.0,0.0
psi-int,transfer,calibration,11,41,5.0,-10.0,128,-6.2265625,17.46795029527559,0.0,0.0,0.0
psi-int,transfer,calibration,11,41,5.0,-5.0,128,3.453125,15.005659448818898,0.0,0.0,0.0
psi-int,transfer,calibration,11,41,5.0,5.0,128,20.0625,21.003937007874015,0.0,0.0,0.0
psi-int,transfer,calibration,11,41,5.0,10.0,128,26.09375,21.266732283464567,0.0,0.0,0.0
psi-int,transfer,calibration,11,41,6.0,-12.0,128,-8.9921875,17.283403051181104,0.0,0.0,0.0
psi-int,transfer,calibration,11,41,6.0,-6.0,128,2.4375,17.051181102362204,0.0,0.0,0.0
psi-int,transfer,calibration,11,41,6.0,6.0,128,21.6015625,20.493540846456693,0.0,0.0,0.0
psi-int,transfer,calibration,11,41,6.0,12.0,128,29.203125,22.604084645669293,0.0,0.0,0.0
psi-int,transfer,calibration,11,41,7.0,-14.0,128,-11.28125,17.353346456692915,0.0,0.0,0.0
psi-int,transfer,calibration,11,41,7.0,-7.0,128,1.234375,18.779281496062993,0.0,0.0,0.0
psi-int,transfer,calibration,11,41,7.0,7.0,128,22.703125,21.800935039370078,0.0,0.0,0.0
psi-int,transfer,calibration,11,41,7.0,14.0,128,32.1171875,21.01765501968504,0.0,0.0,0.0
psi-int,transfer,calibration,11,41,8.0,-16.0,128,-13.34375,14.290354330708661,0.0,0.0,0.0
psi-int,transfer,calibration,11,41,8.0,-8.0,128,0.59375,18.983267716535433,0.0,0.0,0.0
psi-int,transfer,calibration,11,41,8.0,8.0,128,23.3671875,19.667261318897637,0.0,0.0,0.0
psi-int,transfer,calibration,11,41,8.0,16.0,128,34.1484375,22.914800688976378,0.0,0.0,0.0
psi-int,transfer,calibration,11,41,9.0,-18.0,128,-16.1875,14.65748031496063,0.0,0.0,0.0
psi-int,transfer,calibration,11,41,9.0,-9.0,128,-0.921875,17.269438976377952,0.0,0.0,0.0
psi-int,transfer,calibration,11,41,9.0,9.0,128,24.4296875,21.806040846456693,0.0,0.0,0.0
psi-int,transfer,calibration,11,41,9.0,18.0,128,36.296875,22.69857283464567,0.0,0.0,0.0
psi-int,transfer,calibration,11,41,10.0,-20.0,128,-17.9609375,16.24255659448819,0.0,0.0,0.0
psi-int,transfer,calibration,11,41,10.0,-10.0,128,-1.9375,17.948818897637796,0.0,0.0,0.0
psi-int,transfer,calibration,11,41,10.0,10.0,128,25.4921875,23.244032972440944,0.0,0.0,0.0
psi-int,transfer,calibration,11,41,10.0,20.0,128,38.7890625,22.624446358267715,0.0,0.0,0.0
psi-int,transfer,calibration,11,41,11.0,-22.0,128,-20.2421875,16.184977854330707,0.0,0.0,0.0
psi-int,transfer,calibration,11,41,11.0,-11.0,128,-2.8203125,20.101316437007874,0.0,0.0,0.0
psi-int,transfer,calibration,11,41,11.0,11.0,128,26.2265625,18.160863681102363,0.0,0.0,0.0
psi-int,transfer,calibration,11,41,11.0,22.0,128,40.9296875,22.74304872047244,0.0,0.0,0.0
psi-int,transfer,calibration,11,41,12.0,-24.0,128,-22.140625,15.775344488188976,0.0,0.0,0.0
psi-int,transfer,calibration,11,41,12.0,-12.0,128,-4.0234375,18.96795029527559,0.0,0.0,0.0
psi-int,transfer,calibration,11,41,12.0,12.0,128,27.6484375,18.906926673228348,0.0,0.0,0.0
psi-int,transfer,calibration,11,41,12.0,24.0,128,42.3828125,18.86804872047244,0.0,0.0,0.0
psi-int,transfer,calibration,11,41,13.0,-26.0,128,-24.1796875,18.432025098425196,0.0,0.0,0.0
psi-int,transfer,calibration,11,41,13.0,-13.0,128,-4.8515625,16.19039124015748,0.0,0.0,0.0
psi-int,transfer,calibration,11,41,13.0,13.0,128,28.3515625,21.095903051181104,0.0,0.0,0.0
psi-int,transfer,calibration,11,41,13.0,26.0,128,44.1875,23.03543307086614,0.0,0.0,0.0
psi-int,transfer,calibration,11,41,14.0,-28.0,128,-26.2421875,18.20072588582677,0.0,0.0,0.0
psi-int,transfer,calibration,11,41,14.0,-14.0,128,-5.7265625,14.94039124015748,0.0,0.0,0.0
psi-int,transfer,calibration,11,41,14.0,14.0,128,29.2265625,20.082123523622048,0.0,0.0,0.0
psi-int,transfer,calibration,11,41,14.0,28.0,128,45.9140625,22.9453125,0.0,0.0,0.0
psi-int,transfer,calibration,11,41,15.0,-30.0,128,-27.6328125,17.494032972440944,0.0,0.0,0.0
psi-int,transfer,calibration,11,41,15.0,-15.0,128,-6.8828125,20.844426673228348,0.0,0.0,0.0
psi-int,transfer,calibration,11,41,15.0,15.0,128,29.8671875,15.974347933070867,0.0,0.0,0.0
psi-int,transfer,calibration,11,41,15.0,30.0,128,47.9296875,22.711552657480315,0.0,0.0,0.0
psi-int,transfer,calibration,11,41,16.0,-32.0,128,-29.8671875,20.777497539370078,0.0,0.0,0.0
psi-int,transfer,calibration,11,41,16.0,-16.0,128,-7.28125,14.23523622047244,0.0,0.0,0.0
psi-int,transfer,calibration,11,41,16.0,16.0,128,30.890625,19.987942913385826,0.0,0.0,0.0
psi-int,transfer,calibration,11,41,16.0,32.0,128,49.4921875,25.496001476377952,0.0,0.0,0.0
psi-int,transfer,calibration,11,41,17.0,-34.0,128,-31.0390625,19.644131397637796,0.0,0.0,0.0
psi-int,transfer,calibration,11,41,17.0,-17.0,128,-7.921875,20.89148622047244,0.0,0.0,0.0
psi-int,transfer,calibration,11,41,17.0,17.0,128,31.3828125,21.07277312992126,0.0,0.0,0.0
psi-int,transfer,calibration,11,41,17.0,34.0,128,51.0546875,24.745017224409448,0.0,0.0,0.0
psi-int,transfer,calibration,11,41,18.0,-36.0,128,-33.0,19.968503937007874,0.0,0.0,0.0
psi-int,transfer,calibration,11,41,18.0,-18.0,128,-8.5859375,15.583107775590552,0.0,0.0,0.0
psi-int,transfer,calibration,11,41,18.0,18.0,128,32.4375,16.594488188976378,0.0,0.0,0.0
psi-int,transfer,calibration,11,41,18.0,36.0,128,52.671875,19.51353346456693,0.0,0.0,0.0
psi-int,transfer,calibration,11,41,19.0,-38.0,128,-34.5234375,15.920706200787402,0.0,0.0,0.0
psi-int,transfer,calibration,11,41,19.0,-19.0,128,-9.7734375,17.688422736220474,0.0,0.0,0.0
psi-int,transfer,calibration,11,41,19.0,19.0,128,32.84375,21.70767716535433,0.0,0.0,0.0
psi-int,transfer,calibration,11,41,19.0,38.0,128,54.515625,24.72416338582677,0.0,0.0,0.0
psi-int,transfer,calibration,11,41,20.0,-40.0,128,-36.5,14.771653543307087,0.0,0.0,0.0
psi-int,transfer,calibration,11,41,20.0,-20.0,128,-10.8515625,17.13527312992126,0.0,0.0,0.0
psi-int,transfer,calibration,11,41,20.0,20.0,128,33.7421875,22.602300688976378,0.0,0.0,0.0
psi-int,transfer,calibration,11,41,20.0,40.0,128,56.3359375,28.24058809055118,0.0,0.0,0.0
psi-int,transfer,calibration,11,41,21.0,-42.0,128,-38.0859375,17.968934547244096,0.0,0.0,0.0
psi-int,transfer,calibration,11,41,21.0,-21.0,128,-11.2890625,17.923658956692915,0.0,0.0,0.0
psi-int,transfer,calibration,11,41,21.0,21.0,128,34.515625,17.858021653543307,0.0,0.0,0.0
psi-int,transfer,calibration,11,41,21.0,42.0,128,57.75,21.401574803149607,0.0,0.0,0.0
psi-int,transfer,calibration,11,41,22.0,-44.0,128,-40.03125,16.361220472440944,0.0,0.0,0.0
psi-int,transfer,calibration,11,41,22.0,-22.0,128,-12.3828125,19.1830093503937,0.0,0.0,0.0
psi-int,transfer,calibration,11,41,22.0,22.0,128,35.3515625,16.891178641732285,0.0,0.0,0.0
psi-int,transfer,calibration,11,41,22.0,44.0,128,59.5234375,22.991572342519685,0.0,0.0,0.0
psi-int,transfer,calibration,11,41,23.0,-46.0,128,-41.7265625,14.24747785433071,0.0,0.0,0.0
psi-int,transfer,calibration,11,41,23.0,-23.0,128,-13.0078125,16.59048966535433,0.0,0.0,0.0
psi-int,transfer,calibration,11,41,23.0,23.0,128,35.8515625,18.914800688976378,0.0,0.0,0.0
psi-int,transfer,calibration,11,41,23.0,46.0,128,61.1640625,25.114603838582678,0.0,0.0,0.0
psi-int,transfer,calibration,11,41,24.0,-48.0,128,-43.625,17.543307086614174,0.0,0.0,0.0
psi-int,transfer,calibration,11,41,24.0,-24.0,128,-13.6171875,14.364111712598426,0.0,0.0,0.0
psi-int,transfer,calibration,11,41,24.0,24.0,128,36.7265625,19.61755659448819,0.0,0.0,0.0
psi-int,transfer,calibration,11,41,24.0,48.0,128,63.140625,24.043061023622048,0.0,0.0,0.0
psi-int,transfer,calibration,11,41,25.0,-50.0,128,-45.421875,18.277312992125985,0.0,0.0,0.0
psi-int,transfer,calibration,11,41,25.0,-25.0,128,-14.5859375,17.04767470472441,0.0,0.0,0.0
psi-int,transfer,calibration,11,41,25.0,25.0,128,37.3203125,21.51076525590551,0.0,0.0,0.0
psi-int,transfer,calibration,11,41,25.0,50.0,128,64.7421875,19.956631397637796,0.0,0.0,0.0
psi-int,transfer,calibration,11,41,26.0,-52.0,128,-47.4140625,19.126414862204726,0.0,0.0,0.0
psi-int,transfer,calibration,11,41,26.0,-26.0,128,-14.71875,18.062007874015748,0.0,0.0,0.0
psi-int,transfer,calibration,11,41,26.0,26.0,128,37.890625,18.460383858267715,0.0,0.0,0.0
psi-int,transfer,calibration,11,41,26.0,52.0,128,67.046875,19.163139763779526,0.0,0.0,0.0
psi-int,transfer,calibration,11,41,27.0,-54.0,128,-48.6328125,14.123954232283465,0.0,0.0,0.0
psi-int,transfer,calibration,11,41,27.0,-27.0,128,-16.296875,17.92691929133858,0.0,0.0,0.0
psi-int,transfer,calibration,11,41,27.0,27.0,128,39.296875,19.737942913385826,0.0,0.0,0.0
psi-int,transfer,calibration,11,41,27.0,54.0,128,68.59375,20.636811023622048,0.0,0.0,0.0
psi-int,transfer,calibration,11,41,28.0,-56.0,128,-51.296875,16.226131889763778,0.0,0.0,0.0
psi-int,transfer,calibration,11,41,28.0,-28.0,128,-17.109375,16.098179133858267,0.0,0.0,0.0
psi-int,transfer,calibration,11,41,28.0,28.0,128,39.3515625,19.379367618110237,0.0,0.0,0.0
psi-int,transfer,calibration,11,41,28.0,56.0,128,69.90625,23.70767716535433,0.0,0.0,0.0
psi-int,transfer,calibration,11,41,29.0,-58.0,128,-52.25,15.826771653543307,0.0,0.0,0.0
psi-int,transfer,calibration,11,41,29.0,-29.0,128,-18.1484375,14.410863681102363,0.0,0.0,0.0
psi-int,transfer,calibration,11,41,29.0,29.0,128,40.8984375,17.54078494094488,0.0,0.0,0.0
psi-int,transfer,calibration,11,41,29.0,58.0,128,71.265625,19.50369094488189,0.0,0.0,0.0
psi-int,transfer,calibration,11,41,30.0,-60.0,128,-53.875,14.866141732283465,0.0,0.0,0.0
psi-int,transfer,calibration,11,41,30.0,-30.0,128,-18.609375,15.609990157480315,0.0,0.0,0.0
psi-int,transfer,calibration,11,41,30.0,30.0,128,41.09375,18.65255905511811,0.0,0.0,0.0
psi-int,transfer,calibration,11,41,30.0,60.0,128,73.2734375,21.318343996062993,0.0,0.0,0.0
psi-int,transfer,calibration,11,41,31.0,-62.0,128,-55.7421875,12.429072342519685,0.0,0.0,0.0
psi-int,transfer,calibration,11,41,31.0,-31.0,128,-19.65625,14.006889763779528,0.0,0.0,0.0
psi-int,transfer,calibration,11,41,31.0,31.0,128,41.4765625,17.684485728346456,0.0,0.0,0.0
psi-int,transfer,calibration,11,41,31.0,62.0,128,74.8515625,19.828186515748033,0.0,0.0,0.0
psi-int,transfer,calibration,12,51,0.0,-0.0,128,-0.125,1.0078740157480315,0.0,0.0,0.0
psi-int,transfer,calibration,12,51,0.0,-0.0,128,-0.203125,0.9977854330708661,0.0,0.0,0.0
psi-int,transfer,calibration,12,51,0.0,0.0,128,-0.0859375,1.039800688976378,0.0,0.0,0.0
psi-int,transfer,calibration,12,51,0.0,0.0,128,-0.2265625,0.9482652559055118,0.0,0.0,0.0
psi-int,transfer,calibration,12,51,1.0,-2.0,128,10.046875,21.730068897637796,0.0,0.0,0.0
psi-int,transfer,calibration,12,51,1.0,-1.0,128,7.328125,32.127706692913385,0.0,0.0,0.0
psi-int,transfer,calibration,12,51,1.0,1.0,128,7.7421875,27.04324557086614,0.0,0.0,0.0
psi-int,transfer,calibration,12,51,1.0,2.0,128,8.328125,19.025344488188978,0.0,0.0,0.0
psi-int,transfer,calibration,12,51,2.0,-4.0,128,10.03125,24.32972440944882,0.0,0.0,0.0
psi-int,transfer,calibration,12,51,2.0,-2.0,128,7.6796875,28.50289124015748,0.0,0.0,0.0
psi-int,transfer,calibration,12,51,2.0,2.0,128,8.3359375,25.106729822834644,0.0,0.0,0.0
psi-int,transfer,calibration,12,51,2.0,4.0,128,9.4140625,21.29964320866142,0.0,0.0,0.0
psi-int,transfer,calibration,12,51,3.0,-6.0,128,5.828125,25.277312992125985,0.0,0.0,0.0
psi-int,transfer,calibration,12,51,3.0,-3.0,128,7.140625,29.239911417322833,0.0,0.0,0.0
psi-int,transfer,calibration,12,51,3.0,3.0,128,13.46875,23.888779527559056,0.0,0.0,0.0
psi-int,transfer,calibration,12,51,3.0,6.0,128,16.96875,26.07775590551181,0.0,0.0,0.0
psi-int,transfer,calibration,12,51,4.0,-8.0,128,-0.5625,22.437007874015748,0.0,0.0,0.0
psi-int,transfer,calibration,12,51,4.0,-4.0,128,3.3671875,31.651513287401574,0.0,0.0,0.0
psi-int,transfer,calibration,12,51,4.0,4.0,128,15.375,25.496062992125985,0.0,0.0,0.0
psi-int,transfer,calibration,12,51,4.0,8.0,128,21.8828125,19.773560531496063,0.0,0.0,0.0
psi-int,transfer,calibration,12,51,5.0,-10.0,128,-3.2890625,24.15987942913386,0.0,0.0,0.0
psi-int,transfer,calibration,12,51,5.0,-5.0,128,1.984375,26.550935039370078,0.0,0.0,0.0
psi-int,transfer,calibration,12,51,5.0,5.0,128,17.1171875,29.001906988188978,0.0,0.0,0.0
psi-int,transfer,calibration,12,51,5.0,10.0,128,25.5390625,21.57326525590551,0.0,0.0,0.0
psi-int,transfer,calibration,12,51,6.0,-12.0,128,-6.53125,28.77066929133858,0.0,0.0,0.0
psi-int,transfer,calibration,12,51,6.0,-6.0,128,0.84375,32.400590551181104,0.0,0.0,0.0
psi-int,transfer,calibration,12,51,6.0,6.0,128,18.9921875,30.669229822834644,0.0,0.0,0.0
psi-int,transfer,calibration,12,51,6.0,12.0,128,28.625,20.330708661417322,0.0,0.0,0.0
psi-int,transfer,calibration,12,51,7.0,-14.0,128,-8.9609375,25.376414862204726,0.0,0.0,0.0
psi-int,transfer,calibration,12,51,7.0,-7.0,128,-0.2734375,27.586060531496063,0.0,0.0,0.0
psi-int,transfer,calibration,12,51,7.0,7.0,128,19.7734375,30.538816437007874,0.0,0.0,0.0
psi-int,transfer,calibration,12,51,7.0,14.0,128,31.328125,24.615895669291337,0.0,0.0,0.0
psi-int,transfer,calibration,12,51,8.0,-16.0,128,-11.734375,27.314714566929133,0.0,0.0,0.0
psi-int,transfer,calibration,12,51,8.0,-8.0,128,-1.7578125,27.177103838582678,0.0,0.0,0.0
psi-int,transfer,calibration,12,51,8.0,8.0,128,21.0546875,29.469426673228348,0.0,0.0,0.0
psi-int,transfer,calibration,12,51,8.0,16.0,128,33.9375,26.5,0.0,0.0,0.0
psi-int,transfer,calibration,12,51,9.0,-18.0,128,-14.0859375,27.701218011811022,0.0,0.0,0.0
psi-int,transfer,calibration,12,51,9.0,-9.0,128,-2.546875,30.28125,0.0,0.0,0.0
psi-int,transfer,calibration,12,51,9.0,9.0,128,22.359375,29.932824803149607,0.0,0.0,0.0
psi-int,transfer,calibration,12,51,9.0,18.0,128,35.8984375,25.462044783464567,0.0,0.0,0.0
psi-int,transfer,calibration,12,51,10.0,-20.0,128,-16.3203125,28.32966289370079,0.0,0.0,0.0
psi-int,transfer,calibration,12,51,10.0,-10.0,128,-3.7109375,28.128383366141733,0.0,0.0,0.0
psi-int,transfer,calibration,12,51,10.0,10.0,128,23.328125,30.269438976377952,0.0,0.0,0.0
psi-int,transfer,calibration,12,51,10.0,20.0,128,38.4921875,21.070804625984252,0.0,0.0,0.0
psi-int,transfer,calibration,12,51,11.0,-22.0,128,-18.859375,25.980068897637796,0.0,0.0,0.0
psi-int,transfer,calibration,12,51,11.0,-11.0,128,-4.515625,29.543061023622048,0.0,0.0,0.0
psi-int,transfer,calibration,12,51,11.0,11.0,128,24.5546875,26.390686515748033,0.0,0.0,0.0
psi-int,transfer,calibration,12,51,11.0,22.0,128,40.4140625,24.52798966535433,0.0,0.0,0.0
psi-int,transfer,calibration,12,51,12.0,-24.0,128,-21.0859375,28.551611712598426,0.0,0.0,0.0
psi-int,transfer,calibration,12,51,12.0,-12.0,128,-5.40625,30.243110236220474,0.0,0.0,0.0
psi-int,transfer,calibration,12,51,12.0,12.0,128,25.6484375,26.62346210629921,0.0,0.0,0.0
psi-int,transfer,calibration,12,51,12.0,24.0,128,43.1640625,26.106729822834644,0.0,0.0,0.0
psi-int,transfer,calibration,12,51,13.0,-26.0,128,-22.6796875,28.109190452755904,0.0,0.0,0.0
psi-int,transfer,calibration,12,51,13.0,-13.0,128,-6.3515625,32.07228100393701,0.0,0.0,0.0
psi-int,transfer,calibration,12,51,13.0,13.0,128,26.3359375,28.697281003937007,0.0,0.0,0.0
psi-int,transfer,calibration,12,51,13.0,26.0,128,44.734375,26.49581692913386,0.0,0.0,0.0
psi-int,transfer,calibration,12,51,14.0,-28.0,128,-25.0625,24.515748031496063,0.0,0.0,0.0
psi-int,transfer,calibration,12,51,14.0,-14.0,128,-7.4296875,30.908403051181104,0.0,0.0,0.0
psi-int,transfer,calibration,12,51,14.0,14.0,128,27.0625,23.901574803149607,0.0,0.0,0.0
psi-int,transfer,calibration,12,51,14.0,28.0,128,46.9375,26.358267716535433,0.0,0.0,0.0
psi-int,transfer,calibration,12,51,15.0,-30.0,128,-26.921875,22.119832677165356,0.0,0.0,0.0
psi-int,transfer,calibration,12,51,15.0,-15.0,128,-8.09375,25.062007874015748,0.0,0.0,0.0
psi-int,transfer,calibration,12,51,15.0,15.0,128,28.046875,27.037155511811022,0.0,0.0,0.0
psi-int,transfer,calibration,12,51,15.0,30.0,128,48.9609375,26.1953125,0.0,0.0,0.0
psi-int,transfer,calibration,12,51,16.0,-32.0,128,-28.6875,24.515748031496063,0.0,0.0,0.0
psi-int,transfer,calibration,12,51,16.0,-16.0,128,-8.8046875,25.402497539370078,0.0,0.0,0.0
psi-int,transfer,calibration,12,51,16.0,16.0,128,29.515625,23.149360236220474,0.0,0.0,0.0
psi-int,transfer,calibration,12,51,16.0,32.0,128,50.921875,24.277312992125985,0.0,0.0,0.0
psi-int,transfer,calibration,12,51,17.0,-34.0,128,-30.125,27.62204724409449,0.0,0.0,0.0
psi-int,transfer,calibration,12,51,17.0,-17.0,128,-9.859375,26.468257874015748,0.0,0.0,0.0
psi-int,transfer,calibration,12,51,17.0,17.0,128,29.984375,22.109990157480315,0.0,0.0,0.0
psi-int,transfer,calibration,12,51,17.0,34.0,128,52.90625,23.01476377952756,0.0,0.0,0.0
psi-int,transfer,calibration,12,51,18.0,-36.0,128,-32.0234375,28.889210137795274,0.0,0.0,0.0
psi-int,transfer,calibration,12,51,18.0,-18.0,128,-10.4921875,25.606237696850393,0.0,0.0,0.0
psi-int,transfer,calibration,12,51,18.0,18.0,128,31.0859375,25.21302903543307,0.0,0.0,0.0
psi-int,transfer,calibration,12,51,18.0,36.0,128,54.3984375,29.706139271653544,0.0,0.0,0.0
psi-int,transfer,calibration,12,51,19.0,-38.0,128,-33.9296875,26.648560531496063,0.0,0.0,0.0
psi-int,transfer,calibration,12,51,19.0,-19.0,128,-11.578125,28.371801181102363,0.0,0.0,0.0
psi-int,transfer,calibration,12,51,19.0,19.0,128,32.0078125,25.677103838582678,0.0,0.0,0.0
psi-int,transfer,calibration,12,51,19.0,38.0,128,56.7734375,25.735666830708663,0.0,0.0,0.0
psi-int,transfer,calibration,12,51,20.0,-40.0,128,-35.9140625,22.173658956692915,0.0,0.0,0.0
psi-int,transfer,calibration,12,51,20.0,-20.0,128,-12.453125,26.895423228346456,0.0,0.0,0.0
psi-int,transfer,calibration,12,51,20.0,20.0,128,32.5234375,28.03094242125984,0.0,0.0,0.0
psi-int,transfer,calibration,12,51,20.0,40.0,128,58.7890625,27.207123523622048,0.0,0.0,0.0
psi-int,transfer,calibration,12,51,21.0,-42.0,128,-37.5625,25.822834645669293,0.0,0.0,0.0
psi-int,transfer,calibration,12,51,21.0,-21.0,128,-13.1484375,26.725824311023622,0.0,0.0,0.0
psi-int,transfer,calibration,12,51,21.0,21.0,128,33.1484375,25.71795029527559,0.0,0.0,0.0
psi-int,transfer,calibration,12,51,21.0,42.0,128,60.1171875,25.97828494094488,0.0,0.0,0.0
psi-int,transfer,calibration,12,51,22.0,-44.0,128,-39.21875,22.313976377952756,0.0,0.0,0.0
psi-int,transfer,calibration,12,51,22.0,-22.0,128,-14.5234375,27.432517224409448,0.0,0.0,0.0
psi-int,transfer,calibration,12,51,22.0,22.0,128,34.5390625,27.258304625984252,0.0,0.0,0.0
psi-int,transfer,calibration,12,51,22.0,44.0,128,62.703125,25.848179133858267,0.0,0.0,0.0
psi-int,transfer,calibration,12,51,23.0,-46.0,128,-41.2421875,25.114111712598426,0.0,0.0,0.0
psi-int,transfer,calibration,12,51,23.0,-23.0,128,-14.546875,28.139517716535433,0.0,0.0,0.0
psi-int,transfer,calibration,12,51,23.0,23.0,128,35.2109375,25.884288877952756,0.0,0.0,0.0
psi-int,transfer,calibration,12,51,23.0,46.0,128,64.0234375,23.125430610236222,0.0,0.0,0.0
psi-int,transfer,calibration,12,51,24.0,-48.0,128,-42.9609375,24.337044783464567,0.0,0.0,0.0
psi-int,transfer,calibration,12,51,24.0,-24.0,128,-15.921875,29.726131889763778,0.0,0.0,0.0
psi-int,transfer,calibration,12,51,24.0,24.0,128,36.65625,25.187992125984252,0.0,0.0,0.0
psi-int,transfer,calibration,12,51,24.0,48.0,128,65.7265625,23.444328248031496,0.0,0.0,0.0
psi-int,transfer,calibration,12,51,25.0,-50.0,128,-44.90625,23.896653543307085,0.0,0.0,0.0
psi-int,transfer,calibration,12,51,25.0,-25.0,128,-16.5625,23.255905511811022,0.0,0.0,0.0
psi-int,transfer,calibration,12,51,25.0,25.0,128,37.3984375,25.12346210629921,0.0,0.0,0.0
psi-int,transfer,calibration,12,51,25.0,50.0,128,67.84375,21.849409448818896,0.0,0.0,0.0
psi-int,transfer,calibration,12,51,26.0,-52.0,128,-46.890625,24.00369094488189,0.0,0.0,0.0
psi-int,transfer,calibration,12,51,26.0,-26.0,128,-17.875,26.519685039370078,0.0,0.0,0.0
psi-int,transfer,calibration,12,51,26.0,26.0,128,38.359375,26.562746062992126,0.0,0.0,0.0
psi-int,transfer,calibration,12,51,26.0,52.0,128,69.4140625,23.394131397637796,0.0,0.0,0.0
psi-int,transfer,calibration,12,51,27.0,-54.0,128,-48.484375,24.377706692913385,0.0,0.0,0.0
psi-int,transfer,calibration,12,51,27.0,-27.0,128,-18.6875,26.106299212598426,0.0,0.0,0.0
psi-int,transfer,calibration,12,51,27.0,27.0,128,39.0859375,26.016178641732285,0.0,0.0,0.0
psi-int,transfer,calibration,12,51,27.0,54.0,128,72.0703125,21.246985728346456,0.0,0.0,0.0
psi-int,transfer,calibration,12,51,28.0,-56.0,128,-50.2265625,23.971887303149607,0.0,0.0,0.0
psi-int,transfer,calibration,12,51,28.0,-28.0,128,-19.390625,23.940698818897637,0.0,0.0,0.0
psi-int,transfer,calibration,12,51,28.0,28.0,128,40.2578125,29.169229822834644,0.0,0.0,0.0
psi-int,transfer,calibration,12,51,28.0,56.0,128,73.5625,20.673228346456693,0.0,0.0,0.0
psi-int,transfer,calibration,12,51,29.0,-58.0,128,-51.890625,26.806840551181104,0.0,0.0,0.0
psi-int,transfer,calibration,12,51,29.0,-29.0,128,-20.15625,24.778543307086615,0.0,0.0,0.0
psi-int,transfer,calibration,12,51,29.0,29.0,128,40.7421875,30.114111712598426,0.0,0.0,0.0
psi-int,transfer,calibration,12,51,29.0,58.0,128,75.1328125,19.94285187007874,0.0,0.0,0.0
psi-int,transfer,calibration,12,51,30.0,-60.0,128,-54.0078125,23.677103838582678,0.0,0.0,0.0
psi-int,transfer,calibration,12,51,30.0,-30.0,128,-20.390625,27.609990157480315,0.0,0.0,0.0
psi-int,transfer,calibration,12,51,30.0,30.0,128,41.4765625,26.345903051181104,0.0,0.0,0.0
psi-int,transfer,calibration,12,51,30.0,60.0,128,77.1015625,19.777005413385826,0.0,0.0,0.0
psi-int,transfer,calibration,12,51,31.0,-62.0,128,-55.6640625,23.07523375984252,0.0,0.0,0.0
psi-int,transfer,calibration,12,51,31.0,-31.0,128,-21.2421875,27.39757627952756,0.0,0.0,0.0
psi-int,transfer,calibration,12,51,31.0,31.0,128,42.1953125,28.56785187007874,0.0,0.0,0.0
psi-int,transfer,calibration,12,51,31.0,62.0,128,79.40625,21.518700787401574,0.0,0.0,0.0
psi-int,transfer,calibration,13,23,0.0,-0.0,128,0.1015625,1.273068405511811,0.0,0.0,0.0
psi-int,transfer,calibration,13,23,0.0,-0.0,128,0.140625,1.1296751968503937,0.0,0.0,0.0
psi-int,transfer,calibration,13,23,0.0,0.0,128,-0.0390625,0.9354699803149606,0.0,0.0,0.0
psi-int,transfer,calibration,13,23,0.0,0.0,128,0.0390625,1.3134227362204725,0.0,0.0,0.0
psi-int,transfer,calibration,13,23,1.0,-2.0,128,-4.9140625,16.56735974409449,0.0,0.0,0.0
psi-int,transfer,calibration,13,23,1.0,-1.0,128,-1.703125,24.4308562992126,0.0,0.0,0.0
psi-int,transfer,calibration,13,23,1.0,1.0,128,-2.3515625,21.28487942913386,0.0,0.0,0.0
psi-int,transfer,calibration,13,23,1.0,2.0,128,-2.1015625,21.619525098425196,0.0,0.0,0.0
psi-int,transfer,calibration,13,23,2.0,-4.0,128,-7.15625,18.92027559055118,0.0,0.0,0.0
psi-int,transfer,calibration,13,23,2.0,-2.0,128,-3.7109375,24.91578494094488,0.0,0.0,0.0
psi-int,transfer,calibration,13,23,2.0,2.0,128,-2.875,21.46456692913386,0.0,0.0,0.0
psi-int,transfer,calibration,13,23,2.0,4.0,128,-1.5859375,20.779958169291337,0.0,0.0,0.0
psi-int,transfer,calibration,13,23,3.0,-6.0,128,-10.65625,17.313976377952756,0.0,0.0,0.0
psi-int,transfer,calibration,13,23,3.0,-3.0,128,-3.96875,25.054133858267715,0.0,0.0,0.0
psi-int,transfer,calibration,13,23,3.0,3.0,128,2.6640625,20.66578494094488,0.0,0.0,0.0
psi-int,transfer,calibration,13,23,3.0,6.0,128,7.7265625,20.562438484251967,0.0,0.0,0.0
psi-int,transfer,calibration,13,23,4.0,-8.0,128,-13.3359375,18.839013287401574,0.0,0.0,0.0
psi-int,transfer,calibration,13,23,4.0,-4.0,128,-4.671875,23.119832677165356,0.0,0.0,0.0
psi-int,transfer,calibration,13,23,4.0,4.0,128,4.8125,19.665354330708663,0.0,0.0,0.0
psi-int,transfer,calibration,13,23,4.0,8.0,128,12.3203125,23.652497539370078,0.0,0.0,0.0
psi-int,transfer,calibration,13,23,5.0,-10.0,128,-16.390625,15.924950787401574,0.0,0.0,0.0
psi-int,transfer,calibration,13,23,5.0,-5.0,128,-5.6015625,22.27306840551181,0.0,0.0,0.0
psi-int,transfer,calibration,13,23,5.0,5.0,128,6.4453125,17.43005659448819,0.0,0.0,0.0
psi-int,transfer,calibration,13,23,5.0,10.0,128,15.0859375,19.98468257874016,0.0,0.0,0.0
psi-int,transfer,calibration,13,23,6.0,-12.0,128,-18.3515625,17.647084153543307,0.0,0.0,0.0
psi-int,transfer,calibration,13,23,6.0,-6.0,128,-7.3515625,27.253383366141733,0.0,0.0,0.0
psi-int,transfer,calibration,13,23,6.0,6.0,128,7.625,19.653543307086615,0.0,0.0,0.0
psi-int,transfer,calibration,13,23,6.0,12.0,128,18.0,23.118110236220474,0.0,0.0,0.0
psi-int,transfer,calibration,13,23,7.0,-14.0,128,-20.4453125,18.264702263779526,0.0,0.0,0.0
psi-int,transfer,calibration,13,23,7.0,-7.0,128,-8.03125,26.093503937007874,0.0,0.0,0.0
psi-int,transfer,calibration,13,23,7.0,7.0,128,8.859375,22.295029527559056,0.0,0.0,0.0
psi-int,transfer,calibration,13,23,7.0,14.0,128,20.5703125,21.144623523622048,0.0,0.0,0.0
psi-int,transfer,calibration,13,23,8.0,-16.0,128,-22.4296875,18.861158956692915,0.0,0.0,0.0
psi-int,transfer,calibration,13,23,8.0,-8.0,128,-9.0546875,20.052103838582678,0.0,0.0,0.0
psi-int,transfer,calibration,13,23,8.0,8.0,128,9.7421875,22.5078125,0.0,0.0,0.0
psi-int,transfer,calibration,13,23,8.0,16.0,128,23.078125,21.852116141732285,0.0,0.0,0.0
psi-int,transfer,calibration,13,23,9.0,-18.0,128,-24.3125,17.3503937007874,0.0,0.0,0.0
psi-int,transfer,calibration,13,23,9.0,-9.0,128,-10.28125,20.644685039370078,0.0,0.0,0.0
psi-int,transfer,calibration,13,23,9.0,9.0,128,11.28125,19.96751968503937,0.0,0.0,0.0
psi-int,transfer,calibration,13,23,9.0,18.0,128,25.484375,22.865895669291337,0.0,0.0,0.0
psi-int,transfer,calibration,13,23,10.0,-20.0,128,-26.1484375,17.78094242125984,0.0,0.0,0.0
psi-int,transfer,calibration,13,23,10.0,-10.0,128,-10.8828125,24.875922736220474,0.0,0.0,0.0
psi-int,transfer,calibration,13,23,10.0,10.0,128,12.0703125,23.0580093503937,0.0,0.0,0.0
psi-int,transfer,calibration,13,23,10.0,20.0,128,28.09375,20.58956692913386,0.0,0.0,0.0
psi-int,transfer,calibration,13,23,11.0,-22.0,128,-28.2109375,17.774052657480315,0.0,0.0,0.0
psi-int,transfer,calibration,13,23,11.0,-11.0,128,-12.3984375,20.824249507874015,0.0,0.0,0.0
psi-int,transfer,calibration,13,23,11.0,11.0,128,12.6953125,23.67808809055118,0.0,0.0,0.0
psi-int,transfer,calibration,13,23,11.0,22.0,128,29.7578125,22.263718011811022,0.0,0.0,0.0
psi-int,transfer,calibration,13,23,12.0,-24.0,128,-29.9609375,18.258304625984252,0.0,0.0,0.0
psi-int,transfer,calibration,13,23,12.0,-12.0,128,-13.25,22.944881889763778,0.0,0.0,0.0
psi-int,transfer,calibration,13,23,12.0,12.0,128,14.0625,23.80708661417323,0.0,0.0,0.0
psi-int,transfer,calibration,13,23,12.0,24.0,128,32.34375,19.361220472440944,0.0,0.0,0.0
psi-int,transfer,calibration,13,23,13.0,-26.0,128,-31.578125,15.395423228346457,0.0,0.0,0.0
psi-int,transfer,calibration,13,23,13.0,-13.0,128,-13.84375,22.08562992125984,0.0,0.0,0.0
psi-int,transfer,calibration,13,23,13.0,13.0,128,15.1640625,26.374446358267715,0.0,0.0,0.0
psi-int,transfer,calibration,13,23,13.0,26.0,128,34.328125,23.56077755905512,0.0,0.0,0.0
psi-int,transfer,calibration,13,23,14.0,-28.0,128,-32.671875,16.58439960629921,0.0,0.0,0.0
psi-int,transfer,calibration,13,23,14.0,-14.0,128,-14.3984375,18.304564468503937,0.0,0.0,0.0
psi-int,transfer,calibration,13,23,14.0,14.0,128,15.9921875,19.62985974409449,0.0,0.0,0.0
psi-int,transfer,calibration,13,23,14.0,28.0,128,36.28125,22.81791338582677,0.0,0.0,0.0
psi-int,transfer,calibration,13,23,15.0,-30.0,128,-34.8359375,17.350824311023622,0.0,0.0,0.0
psi-int,transfer,calibration,13,23,15.0,-15.0,128,-15.8046875,19.544229822834644,0.0,0.0,0.0
psi-int,transfer,calibration,13,23,15.0,15.0,128,16.7109375,23.309485728346456,0.0,0.0,0.0
psi-int,transfer,calibration,13,23,15.0,30.0,128,38.5078125,24.866080216535433,0.0,0.0,0.0
psi-int,transfer,calibration,13,23,16.0,-32.0,128,-36.703125,17.454478346456693,0.0,0.0,0.0
psi-int,transfer,calibration,13,23,16.0,-16.0,128,-16.0078125,20.181040846456693,0.0,0.0,0.0
psi-int,transfer,calibration,13,23,16.0,16.0,128,17.78125,21.983267716535433,0.0,0.0,0.0
psi-int,transfer,calibration,13,23,16.0,32.0,128,41.2265625,21.10574557086614,0.0,0.0,0.0
psi-int,transfer,calibration,13,23,17.0,-34.0,128,-37.7890625,18.16775344488189,0.0,0.0,0.0
psi-int,transfer,calibration,13,23,17.0,-17.0,128,-17.109375,21.027312992125985,0.0,0.0,0.0
psi-int,transfer,calibration,13,23,17.0,17.0,128,18.7578125,22.263718011811022,0.0,0.0,0.0
psi-int,transfer,calibration,13,23,17.0,34.0,128,42.3203125,18.943836122047244,0.0,0.0,0.0
psi-int,transfer,calibration,13,23,18.0,-36.0,128,-39.40625,16.16437007874016,0.0,0.0,0.0
psi-int,transfer,calibration,13,23,18.0,-18.0,128,-17.5234375,18.834092027559056,0.0,0.0,0.0
psi-int,transfer,calibration,13,23,18.0,18.0,128,20.0078125,22.873954232283463,0.0,0.0,0.0
psi-int,transfer,calibration,13,23,18.0,36.0,128,44.421875,21.15920275590551,0.0,0.0,0.0
psi-int,transfer,calibration,13,23,19.0,-38.0,128,-40.8515625,14.836060531496063,0.0,0.0,0.0
psi-int,transfer,calibration,13,23,19.0,-19.0,128,-18.5234375,19.527005413385826,0.0,0.0,0.0
psi-int,transfer,calibration,13,23,19.0,19.0,128,20.28125,24.07775590551181,0.0,0.0,0.0
psi-int,transfer,calibration,13,23,19.0,38.0,128,46.5,22.881889763779526,0.0,0.0,0.0
psi-int,transfer,calibration,13,23,20.0,-40.0,128,-42.3828125,19.261749507874015,0.0,0.0,0.0
psi-int,transfer,calibration,13,23,20.0,-20.0,128,-19.3203125,21.274544783464567,0.0,0.0,0.0
psi-int,transfer,calibration,13,23,20.0,20.0,128,21.0390625,24.84098179133858,0.0,0.0,0.0
psi-int,transfer,calibration,13,23,20.0,40.0,128,48.234375,19.897391732283463,0.0,0.0,0.0
psi-int,transfer,calibration,13,23,21.0,-42.0,128,-44.15625,17.849409448818896,0.0,0.0,0.0
psi-int,transfer,calibration,13,23,21.0,-21.0,128,-20.1171875,19.53734005905512,0.0,0.0,0.0
psi-int,transfer,calibration,13,23,21.0,21.0,128,21.765625,24.196604330708663,0.0,0.0,0.0
psi-int,transfer,calibration,13,23,21.0,42.0,128,49.9921875,25.188914862204726,0.0,0.0,0.0
psi-int,transfer,calibration,13,23,22.0,-44.0,128,-45.6484375,17.048658956692915,0.0,0.0,0.0
psi-int,transfer,calibration,13,23,22.0,-22.0,128,-20.6640625,19.75239911417323,0.0,0.0,0.0
psi-int,transfer,calibration,13,23,22.0,22.0,128,22.6796875,24.345410925196852,0.0,0.0,0.0
psi-int,transfer,calibration,13,23,22.0,44.0,128,51.984375,17.936761811023622,0.0,0.0,0.0
psi-int,transfer,calibration,13,23,23.0,-46.0,128,-46.8359375,17.06735974409449,0.0,0.0,0.0
psi-int,transfer,calibration,13,23,23.0,-23.0,128,-21.5078125,23.401513287401574,0.0,0.0,0.0
psi-int,transfer,calibration,13,23,23.0,23.0,128,23.2109375,19.91578494094488,0.0,0.0,0.0
psi-int,transfer,calibration,13,23,23.0,46.0,128,53.6015625,20.131336122047244,0.0,0.0,0.0
psi-int,transfer,calibration,13,23,24.0,-48.0,128,-49.109375,15.578494094488189,0.0,0.0,0.0
psi-int,transfer,calibration,13,23,24.0,-24.0,128,-22.3515625,24.103777066929133,0.0,0.0,0.0
psi-int,transfer,calibration,13,23,24.0,24.0,128,23.8359375,21.854761318897637,0.0,0.0,0.0
psi-int,transfer,calibration,13,23,24.0,48.0,128,56.1484375,23.229761318897637,0.0,0.0,0.0
psi-int,transfer,calibration,13,23,25.0,-50.0,128,-50.2265625,17.861651082677167,0.0,0.0,0.0
psi-int,transfer,calibration,13,23,25.0,-25.0,128,-23.078125,24.277312992125985,0.0,0.0,0.0
psi-int,transfer,calibration,13,23,25.0,25.0,128,24.2890625,20.15987942913386,0.0,0.0,0.0
psi-int,transfer,calibration,13,23,25.0,50.0,128,58.0859375,25.16578494094488,0.0,0.0,0.0
psi-int,transfer,calibration,13,23,26.0,-52.0,128,-51.703125,16.63558070866142,0.0,0.0,0.0
psi-int,transfer,calibration,13,23,26.0,-26.0,128,-24.3046875,22.717458169291337,0.0,0.0,0.0
psi-int,transfer,calibration,13,23,26.0,26.0,128,25.3125,21.60236220472441,0.0,0.0,0.0
psi-int,transfer,calibration,13,23,26.0,52.0,128,60.3671875,23.179072342519685,0.0,0.0,0.0
psi-int,transfer,calibration,13,23,27.0,-54.0,128,-52.9140625,13.73271407480315,0.0,0.0,0.0
psi-int,transfer,calibration,13,23,27.0,-27.0,128,-24.921875,21.852116141732285,0.0,0.0,0.0
psi-int,transfer,calibration,13,23,27.0,27.0,128,26.2109375,17.285863681102363,0.0,0.0,0.0
psi-int,transfer,calibration,13,23,27.0,54.0,128,62.0625,23.6496062992126,0.0,0.0,0.0
psi-int,transfer,calibration,13,23,28.0,-56.0,128,-54.40625,16.258858267716537,0.0,0.0,0.0
psi-int,transfer,calibration,13,23,28.0,-28.0,128,-25.8828125,22.009781003937007,0.0,0.0,0.0
psi-int,transfer,calibration,13,23,28.0,28.0,128,26.9140625,22.457123523622048,0.0,0.0,0.0
psi-int,transfer,calibration,13,23,28.0,56.0,128,63.5859375,21.173658956692915,0.0,0.0,0.0
psi-int,transfer,calibration,13,23,29.0,-58.0,128,-55.6015625,15.674643208661417,0.0,0.0,0.0
psi-int,transfer,calibration,13,23,29.0,-29.0,128,-26.6484375,21.379367618110237,0.0,0.0,0.0
psi-int,transfer,calibration,13,23,29.0,29.0,128,27.890625,22.602116141732285,0.0,0.0,0.0
psi-int,transfer,calibration,13,23,29.0,58.0,128,65.6796875,24.959584153543307,0.0,0.0,0.0
psi-int,transfer,calibration,13,23,30.0,-60.0,128,-57.5390625,16.203186515748033,0.0,0.0,0.0
psi-int,transfer,calibration,13,23,30.0,-30.0,128,-27.1875,19.208661417322833,0.0,0.0,0.0
psi-int,transfer,calibration,13,23,30.0,30.0,128,28.671875,23.056840551181104,0.0,0.0,0.0
psi-int,transfer,calibration,13,23,30.0,60.0,128,67.359375,18.609990157480315,0.0,0.0,0.0
psi-int,transfer,calibration,13,23,31.0,-62.0,128,-59.015625,15.070620078740157,0.0,0.0,0.0
psi-int,transfer,calibration,13,23,31.0,-31.0,128,-28.0234375,21.42464320866142,0.0,0.0,0.0
psi-int,transfer,calibration,13,23,31.0,31.0,128,29.5625,25.822834645669293,0.0,0.0,0.0
psi-int,transfer,calibration,13,23,31.0,62.0,128,69.703125,20.4308562992126,0.0,0.0,0.0
psi-int,transfer,calibration,14,93,0.0,-0.0,128,-0.2265625,0.9640132874015748,0.0,0.0,0.0
psi-int,transfer,calibration,14,93,0.0,-0.0,128,-0.203125,1.0292814960629921,0.0,0.0,0.0
psi-int,transfer,calibration,14,93,0.0,0.0,128,-0.3046875,0.8906865157480315,0.0,0.0,0.0
psi-int,transfer,calibration,14,93,0.0,0.0,128,-0.359375,1.0036909448818898,0.0,0.0,0.0
psi-int,transfer,calibration,14,93,1.0,-2.0,128,4.984375,22.4564468503937,0.0,0.0,0.0
psi-int,transfer,calibration,14,93,1.0,-1.0,128,6.65625,42.58956692913386,0.0,0.0,0.0
psi-int,transfer,calibration,14,93,1.0,1.0,128,6.4921875,23.984190452755904,0.0,0.0,0.0
psi-int,transfer,calibration,14,93,1.0,2.0,128,6.3359375,23.279958169291337,0.0,0.0,0.0
psi-int,transfer,calibration,14,93,2.0,-4.0,128,5.5078125,20.5826156496063,0.0,0.0,0.0
psi-int,transfer,calibration,14,93,2.0,-2.0,128,6.578125,41.14345472440945,0.0,0.0,0.0
psi-int,transfer,calibration,14,93,2.0,2.0,128,6.328125,27.08833661417323,0.0,0.0,0.0
psi-int,transfer,calibration,14,93,2.0,4.0,128,6.2109375,26.5457062007874,0.0,0.0,0.0
psi-int,transfer,calibration,14,93,3.0,-6.0,128,2.1171875,23.17513533464567,0.0,0.0,0.0
psi-int,transfer,calibration,14,93,3.0,-3.0,128,4.4453125,39.351316437007874,0.0,0.0,0.0
psi-int,transfer,calibration,14,93,3.0,3.0,128,6.34375,27.943897637795274,0.0,0.0,0.0
psi-int,transfer,calibration,14,93,3.0,6.0,128,7.3828125,22.679072342519685,0.0,0.0,0.0
psi-int,transfer,calibration,14,93,4.0,-8.0,128,-3.328125,19.13558070866142,0.0,0.0,0.0
psi-int,transfer,calibration,14,93,4.0,-4.0,128,3.71875,41.2746062992126,0.0,0.0,0.0
psi-int,transfer,calibration,14,93,4.0,4.0,128,13.3828125,30.427103838582678,0.0,0.0,0.0
psi-int,transfer,calibration,14,93,4.0,8.0,128,19.21875,25.447834645669293,0.0,0.0,0.0
psi-int,transfer,calibration,14,93,5.0,-10.0,128,-6.9375,19.665354330708663,0.0,0.0,0.0
psi-int,transfer,calibration,14,93,5.0,-5.0,128,1.8828125,42.68694635826772,0.0,0.0,0.0
psi-int,transfer,calibration,14,93,5.0,5.0,128,16.1328125,31.927103838582678,0.0,0.0,0.0
psi-int,transfer,calibration,14,93,5.0,10.0,128,23.2421875,20.373954232283463,0.0,0.0,0.0
psi-int,transfer,calibration,14,93,6.0,-12.0,128,-9.5,20.913385826771652,0.0,0.0,0.0
psi-int,transfer,calibration,14,93,6.0,-6.0,128,0.3203125,40.014702263779526,0.0,0.0,0.0
psi-int,transfer,calibration,14,93,6.0,6.0,128,18.3125,24.956692913385826,0.0,0.0,0.0
psi-int,transfer,calibration,14,93,6.0,12.0,128,26.6796875,20.991080216535433,0.0,0.0,0.0
psi-int,transfer,calibration,14,93,7.0,-14.0,128,-12.4765625,24.298658956692915,0.0,0.0,0.0
psi-int,transfer,calibration,14,93,7.0,-7.0,128,-0.6875,37.33464566929134,0.0,0.0,0.0
psi-int,transfer,calibration,14,93,7.0,7.0,128,19.3671875,29.982221948818896,0.0,0.0,0.0
psi-int,transfer,calibration,14,93,7.0,14.0,128,29.3515625,22.339997539370078,0.0,0.0,0.0
psi-int,transfer,calibration,14,93,8.0,-16.0,128,-15.1875,25.948818897637796,0.0,0.0,0.0
psi-int,transfer,calibration,14,93,8.0,-8.0,128,-1.6171875,39.32474163385827,0.0,0.0,0.0
psi-int,transfer,calibration,14,93,8.0,8.0,128,20.375,23.84251968503937,0.0,0.0,0.0
psi-int,transfer,calibration,14,93,8.0,16.0,128,31.90625,22.243110236220474,0.0,0.0,0.0
psi-int,transfer,calibration,14,93,9.0,-18.0,128,-17.1796875,20.321788877952756,0.0,0.0,0.0
psi-int,transfer,calibration,14,93,9.0,-9.0,128,-3.09375,34.400590551181104,0.0,0.0,0.0
psi-int,transfer,calibration,14,93,9.0,9.0,128,21.4375,27.208661417322833,0.0,0.0,0.0
psi-int,transfer,calibration,14,93,9.0,18.0,128,34.40625,22.006889763779526,0.0,0.0,0.0
psi-int,transfer,calibration,14,93,10.0,-20.0,128,-19.5078125,21.826710137795274,0.0,0.0,0.0
psi-int,transfer,calibration,14,93,10.0,-10.0,128,-4.1640625,37.177595964566926,0.0,0.0,0.0
psi-int,transfer,calibration,14,93,10.0,10.0,128,22.2109375,27.238619586614174,0.0,0.0,0.0
psi-int,transfer,calibration,14,93,10.0,20.0,128,35.96875,22.534448818897637,0.0,0.0,0.0
psi-int,transfer,calibration,14,93,11.0,-22.0,128,-21.8828125,21.97828494094488,0.0,0.0,0.0
psi-int,transfer,calibration,14,93,11.0,-11.0,128,-5.09375,38.76279527559055,0.0,0.0,0.0
psi-int,transfer,calibration,14,93,11.0,11.0,128,23.1796875,28.101316437007874,0.0,0.0,0.0
psi-int,transfer,calibration,14,93,11.0,22.0,128,38.296875,28.352116141732285,0.0,0.0,0.0
psi-int,transfer,calibration,14,93,12.0,-24.0,128,-24.0703125,21.089505413385826,0.0,0.0,0.0
psi-int,transfer,calibration,14,93,12.0,-12.0,128,-6.109375,31.48400590551181,0.0,0.0,0.0
psi-int,transfer,calibration,14,93,12.0,12.0,128,24.109375,28.6808562992126,0.0,0.0,0.0
psi-int,transfer,calibration,14,93,12.0,24.0,128,40.5546875,22.34344242125984,0.0,0.0,0.0
psi-int,transfer,calibration,14,93,13.0,-26.0,128,-25.984375,23.511564960629922,0.0,0.0,0.0
psi-int,transfer,calibration,14,93,13.0,-13.0,128,-7.0546875,32.808009350393704,0.0,0.0,0.0
psi-int,transfer,calibration,14,93,13.0,13.0,128,25.421875,31.143454724409448,0.0,0.0,0.0
psi-int,transfer,calibration,14,93,13.0,26.0,128,42.5390625,27.053580216535433,0.0,0.0,0.0
psi-int,transfer,calibration,14,93,14.0,-28.0,128,-28.0,22.74015748031496,0.0,0.0,0.0
psi-int,transfer,calibration,14,93,14.0,-14.0,128,-8.09375,34.96751968503937,0.0,0.0,0.0
psi-int,transfer,calibration,14,93,14.0,14.0,128,26.765625,30.306840551181104,0.0,0.0,0.0
psi-int,transfer,calibration,14,93,14.0,28.0,128,44.6796875,23.479269192913385,0.0,0.0,0.0
psi-int,transfer,calibration,14,93,15.0,-30.0,128,-29.734375,20.905265748031496,0.0,0.0,0.0
psi-int,transfer,calibration,14,93,15.0,-15.0,128,-8.703125,38.06865157480315,0.0,0.0,0.0
psi-int,transfer,calibration,14,93,15.0,15.0,128,27.875,29.275590551181104,0.0,0.0,0.0
psi-int,transfer,calibration,14,93,15.0,30.0,128,46.8046875,24.552103838582678,0.0,0.0,0.0
psi-int,transfer,calibration,14,93,16.0,-32.0,128,-31.15625,20.069881889763778,0.0,0.0,0.0
psi-int,transfer,calibration,14,93,16.0,-16.0,128,-9.6171875,33.261749507874015,0.0,0.0,0.0
psi-int,transfer,calibration,14,93,16.0,16.0,128,28.71875,30.250984251968504,0.0,0.0,0.0
psi-int,transfer,calibration,14,93,16.0,32.0,128,48.8046875,27.544229822834644,0.0,0.0,0.0
psi-int,transfer,calibration,14,93,17.0,-34.0,128,-32.828125,20.6316437007874,0.0,0.0,0.0
psi-int,transfer,calibration,14,93,17.0,-17.0,128,-10.578125,30.970226377952756,0.0,0.0,0.0
psi-int,transfer,calibration,14,93,17.0,17.0,128,29.640625,27.712352362204726,0.0,0.0,0.0
psi-int,transfer,calibration,14,93,17.0,34.0,128,50.1484375,25.119525098425196,0.0,0.0,0.0
psi-int,transfer,calibration,14,93,18.0,-36.0,128,-34.9296875,20.333599901574804,0.0,0.0,0.0
psi-int,transfer,calibration,14,93,18.0,-18.0,128,-11.3203125,34.109190452755904,0.0,0.0,0.0
psi-int,transfer,calibration,14,93,18.0,18.0,128,30.375,29.133858267716537,0.0,0.0,0.0
psi-int,transfer,calibration,14,93,18.0,36.0,128,52.6953125,26.796198326771652,0.0,0.0,0.0
psi-int,transfer,calibration,14,93,19.0,-38.0,128,-36.9765625,23.881336122047244,0.0,0.0,0.0
psi-int,transfer,calibration,14,93,19.0,-19.0,128,-12.8515625,33.009288877952756,0.0,0.0,0.0
psi-int,transfer,calibration,14,93,19.0,19.0,128,31.6171875,28.253875492125985,0.0,0.0,0.0
psi-int,transfer,calibration,14,93,19.0,38.0,128,54.71875,25.778543307086615,0.0,0.0,0.0
psi-int,transfer,calibration,14,93,20.0,-40.0,128,-38.875,23.921259842519685,0.0,0.0,0.0
psi-int,transfer,calibration,14,93,20.0,-20.0,128,-13.4140625,35.80358021653543,0.0,0.0,0.0
psi-int,transfer,calibration,14,93,20.0,20.0,128,32.2890625,36.61657234251968,0.0,0.0,0.0
psi-int,transfer,calibration,14,93,20.0,40.0,128,56.8984375,22.328186515748033,0.0,0.0,0.0
psi-int,transfer,calibration,14,93,21.0,-42.0,128,-40.40625,20.74704724409449,0.0,0.0,0.0
psi-int,transfer,calibration,14,93,21.0,-21.0,128,-14.4609375,37.41578494094488,0.0,0.0,0.0
psi-int,transfer,calibration,14,93,21.0,21.0,128,33.2890625,32.033895177165356,0.0,0.0,0.0
psi-int,transfer,calibration,14,93,21.0,42.0,128,58.234375,23.4564468503937,0.0,0.0,0.0
psi-int,transfer,calibration,14,93,22.0,-44.0,128,-43.1015625,25.27306840551181,0.0,0.0,0.0
psi-int,transfer,calibration,14,93,22.0,-22.0,128,-15.2421875,31.145607775590552,0.0,0.0,0.0
psi-int,transfer,calibration,14,93,22.0,22.0,128,34.28125,27.888779527559056,0.0,0.0,0.0
psi-int,transfer,calibration,14,93,22.0,44.0,128,59.8828125,28.261749507874015,0.0,0.0,0.0
psi-int,transfer,calibration,14,93,23.0,-46.0,128,-44.5546875,22.02848179133858,0.0,0.0,0.0
psi-int,transfer,calibration,14,93,23.0,-23.0,128,-16.125,32.55118110236221,0.0,0.0,0.0
psi-int,transfer,calibration,14,93,23.0,23.0,128,35.171875,32.111958661417326,0.0,0.0,0.0
psi-int,transfer,calibration,14,93,23.0,46.0,128,61.71875,23.195866141732285,0.0,0.0,0.0
psi-int,transfer,calibration,14,93,24.0,-48.0,128,-46.2265625,21.546690452755904,0.0,0.0,0.0
psi-int,transfer,calibration,14,93,24.0,-24.0,128,-17.6640625,32.618540846456696,0.0,0.0,0.0
psi-int,transfer,calibration,14,93,24.0,24.0,128,35.9609375,32.74649360236221,0.0,0.0,0.0
psi-int,transfer,calibration,14,93,24.0,48.0,128,63.4609375,25.022084153543307,0.0,0.0,0.0
psi-int,transfer,calibration,14,93,25.0,-50.0,128,-48.1015625,23.871493602362204,0.0,0.0,0.0
psi-int,transfer,calibration,14,93,25.0,-25.0,128,-18.5078125,31.74796998031496,0.0,0.0,0.0
psi-int,transfer,calibration,14,93,25.0,25.0,128,37.3359375,30.161847933070867,0.0,0.0,0.0
psi-int,transfer,calibration,14,93,25.0,50.0,128,65.3984375,26.27306840551181,0.0,0.0,0.0
psi-int,transfer,calibration,14,93,26.0,-52.0,128,-50.265625,22.13361220472441,0.0,0.0,0.0
psi-int,transfer,calibration,14,93,26.0,-26.0,128,-19.625,34.99212598425197,0.0,0.0,0.0
psi-int,transfer,calibration,14,93,26.0,26.0,128,37.8203125,31.345410925196852,0.0,0.0,0.0
psi-int,transfer,calibration,14,93,26.0,52.0,128,67.1796875,23.046198326771652,0.0,0.0,0.0
psi-int,transfer,calibration,14,93,27.0,-54.0,128,-51.875,22.20472440944882,0.0,0.0,0.0
psi-int,transfer,calibration,14,93,27.0,-27.0,128,-19.9453125,34.43005659448819,0.0,0.0,0.0
psi-int,transfer,calibration,14,93,27.0,27.0,128,38.7421875,24.492064468503937,0.0,0.0,0.0
psi-int,transfer,calibration,14,93,27.0,54.0,128,69.1953125,18.646592027559056,0.0,0.0,0.0
psi-int,transfer,calibration,14,93,28.0,-56.0,128,-53.828125,18.710383858267715,0.0,0.0,0.0
psi-int,transfer,calibration,14,93,28.0,-28.0,128,-21.390625,34.06668307086614,0.0,0.0,0.0
psi-int,transfer,calibration,14,93,28.0,28.0,128,39.84375,27.298228346456693,0.0,0.0,0.0
psi-int,transfer,calibration,14,93,28.0,56.0,128,71.1953125,22.819820374015748,0.0,0.0,0.0
psi-int,transfer,calibration,14,93,29.0,-58.0,128,-54.734375,20.858021653543307,0.0,0.0,0.0
psi-int,transfer,calibration,14,93,29.0,-29.0,128,-22.421875,40.57652559055118,0.0,0.0,0.0
psi-int,transfer,calibration,14,93,29.0,29.0,128,40.296875,25.32849409448819,0.0,0.0,0.0
psi-int,transfer,calibration,14,93,29.0,58.0,128,72.9609375,22.66775344488189,0.0,0.0,0.0
psi-int,transfer,calibration,14,93,30.0,-60.0,128,-56.984375,21.212352362204726,0.0,0.0,0.0
psi-int,transfer,calibration,14,93,30.0,-30.0,128,-23.1875,33.696850393700785,0.0,0.0,0.0
psi-int,transfer,calibration,14,93,30.0,30.0,128,41.4921875,27.669229822834644,0.0,0.0,0.0
psi-int,transfer,calibration,14,93,30.0,60.0,128,74.75,22.944881889763778,0.0,0.0,0.0
psi-int,transfer,calibration,14,93,31.0,-62.0,128,-58.8203125,20.463521161417322,0.0,0.0,0.0
psi-int,transfer,calibration,14,93,31.0,-31.0,128,-24.4609375,32.88035187007874,0.0,0.0,0.0
psi-int,transfer,calibration,14,93,31.0,31.0,128,42.1328125,26.604269192913385,0.0,0.0,0.0
psi-int,transfer,calibration,14,93,31.0,62.0,128,76.8125,29.161417322834644,0.0,0.0,0.0
psi-int,transfer,calibration,15,17,0.0,-0.0,128,-0.234375,0.8265255905511811,0.0,0.0,0.0
psi-int,transfer,calibration,15,17,0.0,-0.0,128,-0.1640625,0.6894069881889764,0.0,0.0,0.0
psi-int,transfer,calibration,15,17,0.0,0.0,128,-0.1328125,0.8562376968503937,0.0,0.0,0.0
psi-int,transfer,calibration,15,17,0.0,0.0,128,-0.0703125,0.8217888779527559,0.0,0.0,0.0
psi-int,transfer,calibration,15,17,1.0,-2.0,128,2.578125,15.269438976377952,0.0,0.0,0.0
psi-int,transfer,calibration,15,17,1.0,-1.0,128,2.6640625,22.098855807086615,0.0,0.0,0.0
psi-int,transfer,calibration,15,17,1.0,1.0,128,1.9296875,16.128875492125985,0.0,0.0,0.0
psi-int,transfer,calibration,15,17,1.0,2.0,128,0.8046875,16.221395177165356,0.0,0.0,0.0
psi-int,transfer,calibration,15,17,2.0,-4.0,128,2.34375,17.5501968503937,0.0,0.0,0.0
psi-int,transfer,calibration,15,17,2.0,-2.0,128,2.5625,24.72047244094488,0.0,0.0,0.0
psi-int,transfer,calibration,15,17,2.0,2.0,128,1.4921875,18.929072342519685,0.0,0.0,0.0
psi-int,transfer,calibration,15,17,2.0,4.0,128,0.9921875,13.881828248031496,0.0,0.0,0.0
psi-int,transfer,calibration,15,17,3.0,-6.0,128,-4.2578125,18.523560531496063,0.0,0.0,0.0
psi-int,transfer,calibration,15,17,3.0,-3.0,128,-2.6015625,23.926611712598426,0.0,0.0,0.0
psi-int,transfer,calibration,15,17,3.0,3.0,128,1.4375,14.169291338582678,0.0,0.0,0.0
psi-int,transfer,calibration,15,17,3.0,6.0,128,3.1484375,21.875430610236222,0.0,0.0,0.0
psi-int,transfer,calibration,15,17,4.0,-8.0,128,-4.515625,16.25172244094488,0.0,0.0,0.0
psi-int,transfer,calibration,15,17,4.0,-4.0,128,-0.28125,23.794291338582678,0.0,0.0,0.0
psi-int,transfer,calibration,15,17,4.0,4.0,128,9.3515625,15.851808562992126,0.0,0.0,0.0
psi-int,transfer,calibration,15,17,4.0,8.0,128,12.8046875,15.008796751968504,0.0,0.0,0.0
psi-int,transfer,calibration,15,17,5.0,-10.0,128,-7.6953125,17.851316437007874,0.0,0.0,0.0
psi-int,transfer,calibration,15,17,5.0,-5.0,128,-1.453125,24.59621062992126,0.0,0.0,0.0
psi-int,transfer,calibration,15,17,5.0,5.0,128,11.4609375,17.84098179133858,0.0,0.0,0.0
psi-int,transfer,calibration,15,17,5.0,10.0,128,15.59375,16.74704724409449,0.0,0.0,0.0
psi-int,transfer,calibration,15,17,6.0,-12.0,128,-9.3828125,21.482221948818896,0.0,0.0,0.0
psi-int,transfer,calibration,15,17,6.0,-6.0,128,-2.59375,21.70767716535433,0.0,0.0,0.0
psi-int,transfer,calibration,15,17,6.0,6.0,128,12.84375,16.069881889763778,0.0,0.0,0.0
psi-int,transfer,calibration,15,17,6.0,12.0,128,18.5390625,16.09295029527559,0.0,0.0,0.0
psi-int,transfer,calibration,15,17,7.0,-14.0,128,-11.171875,17.324557086614174,0.0,0.0,0.0
psi-int,transfer,calibration,15,17,7.0,-7.0,128,-3.515625,21.732037401574804,0.0,0.0,0.0
psi-int,transfer,calibration,15,17,7.0,7.0,128,14.0859375,17.15003690944882,0.0,0.0,0.0
psi-int,transfer,calibration,15,17,7.0,14.0,128,20.7734375,20.019131397637796,0.0,0.0,0.0
psi-int,transfer,calibration,15,17,8.0,-16.0,128,-13.703125,18.58833661417323,0.0,0.0,0.0
psi-int,transfer,calibration,15,17,8.0,-8.0,128,-4.234375,21.739911417322833,0.0,0.0,0.0
psi-int,transfer,calibration,15,17,8.0,8.0,128,16.0078125,19.645607775590552,0.0,0.0,0.0
psi-int,transfer,calibration,15,17,8.0,16.0,128,23.453125,19.950541338582678,0.0,0.0,0.0
psi-int,transfer,calibration,15,17,9.0,-18.0,128,-15.375,20.062992125984252,0.0,0.0,0.0
psi-int,transfer,calibration,15,17,9.0,-9.0,128,-5.1328125,22.352300688976378,0.0,0.0,0.0
psi-int,transfer,calibration,15,17,9.0,9.0,128,17.0625,19.208661417322833,0.0,0.0,0.0
psi-int,transfer,calibration,15,17,9.0,18.0,128,25.65625,19.376968503937007,0.0,0.0,0.0
psi-int,transfer,calibration,15,17,10.0,-20.0,128,-17.0859375,19.716966043307085,0.0,0.0,0.0
psi-int,transfer,calibration,15,17,10.0,-10.0,128,-5.6015625,20.871493602362204,0.0,0.0,0.0
psi-int,transfer,calibration,15,17,10.0,10.0,128,18.1484375,17.56046998031496,0.0,0.0,0.0
psi-int,transfer,calibration,15,17,10.0,20.0,128,28.53125,22.424212598425196,0.0,0.0,0.0
psi-int,transfer,calibration,15,17,11.0,-22.0,128,-18.734375,21.377706692913385,0.0,0.0,0.0
psi-int,transfer,calibration,15,17,11.0,-11.0,128,-6.75,20.20472440944882,0.0,0.0,0.0
psi-int,transfer,calibration,15,17,11.0,11.0,128,18.9453125,15.044229822834646,0.0,0.0,0.0
psi-int,transfer,calibration,15,17,11.0,22.0,128,30.625,19.559055118110237,0.0,0.0,0.0
psi-int,transfer,calibration,15,17,12.0,-24.0,128,-20.0546875,19.784387303149607,0.0,0.0,0.0
psi-int,transfer,calibration,15,17,12.0,-12.0,128,-7.421875,20.765501968503937,0.0,0.0,0.0
psi-int,transfer,calibration,15,17,12.0,12.0,128,20.40625,17.802165354330707,0.0,0.0,0.0
psi-int,transfer,calibration,15,17,12.0,24.0,128,31.84375,18.778543307086615,0.0,0.0,0.0
psi-int,transfer,calibration,15,17,13.0,-26.0,128,-21.8203125,19.786355807086615,0.0,0.0,0.0
psi-int,transfer,calibration,15,17,13.0,-13.0,128,-8.4453125,18.548166830708663,0.0,0.0,0.0
psi-int,transfer,calibration,15,17,13.0,13.0,128,21.4921875,19.732221948818896,0.0,0.0,0.0
psi-int,transfer,calibration,15,17,13.0,26.0,128,33.453125,17.54109251968504,0.0,0.0,0.0
psi-int,transfer,calibration,15,17,14.0,-28.0,128,-23.5546875,21.146592027559056,0.0,0.0,0.0
psi-int,transfer,calibration,15,17,14.0,-14.0,128,-8.96875,18.70767716535433,0.0,0.0,0.0
psi-int,transfer,calibration,15,17,14.0,14.0,128,22.5703125,19.081631397637796,0.0,0.0,0.0
psi-int,transfer,calibration,15,17,14.0,28.0,128,35.3046875,21.867064468503937,0.0,0.0,0.0
psi-int,transfer,calibration,15,17,15.0,-30.0,128,-25.25,21.496062992125985,0.0,0.0,0.0
psi-int,transfer,calibration,15,17,15.0,-15.0,128,-9.6796875,21.621001476377952,0.0,0.0,0.0
psi-int,transfer,calibration,15,17,15.0,15.0,128,23.5,18.992125984251967,0.0,0.0,0.0
psi-int,transfer,calibration,15,17,15.0,30.0,128,37.90625,20.762795275590552,0.0,0.0,0.0
psi-int,transfer,calibration,15,17,16.0,-32.0,128,-26.5859375,17.268147145669293,0.0,0.0,0.0
psi-int,transfer,calibration,15,17,16.0,-16.0,128,-10.703125,23.59621062992126,0.0,0.0,0.0
psi-int,transfer,calibration,15,17,16.0,16.0,128,25.1875,20.97244094488189,0.0,0.0,0.0
psi-int,transfer,calibration,15,17,16.0,32.0,128,40.0234375,18.96795029527559,0.0,0.0,0.0
psi-int,transfer,calibration,15,17,17.0,-34.0,128,-27.2109375,17.2701156496063,0.0,0.0,0.0
psi-int,transfer,calibration,15,17,17.0,-17.0,128,-11.390625,21.247785433070867,0.0,0.0,0.0
psi-int,transfer,calibration,15,17,17.0,17.0,128,25.609375,16.539124015748033,0.0,0.0,0.0
psi-int,transfer,calibration,15,17,17.0,34.0,128,41.5859375,20.354761318897637,0.0,0.0,0.0
psi-int,transfer,calibration,15,17,18.0,-36.0,128,-29.4609375,17.289800688976378,0.0,0.0,0.0
psi-int,transfer,calibration,15,17,18.0,-18.0,128,-11.890625,22.302903543307085,0.0,0.0,0.0
psi-int,transfer,calibration,15,17,18.0,18.0,128,26.4609375,16.88035187007874,0.0,0.0,0.0
psi-int,transfer,calibration,15,17,18.0,36.0,128,43.2578125,21.86214320866142,0.0,0.0,0.0
psi-int,transfer,calibration,15,17,19.0,-38.0,128,-31.1328125,17.769623523622048,0.0,0.0,0.0
psi-int,transfer,calibration,15,17,19.0,-19.0,128,-13.015625,25.023375984251967,0.0,0.0,0.0
psi-int,transfer,calibration,15,17,19.0,19.0,128,27.0546875,15.48517470472441,0.0,0.0,0.0
psi-int,transfer,calibration,15,17,19.0,38.0,128,45.203125,25.045029527559056,0.0,0.0,0.0
psi-int,transfer,calibration,15,17,20.0,-40.0,128,-32.5390625,18.785863681102363,0.0,0.0,0.0
psi-int,transfer,calibration,15,17,20.0,-20.0,128,-13.5625,24.02755905511811,0.0,0.0,0.0
psi-int,transfer,calibration,15,17,20.0,20.0,128,28.40625,14.747047244094489,0.0,0.0,0.0
psi-int,transfer,calibration,15,17,20.0,40.0,128,46.5546875,22.674151082677167,0.0,0.0,0.0
psi-int,transfer,calibration,15,17,21.0,-42.0,128,-34.0625,18.54724409448819,0.0,0.0,0.0
psi-int,transfer,calibration,15,17,21.0,-21.0,128,-14.546875,22.23400590551181,0.0,0.0,0.0
psi-int,transfer,calibration,15,17,21.0,21.0,128,29.828125,15.702509842519685,0.0,0.0,0.0
psi-int,transfer,calibration,15,17,21.0,42.0,128,48.3046875,20.827694389763778,0.0,0.0,0.0
psi-int,transfer,calibration,15,17,22.0,-44.0,128,-35.4765625,15.416769192913385,0.0,0.0,0.0
psi-int,transfer,calibration,15,17,22.0,-22.0,128,-15.4296875,19.774544783464567,0.0,0.0,0.0
psi-int,transfer,calibration,15,17,22.0,22.0,128,30.375,13.070866141732283,0.0,0.0,0.0
psi-int,transfer,calibration,15,17,22.0,44.0,128,50.5,19.716535433070867,0.0,0.0,0.0
psi-int,transfer,calibration,15,17,23.0,-46.0,128,-36.9609375,17.691375492125985,0.0,0.0,0.0
psi-int,transfer,calibration,15,17,23.0,-23.0,128,-16.1640625,19.55554872047244,0.0,0.0,0.0
psi-int,transfer,calibration,15,17,23.0,23.0,128,30.734375,16.795029527559056,0.0,0.0,0.0
psi-int,transfer,calibration,15,17,23.0,46.0,128,51.9296875,18.916277066929133,0.0,0.0,0.0
psi-int,transfer,calibration,15,17,24.0,-48.0,128,-38.8359375,15.839013287401574,0.0,0.0,0.0
psi-int,transfer,calibration,15,17,24.0,-24.0,128,-17.234375,21.92888779527559,0.0,0.0,0.0
psi-int,transfer,calibration,15,17,24.0,24.0,128,32.296875,17.7064468503937,0.0,0.0,0.0
psi-int,transfer,calibration,15,17,24.0,48.0,128,53.9375,18.12204724409449,0.0,0.0,0.0
psi-int,transfer,calibration,15,17,25.0,-50.0,128,-40.3203125,15.80997785433071,0.0,0.0,0.0
psi-int,transfer,calibration,15,17,25.0,-25.0,128,-17.9765625,20.401021161417322,0.0,0.0,0.0
psi-int,transfer,calibration,15,17,25.0,25.0,128,33.3515625,19.410863681102363,0.0,0.0,0.0
psi-int,transfer,calibration,15,17,25.0,50.0,128,55.875,19.133858267716537,0.0,0.0,0.0
psi-int,transfer,calibration,15,17,26.0,-52.0,128,-41.9140625,17.039800688976378,0.0,0.0,0.0
psi-int,transfer,calibration,15,17,26.0,-26.0,128,-18.96875,20.17224409448819,0.0,0.0,0.0
psi-int,transfer,calibration,15,17,26.0,26.0,128,33.9140625,17.496493602362204,0.0,0.0,0.0
psi-int,transfer,calibration,15,17,26.0,52.0,128,57.7421875,23.13773375984252,0.0,0.0,0.0
psi-int,transfer,calibration,15,17,27.0,-54.0,128,-43.2734375,15.743540846456693,0.0,0.0,0.0
psi-int,transfer,calibration,15,17,27.0,-27.0,128,-19.6875,21.492125984251967,0.0,0.0,0.0
psi-int,transfer,calibration,15,17,27.0,27.0,128,35.0703125,18.727300688976378,0.0,0.0,0.0
psi-int,transfer,calibration,15,17,27.0,54.0,128,59.6328125,21.084584153543307,0.0,0.0,0.0
psi-int,transfer,calibration,15,17,28.0,-56.0,128,-45.1796875,17.518639271653544,0.0,0.0,0.0
psi-int,transfer,calibration,15,17,28.0,-28.0,128,-20.4609375,22.486651082677167,0.0,0.0,0.0
psi-int,transfer,calibration,15,17,28.0,28.0,128,35.921875,18.82849409448819,0.0,0.0,0.0
psi-int,transfer,calibration,15,17,28.0,56.0,128,61.53125,20.156496062992126,0.0,0.0,0.0
psi-int,transfer,calibration,15,17,29.0,-58.0,128,-46.5390625,18.628383366141733,0.0,0.0,0.0
psi-int,transfer,calibration,15,17,29.0,-29.0,128,-21.3671875,20.202694389763778,0.0,0.0,0.0
psi-int,transfer,calibration,15,17,29.0,29.0,128,36.8046875,19.811946358267715,0.0,0.0,0.0
psi-int,transfer,calibration,15,17,29.0,58.0,128,63.109375,18.302903543307085,0.0,0.0,0.0
psi-int,transfer,calibration,15,17,30.0,-60.0,128,-48.4453125,21.036355807086615,0.0,0.0,0.0
psi-int,transfer,calibration,15,17,30.0,-30.0,128,-22.2578125,18.82277312992126,0.0,0.0,0.0
psi-int,transfer,calibration,15,17,30.0,30.0,128,37.78125,19.211614173228348,0.0,0.0,0.0
psi-int,transfer,calibration,15,17,30.0,60.0,128,64.9609375,18.1953125,0.0,0.0,0.0
psi-int,transfer,calibration,15,17,31.0,-62.0,128,-49.8359375,17.55554872047244,0.0,0.0,0.0
psi-int,transfer,calibration,15,17,31.0,-31.0,128,-23.421875,18.025344488188978,0.0,0.0,0.0
psi-int,transfer,calibration,15,17,31.0,31.0,128,38.484375,16.330462598425196,0.0,0.0,0.0
psi-int,transfer,calibration,15,17,31.0,62.0,128,66.328125,20.174950787401574,0.0,0.0,0.0
psi-int,transfer,validation,0,7,0.0,-0.0,128,-0.0234375,0.8892101377952756,0.0,0.0,0.0
psi-int,transfer,validation,0,7,0.0,-0.0,128,0.1171875,0.8601747047244095,0.0,0.0,0.0
psi-int,transfer,validation,0,7,0.0,0.0,128,0.1328125,0.7774975393700787,0.0,0.0,0.0
psi-int,transfer,validation,0,7,0.0,0.0,128,0.0234375,0.9364542322834646,0.0,0.0,0.0
psi-int,transfer,validation,0,7,1.0,-2.0,128,-7.8828125,18.923166830708663,0.0,0.0,0.0
psi-int,transfer,validation,0,7,1.0,-1.0,128,-7.6171875,21.6082062007874,0.0,0.0,0.0
psi-int,transfer,validation,0,7,1.0,1.0,128,-5.9921875,19.881828248031496,0.0,0.0,0.0
psi-int,transfer,validation,0,7,1.0,2.0,128,-7.75,15.700787401574804,0.0,0.0,0.0
psi-int,transfer,validation,0,7,2.0,-4.0,128,-12.2578125,21.216473917322833,0.0,0.0,0.0
psi-int,transfer,validation,0,7,2.0,-2.0,128,-9.8515625,21.607714074803148,0.0,0.0,0.0
psi-int,transfer,validation,0,7,2.0,2.0,128,-3.5078125,18.220410925196852,0.0,0.0,0.0
psi-int,transfer,validation,0,7,2.0,4.0,128,-3.3984375,18.3203125,0.0,0.0,0.0
psi-int,transfer,validation,0,7,3.0,-6.0,128,-15.25,16.992125984251967,0.0,0.0,0.0
psi-int,transfer,validation,0,7,3.0,-3.0,128,-10.2109375,23.663816437007874,0.0,0.0,0.0
psi-int,transfer,validation,0,7,3.0,3.0,128,0.25,19.480314960629922,0.0,0.0,0.0
psi-int,transfer,validation,0,7,3.0,6.0,128,3.8046875,14.36312746062992,0.0,0.0,0.0
psi-int,transfer,validation,0,7,4.0,-8.0,128,-17.9375,19.822834645669293,0.0,0.0,0.0
psi-int,transfer,validation,0,7,4.0,-4.0,128,-11.8203125,25.50289124015748,0.0,0.0,0.0
psi-int,transfer,validation,0,7,4.0,4.0,128,2.171875,20.789124015748033,0.0,0.0,0.0
psi-int,transfer,validation,0,7,4.0,8.0,128,7.9765625,15.629367618110237,0.0,0.0,0.0
psi-int,transfer,validation,0,7,5.0,-10.0,128,-20.4765625,19.76322588582677,0.0,0.0,0.0
psi-int,transfer,validation,0,7,5.0,-5.0,128,-12.9453125,23.595410925196852,0.0,0.0,0.0
psi-int,transfer,validation,0,7,5.0,5.0,128,3.5390625,21.132320374015748,0.0,0.0,0.0
psi-int,transfer,validation,0,7,5.0,10.0,128,10.109375,17.42101377952756,0.0,0.0,0.0
psi-int,transfer,validation,0,7,6.0,-12.0,128,-23.7109375,20.207123523622048,0.0,0.0,0.0
psi-int,transfer,validation,0,7,6.0,-6.0,128,-14.0,27.10236220472441,0.0,0.0,0.0
psi-int,transfer,validation,0,7,6.0,6.0,128,4.9609375,19.360666830708663,0.0,0.0,0.0
psi-int,transfer,validation,0,7,6.0,12.0,128,13.375,18.283464566929133,0.0,0.0,0.0
psi-int,transfer,validation,0,7,7.0,-14.0,128,-25.4921875,18.015686515748033,0.0,0.0,0.0
psi-int,transfer,validation,0,7,7.0,-7.0,128,-15.140625,21.712352362204726,0.0,0.0,0.0
psi-int,transfer,validation,0,7,7.0,7.0,128,6.015625,16.976131889763778,0.0,0.0,0.0
psi-int,transfer,validation,0,7,7.0,14.0,128,15.796875,18.8560531496063,0.0,0.0,0.0
psi-int,transfer,validation,0,7,8.0,-16.0,128,-27.6484375,21.032910925196852,0.0,0.0,0.0
psi-int,transfer,validation,0,7,8.0,-8.0,128,-15.7734375,21.87739911417323,0.0,0.0,0.0
psi-int,transfer,validation,0,7,8.0,8.0,128,7.0859375,19.15003690944882,0.0,0.0,0.0
psi-int,transfer,validation,0,7,8.0,16.0,128,18.3515625,17.694328248031496,0.0,0.0,0.0
psi-int,transfer,validation,0,7,9.0,-18.0,128,-29.8671875,22.47828494094488,0.0,0.0,0.0
psi-int,transfer,validation,0,7,9.0,-9.0,128,-17.4609375,23.14806840551181,0.0,0.0,0.0
psi-int,transfer,validation,0,7,9.0,9.0,128,8.125,19.212598425196852,0.0,0.0,0.0
psi-int,transfer,validation,0,7,9.0,18.0,128,20.7578125,15.77552903543307,0.0,0.0,0.0
psi-int,transfer,validation,0,7,10.0,-20.0,128,-32.171875,20.237942913385826,0.0,0.0,0.0
psi-int,transfer,validation,0,7,10.0,-10.0,128,-18.3359375,20.854761318897637,0.0,0.0,0.0
psi-int,transfer,validation,0,7,10.0,10.0,128,9.234375,18.306840551181104,0.0,0.0,0.0
psi-int,transfer,validation,0,7,10.0,20.0,128,22.9609375,22.46302903543307,0.0,0.0,0.0
psi-int,transfer,validation,0,7,11.0,-22.0,128,-33.890625,19.358021653543307,0.0,0.0,0.0
psi-int,transfer,validation,0,7,11.0,-11.0,128,-19.4296875,21.74304872047244,0.0,0.0,0.0
psi-int,transfer,validation,0,7,11.0,11.0,128,10.203125,18.761564960629922,0.0,0.0,0.0
psi-int,transfer,validation,0,7,11.0,22.0,128,25.140625,20.137549212598426,0.0,0.0,0.0
psi-int,transfer,validation,0,7,12.0,-24.0,128,-36.203125,19.139517716535433,0.0,0.0,0.0
psi-int,transfer,validation,0,7,12.0,-12.0,128,-20.8125,20.531496062992126,0.0,0.0,0.0
psi-int,transfer,validation,0,7,12.0,12.0,128,11.0703125,16.41234005905512,0.0,0.0,0.0
psi-int,transfer,validation,0,7,12.0,24.0,128,27.171875,20.064714566929133,0.0,0.0,0.0
psi-int,transfer,validation,0,7,13.0,-26.0,128,-38.21875,18.786417322834644,0.0,0.0,0.0
psi-int,transfer,validation,0,7,13.0,-13.0,128,-21.4375,20.625984251968504,0.0,0.0,0.0
psi-int,transfer,validation,0,7,13.0,13.0,128,12.03125,17.605314960629922,0.0,0.0,0.0
psi-int,transfer,validation,0,7,13.0,26.0,128,28.8359375,18.153973917322833,0.0,0.0,0.0
psi-int,transfer,validation,0,7,14.0,-28.0,128,-40.1171875,16.65545029527559,0.0,0.0,0.0
psi-int,transfer,validation,0,7,14.0,-14.0,128,-22.6484375,23.914800688976378,0.0,0.0,0.0
psi-int,transfer,validation,0,7,14.0,14.0,128,13.171875,19.655265748031496,0.0,0.0,0.0
psi-int,transfer,validation,0,7,14.0,28.0,128,31.203125,17.65920275590551,0.0,0.0,0.0
psi-int,transfer,validation,0,7,15.0,-30.0,128,-41.8515625,16.883304625984252,0.0,0.0,0.0
psi-int,transfer,validation,0,7,15.0,-15.0,128,-23.4453125,18.469426673228348,0.0,0.0,0.0
psi-int,transfer,validation,0,7,15.0,15.0,128,13.9453125,20.871001476377952,0.0,0.0,0.0
psi-int,transfer,validation,0,7,15.0,30.0,128,33.0859375,16.83507627952756,0.0,0.0,0.0
psi-int,transfer,validation,0,7,16.0,-32.0,128,-43.9765625,18.432517224409448,0.0,0.0,0.0
psi-int,transfer,validation,0,7,16.0,-16.0,128,-24.390625,20.208415354330707,0.0,0.0,0.0
psi-int,transfer,validation,0,7,16.0,16.0,128,14.921875,19.710383858267715,0.0,0.0,0.0
psi-int,transfer,validation,0,7,16.0,32.0,128,34.8515625,17.654958169291337,0.0,0.0,0.0
psi-int,transfer,validation,0,7,17.0,-34.0,128,-45.4140625,21.25239911417323,0.0,0.0,0.0
psi-int,transfer,validation,0,7,17.0,-17.0,128,-25.1484375,23.576218011811022,0.0,0.0,0.0
psi-int,transfer,validation,0,7,17.0,17.0,128,15.203125,22.619832677165356,0.0,0.0,0.0
psi-int,transfer,validation,0,7,17.0,34.0,128,36.2109375,18.876414862204726,0.0,0.0,0.0
psi-int,transfer,validation,0,7,18.0,-36.0,128,-46.828125,16.537155511811022,0.0,0.0,0.0
psi-int,transfer,validation,0,7,18.0,-18.0,128,-25.8359375,23.60279281496063,0.0,0.0,0.0
psi-int,transfer,validation,0,7,18.0,18.0,128,16.3046875,22.481237696850393,0.0,0.0,0.0
psi-int,transfer,validation,0,7,18.0,36.0,128,38.2109375,15.85279281496063,0.0,0.0,0.0
psi-int,transfer,validation,0,7,19.0,-38.0,128,-48.6796875,18.298166830708663,0.0,0.0,0.0
psi-int,transfer,validation,0,7,19.0,-19.0,128,-26.7265625,21.19235974409449,0.0,0.0,0.0
psi-int,transfer,validation,0,7,19.0,19.0,128,16.71875,19.58956692913386,0.0,0.0,0.0
psi-int,transfer,validation,0,7,19.0,38.0,128,40.4453125,16.548166830708663,0.0,0.0,0.0
psi-int,transfer,validation,0,7,20.0,-40.0,128,-50.484375,15.6060531496063,0.0,0.0,0.0
psi-int,transfer,validation,0,7,20.0,-20.0,128,-27.59375,21.39271653543307,0.0,0.0,0.0
psi-int,transfer,validation,0,7,20.0,20.0,128,18.1796875,21.896592027559056,0.0,0.0,0.0
psi-int,transfer,validation,0,7,20.0,40.0,128,42.359375,17.16117125984252,0.0,0.0,0.0
psi-int,transfer,validation,0,7,21.0,-42.0,128,-51.78125,18.644685039370078,0.0,0.0,0.0
psi-int,transfer,validation,0,7,21.0,-21.0,128,-28.609375,22.79109251968504,0.0,0.0,0.0
psi-int,transfer,validation,0,7,21.0,21.0,128,18.9296875,22.144623523622048,0.0,0.0,0.0
psi-int,transfer,validation,0,7,21.0,42.0,128,43.5625,17.948818897637796,0.0,0.0,0.0
psi-int,transfer,validation,0,7,22.0,-44.0,128,-53.859375,17.869832677165356,0.0,0.0,0.0
psi-int,transfer,validation,0,7,22.0,-22.0,128,-29.3828125,21.07277312992126,0.0,0.0,0.0
psi-int,transfer,validation,0,7,22.0,22.0,128,19.5859375,21.72484005905512,0.0,0.0,0.0
psi-int,transfer,validation,0,7,22.0,44.0,128,45.6484375,18.686454232283463,0.0,0.0,0.0
psi-int,transfer,validation,0,7,23.0,-46.0,128,-55.484375,16.913139763779526,0.0,0.0,0.0
psi-int,transfer,validation,0,7,23.0,-23.0,128,-30.3671875,21.856237696850393,0.0,0.0,0.0
psi-int,transfer,validation,0,7,23.0,23.0,128,20.5,24.0,0.0,0.0,0.0
psi-int,transfer,validation,0,7,23.0,46.0,128,47.5390625,16.203186515748033,0.0,0.0,0.0
psi-int,transfer,validation,0,7,24.0,-48.0,128,-56.9453125,14.933993602362206,0.0,0.0,0.0
psi-int,transfer,validation,0,7,24.0,-24.0,128,-31.203125,24.415108267716537,0.0,0.0,0.0
psi-int,transfer,validation,0,7,24.0,24.0,128,21.453125,20.045029527559056,0.0,0.0,0.0
psi-int,transfer,validation,0,7,24.0,48.0,128,49.125,19.055118110236222,0.0,0.0,0.0
psi-int,transfer,validation,0,7,25.0,-50.0,128,-58.8671875,17.486158956692915,0.0,0.0,0.0
psi-int,transfer,validation,0,7,25.0,-25.0,128,-32.03125,21.069881889763778,0.0,0.0,0.0
psi-int,transfer,validation,0,7,25.0,25.0,128,21.9921875,19.69285187007874,0.0,0.0,0.0
psi-int,transfer,validation,0,7,25.0,50.0,128,50.9609375,20.652005413385826,0.0,0.0,0.0
psi-int,transfer,validation,0,7,26.0,-52.0,128,-60.6796875,19.29029281496063,0.0,0.0,0.0
psi-int,transfer,validation,0,7,26.0,-26.0,128,-33.328125,18.867864173228348,0.0,0.0,0.0
psi-int,transfer,validation,0,7,26.0,26.0,128,23.1171875,21.474347933070867,0.0,0.0,0.0
psi-int,transfer,validation,0,7,26.0,52.0,128,52.7734375,19.735666830708663,0.0,0.0,0.0
psi-int,transfer,validation,0,7,27.0,-54.0,128,-62.0390625,18.762241633858267,0.0,0.0,0.0
psi-int,transfer,validation,0,7,27.0,-27.0,128,-34.0703125,21.609190452755904,0.0,0.0,0.0
psi-int,transfer,validation,0,7,27.0,27.0,128,23.8203125,19.991080216535433,0.0,0.0,0.0
psi-int,transfer,validation,0,7,27.0,54.0,128,54.8359375,14.626414862204724,0.0,0.0,0.0
psi-int,transfer,validation,0,7,28.0,-56.0,128,-63.8046875,14.977300688976378,0.0,0.0,0.0
psi-int,transfer,validation,0,7,28.0,-28.0,128,-34.8828125,21.726316437007874,0.0,0.0,0.0
psi-int,transfer,validation,0,7,28.0,28.0,128,25.125,18.4251968503937,0.0,0.0,0.0
psi-int,transfer,validation,0,7,28.0,56.0,128,56.2265625,14.72779281496063,0.0,0.0,0.0
psi-int,transfer,validation,0,7,29.0,-58.0,128,-65.234375,14.999753937007874,0.0,0.0,0.0
psi-int,transfer,validation,0,7,29.0,-29.0,128,-35.609375,19.452509842519685,0.0,0.0,0.0
psi-int,transfer,validation,0,7,29.0,29.0,128,25.8046875,19.134781003937007,0.0,0.0,0.0
psi-int,transfer,validation,0,7,29.0,58.0,128,57.921875,19.111958661417322,0.0,0.0,0.0
psi-int,transfer,validation,0,7,30.0,-60.0,128,-67.09375,13.266732283464567,0.0,0.0,0.0
psi-int,transfer,validation,0,7,30.0,-30.0,128,-36.578125,23.269438976377952,0.0,0.0,0.0
psi-int,transfer,validation,0,7,30.0,30.0,128,26.7578125,22.46844242125984,0.0,0.0,0.0
psi-int,transfer,validation,0,7,30.0,60.0,128,59.84375,17.109251968503937,0.0,0.0,0.0
psi-int,transfer,validation,0,7,31.0,-62.0,128,-68.3046875,14.922182578740157,0.0,0.0,0.0
psi-int,transfer,validation,0,7,31.0,-31.0,128,-37.40625,23.77066929133858,0.0,0.0,0.0
psi-int,transfer,validation,0,7,31.0,31.0,128,27.921875,17.237942913385826,0.0,0.0,0.0
psi-int,transfer,validation,0,7,31.0,62.0,128,61.375,17.62204724409449,0.0,0.0,0.0
psi-int,transfer,validation,1,119,0.0,-0.0,128,-0.0703125,0.7587967519685039,0.0,0.0,0.0
psi-int,transfer,validation,1,119,0.0,-0.0,128,-0.1875,0.6732283464566929,0.0,0.0,0.0
psi-int,transfer,validation,1,119,0.0,0.0,128,-0.0390625,0.7464936023622047,0.0,0.0,0.0
psi-int,transfer,validation,1,119,0.0,0.0,128,-0.078125,0.796998031496063,0.0,0.0,0.0
psi-int,transfer,validation,1,119,1.0,-2.0,128,3.265625,25.015501968503937,0.0,0.0,0.0
psi-int,transfer,validation,1,119,1.0,-1.0,128,3.640625,22.546998031496063,0.0,0.0,0.0
psi-int,transfer,validation,1,119,1.0,1.0,128,1.5703125,19.31785187007874,0.0,0.0,0.0
psi-int,transfer,validation,1,119,1.0,2.0,128,1.2578125,16.208599901574804,0.0,0.0,0.0
psi-int,transfer,validation,1,119,2.0,-4.0,128,3.453125,22.296998031496063,0.0,0.0,0.0
psi-int,transfer,validation,1,119,2.0,-2.0,128,4.2890625,21.32523375984252,0.0,0.0,0.0
psi-int,transfer,validation,1,119,2.0,2.0,128,1.609375,23.42101377952756,0.0,0.0,0.0
psi-int,transfer,validation,1,119,2.0,4.0,128,1.796875,19.265501968503937,0.0,0.0,0.0
psi-int,transfer,validation,1,119,3.0,-6.0,128,7.125,24.944881889763778,0.0,0.0,0.0
psi-int,transfer,validation,1,119,3.0,-3.0,128,10.859375,19.035187007874015,0.0,0.0,0.0
psi-int,transfer,validation,1,119,3.0,3.0,128,12.0703125,20.695804625984252,0.0,0.0,0.0
psi-int,transfer,validation,1,119,3.0,6.0,128,12.3828125,18.190883366141733,0.0,0.0,0.0
psi-int,transfer,validation,1,119,4.0,-8.0,128,-5.5859375,23.5201156496063,0.0,0.0,0.0
psi-int,transfer,validation,1,119,4.0,-4.0,128,0.8515625,21.434485728346456,0.0,0.0,0.0
psi-int,transfer,validation,1,119,4.0,4.0,128,7.953125,19.604084645669293,0.0,0.0,0.0
psi-int,transfer,validation,1,119,4.0,8.0,128,13.109375,18.649360236220474,0.0,0.0,0.0
psi-int,transfer,validation,1,119,5.0,-10.0,128,-9.1875,23.177165354330707,0.0,0.0,0.0
psi-int,transfer,validation,1,119,5.0,-5.0,128,-0.4140625,21.5201156496063,0.0,0.0,0.0
psi-int,transfer,validation,1,119,5.0,5.0,128,9.609375,19.940698818897637,0.0,0.0,0.0
psi-int,transfer,validation,1,119,5.0,10.0,128,16.8984375,20.107714074803148,0.0,0.0,0.0
psi-int,transfer,validation,1,119,6.0,-12.0,128,-11.5625,24.043307086614174,0.0,0.0,0.0
psi-int,transfer,validation,1,119,6.0,-6.0,128,-1.9375,23.14566929133858,0.0,0.0,0.0
psi-int,transfer,validation,1,119,6.0,6.0,128,10.8828125,19.773560531496063,0.0,0.0,0.0
psi-int,transfer,validation,1,119,6.0,12.0,128,20.4140625,19.394131397637796,0.0,0.0,0.0
psi-int,transfer,validation,1,119,7.0,-14.0,128,-14.09375,24.573818897637796,0.0,0.0,0.0
psi-int,transfer,validation,1,119,7.0,-7.0,128,-3.125,19.37007874015748,0.0,0.0,0.0
psi-int,transfer,validation,1,119,7.0,7.0,128,11.625,20.141732283464567,0.0,0.0,0.0
psi-int,transfer,validation,1,119,7.0,14.0,128,23.546875,17.69857283464567,0.0,0.0,0.0
psi-int,transfer,validation,1,119,8.0,-16.0,128,-16.2265625,20.208107775590552,0.0,0.0,0.0
psi-int,transfer,validation,1,119,8.0,-8.0,128,-4.1875,20.27952755905512,0.0,0.0,0.0
psi-int,transfer,validation,1,119,8.0,8.0,128,13.2109375,19.00239911417323,0.0,0.0,0.0
psi-int,transfer,validation,1,119,8.0,16.0,128,25.9609375,18.447281003937007,0.0,0.0,0.0
psi-int,transfer,validation,1,119,9.0,-18.0,128,-18.4453125,21.91824557086614,0.0,0.0,0.0
psi-int,transfer,validation,1,119,9.0,-9.0,128,-5.2109375,20.199249507874015,0.0,0.0,0.0
psi-int,transfer,validation,1,119,9.0,9.0,128,13.796875,19.611958661417322,0.0,0.0,0.0
psi-int,transfer,validation,1,119,9.0,18.0,128,28.9296875,18.932025098425196,0.0,0.0,0.0
psi-int,transfer,validation,1,119,10.0,-20.0,128,-21.0,21.700787401574804,0.0,0.0,0.0
psi-int,transfer,validation,1,119,10.0,-10.0,128,-6.3046875,20.119032972440944,0.0,0.0,0.0
psi-int,transfer,validation,1,119,10.0,10.0,128,14.84375,22.825787401574804,0.0,0.0,0.0
psi-int,transfer,validation,1,119,10.0,20.0,128,30.921875,17.42691929133858,0.0,0.0,0.0
psi-int,transfer,validation,1,119,11.0,-22.0,128,-22.65625,20.353346456692915,0.0,0.0,0.0
psi-int,transfer,validation,1,119,11.0,-11.0,128,-7.1875,17.334645669291337,0.0,0.0,0.0
psi-int,transfer,validation,1,119,11.0,11.0,128,16.078125,17.647391732283463,0.0,0.0,0.0
psi-int,transfer,validation,1,119,11.0,22.0,128,33.5546875,16.57966289370079,0.0,0.0,0.0
psi-int,transfer,validation,1,119,12.0,-24.0,128,-24.8046875,23.071788877952756,0.0,0.0,0.0
psi-int,transfer,validation,1,119,12.0,-12.0,128,-8.484375,23.527312992125985,0.0,0.0,0.0
psi-int,transfer,validation,1,119,12.0,12.0,128,17.1171875,18.79718257874016,0.0,0.0,0.0
psi-int,transfer,validation,1,119,12.0,24.0,128,35.3515625,19.048658956692915,0.0,0.0,0.0
psi-int,transfer,validation,1,119,13.0,-26.0,128,-26.46875,21.54232283464567,0.0,0.0,0.0
psi-int,transfer,validation,1,119,13.0,-13.0,128,-8.7890625,19.348855807086615,0.0,0.0,0.0
psi-int,transfer,validation,1,119,13.0,13.0,128,17.796875,18.682824803149607,0.0,0.0,0.0
psi-int,transfer,validation,1,119,13.0,26.0,128,37.53125,17.573818897637796,0.0,0.0,0.0
psi-int,transfer,validation,1,119,14.0,-28.0,128,-27.9453125,21.059977854330707,0.0,0.0,0.0
psi-int,transfer,validation,1,119,14.0,-14.0,128,-9.296875,18.47810039370079,0.0,0.0,0.0
psi-int,transfer,validation,1,119,14.0,14.0,128,18.765625,18.417076771653544,0.0,0.0,0.0
psi-int,transfer,validation,1,119,14.0,28.0,128,39.953125,18.848179133858267,0.0,0.0,0.0
psi-int,transfer,validation,1,119,15.0,-30.0,128,-30.4375,21.53937007874016,0.0,0.0,0.0
psi-int,transfer,validation,1,119,15.0,-15.0,128,-10.328125,23.450541338582678,0.0,0.0,0.0
psi-int,transfer,validation,1,119,15.0,15.0,128,19.5703125,18.640686515748033,0.0,0.0,0.0
psi-int,transfer,validation,1,119,15.0,30.0,128,42.0859375,18.598855807086615,0.0,0.0,0.0
psi-int,transfer,validation,1,119,16.0,-32.0,128,-31.7265625,18.483698326771652,0.0,0.0,0.0
psi-int,transfer,validation,1,119,16.0,-16.0,128,-11.3203125,17.432025098425196,0.0,0.0,0.0
psi-int,transfer,validation,1,119,16.0,16.0,128,20.3359375,20.587044783464567,0.0,0.0,0.0
psi-int,transfer,validation,1,119,16.0,32.0,128,44.2265625,19.326218011811022,0.0,0.0,0.0
psi-int,transfer,validation,1,119,17.0,-34.0,128,-33.0703125,19.7824187992126,0.0,0.0,0.0
psi-int,transfer,validation,1,119,17.0,-17.0,128,-11.5390625,19.337044783464567,0.0,0.0,0.0
psi-int,transfer,validation,1,119,17.0,17.0,128,21.453125,17.730068897637796,0.0,0.0,0.0
psi-int,transfer,validation,1,119,17.0,34.0,128,45.5703125,20.27848179133858,0.0,0.0,0.0
psi-int,transfer,validation,1,119,18.0,-36.0,128,-34.7578125,17.492064468503937,0.0,0.0,0.0
psi-int,transfer,validation,1,119,18.0,-18.0,128,-12.8125,21.507874015748033,0.0,0.0,0.0
psi-int,transfer,validation,1,119,18.0,18.0,128,21.9453125,21.359190452755904,0.0,0.0,0.0
psi-int,transfer,validation,1,119,18.0,36.0,128,47.9296875,20.869032972440944,0.0,0.0,0.0
psi-int,transfer,validation,1,119,19.0,-38.0,128,-36.890625,24.63361220472441,0.0,0.0,0.0
psi-int,transfer,validation,1,119,19.0,-19.0,128,-13.4765625,18.298658956692915,0.0,0.0,0.0
psi-int,transfer,validation,1,119,19.0,19.0,128,23.203125,21.218257874015748,0.0,0.0,0.0
psi-int,transfer,validation,1,119,19.0,38.0,128,49.53125,22.518700787401574,0.0,0.0,0.0
psi-int,transfer,validation,1,119,20.0,-40.0,128,-38.3828125,24.616080216535433,0.0,0.0,0.0
psi-int,transfer,validation,1,119,20.0,-20.0,128,-14.3125,21.618110236220474,0.0,0.0,0.0
psi-int,transfer,validation,1,119,20.0,20.0,128,23.9609375,16.762241633858267,0.0,0.0,0.0
psi-int,transfer,validation,1,119,20.0,40.0,128,51.9453125,23.469426673228348,0.0,0.0,0.0
psi-int,transfer,validation,1,119,21.0,-42.0,128,-40.265625,20.22810039370079,0.0,0.0,0.0
psi-int,transfer,validation,1,119,21.0,-21.0,128,-15.0859375,24.016178641732285,0.0,0.0,0.0
psi-int,transfer,validation,1,119,21.0,21.0,128,24.4296875,21.41234005905512,0.0,0.0,0.0
psi-int,transfer,validation,1,119,21.0,42.0,128,53.96875,19.558070866141733,0.0,0.0,0.0
psi-int,transfer,validation,1,119,22.0,-44.0,128,-41.71875,20.676181102362204,0.0,0.0,0.0
psi-int,transfer,validation,1,119,22.0,-22.0,128,-15.8125,21.507874015748033,0.0,0.0,0.0
psi-int,transfer,validation,1,119,22.0,22.0,128,25.0625,22.02755905511811,0.0,0.0,0.0
psi-int,transfer,validation,1,119,22.0,44.0,128,55.9765625,22.511257381889763,0.0,0.0,0.0
psi-int,transfer,validation,1,119,23.0,-46.0,128,-43.4296875,19.601316437007874,0.0,0.0,0.0
psi-int,transfer,validation,1,119,23.0,-23.0,128,-16.9453125,19.07572588582677,0.0,0.0,0.0
psi-int,transfer,validation,1,119,23.0,23.0,128,25.953125,18.674950787401574,0.0,0.0,0.0
psi-int,transfer,validation,1,119,23.0,46.0,128,57.859375,21.507627952755904,0.0,0.0,0.0
psi-int,transfer,validation,1,119,24.0,-48.0,128,-44.9609375,22.100824311023622,0.0,0.0,0.0
psi-int,transfer,validation,1,119,24.0,-24.0,128,-18.0234375,22.0703125,0.0,0.0,0.0
psi-int,transfer,validation,1,119,24.0,24.0,128,26.6640625,21.516178641732285,0.0,0.0,0.0
psi-int,transfer,validation,1,119,24.0,48.0,128,60.1328125,18.21056840551181,0.0,0.0,0.0
psi-int,transfer,validation,1,119,25.0,-50.0,128,-46.921875,19.88361220472441,0.0,0.0,0.0
psi-int,transfer,validation,1,119,25.0,-25.0,128,-18.5859375,21.29964320866142,0.0,0.0,0.0
psi-int,transfer,validation,1,119,25.0,25.0,128,27.5390625,19.809485728346456,0.0,0.0,0.0
psi-int,transfer,validation,1,119,25.0,50.0,128,62.0703125,19.43596210629921,0.0,0.0,0.0
psi-int,transfer,validation,1,119,26.0,-52.0,128,-48.34375,22.211614173228348,0.0,0.0,0.0
psi-int,transfer,validation,1,119,26.0,-26.0,128,-19.0859375,20.866572342519685,0.0,0.0,0.0
psi-int,transfer,validation,1,119,26.0,26.0,128,28.234375,19.692667322834644,0.0,0.0,0.0
psi-int,transfer,validation,1,119,26.0,52.0,128,64.328125,20.600147637795274,0.0,0.0,0.0
psi-int,transfer,validation,1,119,27.0,-54.0,128,-50.0,19.448818897637796,0.0,0.0,0.0
psi-int,transfer,validation,1,119,27.0,-27.0,128,-20.2109375,20.199249507874015,0.0,0.0,0.0
psi-int,transfer,validation,1,119,27.0,27.0,128,29.5703125,20.121001476377952,0.0,0.0,0.0
psi-int,transfer,validation,1,119,27.0,54.0,128,66.5234375,17.71598179133858,0.0,0.0,0.0
psi-int,transfer,validation,1,119,28.0,-56.0,128,-51.875,19.5748031496063,0.0,0.0,0.0
psi-int,transfer,validation,1,119,28.0,-28.0,128,-20.9296875,23.624938484251967,0.0,0.0,0.0
psi-int,transfer,validation,1,119,28.0,28.0,128,30.1328125,18.52552903543307,0.0,0.0,0.0
psi-int,transfer,validation,1,119,28.0,56.0,128,68.21875,22.313976377952756,0.0,0.0,0.0
psi-int,transfer,validation,1,119,29.0,-58.0,128,-53.6171875,20.97828494094488,0.0,0.0,0.0
psi-int,transfer,validation,1,119,29.0,-29.0,128,-21.375,21.023622047244096,0.0,0.0,0.0
psi-int,transfer,validation,1,119,29.0,29.0,128,30.6015625,19.58015501968504,0.0,0.0,0.0
psi-int,transfer,validation,1,119,29.0,58.0,128,70.0703125,19.656434547244096,0.0,0.0,0.0
psi-int,transfer,validation,1,119,30.0,-60.0,128,-54.8359375,19.350824311023622,0.0,0.0,0.0
psi-int,transfer,validation,1,119,30.0,-30.0,128,-22.03125,17.81003937007874,0.0,0.0,0.0
psi-int,transfer,validation,1,119,30.0,30.0,128,31.859375,21.192667322834644,0.0,0.0,0.0
psi-int,transfer,validation,1,119,30.0,60.0,128,72.265625,22.275344488188978,0.0,0.0,0.0
psi-int,transfer,validation,1,119,31.0,-62.0,128,-56.34375,22.101377952755904,0.0,0.0,0.0
psi-int,transfer,validation,1,119,31.0,-31.0,128,-23.03125,24.298228346456693,0.0,0.0,0.0
psi-int,transfer,validation,1,119,31.0,31.0,128,32.4296875,18.26273375984252,0.0,0.0,0.0
psi-int,transfer,validation,1,119,31.0,62.0,128,74.2734375,20.546690452755904,0.0,0.0,0.0
psi-int,transfer,validation,2,71,0.0,-0.0,128,-0.03125,0.8494094488188977,0.0,0.0,0.0
psi-int,transfer,validation,2,71,0.0,-0.0,128,-0.03125,0.7706692913385826,0.0,0.0,0.0
psi-int,transfer,validation,2,71,0.0,0.0,128,-0.1328125,0.7932455708661418,0.0,0.0,0.0
psi-int,transfer,validation,2,71,0.0,0.0,128,-0.1015625,1.0368479330708662,0.0,0.0,0.0
psi-int,transfer,validation,2,71,1.0,-2.0,128,0.390625,16.192667322834644,0.0,0.0,0.0
psi-int,transfer,validation,2,71,1.0,-1.0,128,2.671875,14.489911417322835,0.0,0.0,0.0
psi-int,transfer,validation,2,71,1.0,1.0,128,3.484375,21.527312992125985,0.0,0.0,0.0
psi-int,transfer,validation,2,71,1.0,2.0,128,3.7109375,16.254367618110237,0.0,0.0,0.0
psi-int,transfer,validation,2,71,2.0,-4.0,128,0.6640625,17.216966043307085,0.0,0.0,0.0
psi-int,transfer,validation,2,71,2.0,-2.0,128,2.625,13.874015748031496,0.0,0.0,0.0
psi-int,transfer,validation,2,71,2.0,2.0,128,3.875,22.125984251968504,0.0,0.0,0.0
psi-int,transfer,validation,2,71,2.0,4.0,128,4.15625,15.361220472440944,0.0,0.0,0.0
psi-int,transfer,validation,2,71,3.0,-6.0,128,4.40625,18.605314960629922,0.0,0.0,0.0
psi-int,transfer,validation,2,71,3.0,-3.0,128,9.640625,18.342273622047244,0.0,0.0,0.0
psi-int,transfer,validation,2,71,3.0,3.0,128,14.890625,27.499753937007874,0.0,0.0,0.0
psi-int,transfer,validation,2,71,3.0,6.0,128,15.5703125,16.861158956692915,0.0,0.0,0.0
psi-int,transfer,validation,2,71,4.0,-8.0,128,-8.1640625,18.358698326771652,0.0,0.0,0.0
psi-int,transfer,validation,2,71,4.0,-4.0,128,-0.578125,18.30880905511811,0.0,0.0,0.0
psi-int,transfer,validation,2,71,4.0,4.0,128,11.3125,26.200787401574804,0.0,0.0,0.0
psi-int,transfer,validation,2,71,4.0,8.0,128,15.0234375,19.503383366141733,0.0,0.0,0.0
psi-int,transfer,validation,2,71,5.0,-10.0,128,-11.3515625,17.8203125,0.0,0.0,0.0
psi-int,transfer,validation,2,71,5.0,-5.0,128,-1.6640625,16.476808562992126,0.0,0.0,0.0
psi-int,transfer,validation,2,71,5.0,5.0,128,12.671875,20.489911417322833,0.0,0.0,0.0
psi-int,transfer,validation,2,71,5.0,10.0,128,18.46875,14.140748031496063,0.0,0.0,0.0
psi-int,transfer,validation,2,71,6.0,-12.0,128,-13.9375,17.051181102362204,0.0,0.0,0.0
psi-int,transfer,validation,2,71,6.0,-6.0,128,-3.03125,17.306102362204726,0.0,0.0,0.0
psi-int,transfer,validation,2,71,6.0,6.0,128,14.4609375,21.03783218503937,0.0,0.0,0.0
psi-int,transfer,validation,2,71,6.0,12.0,128,21.2578125,16.744032972440944,0.0,0.0,0.0
psi-int,transfer,validation,2,71,7.0,-14.0,128,-16.1953125,17.04029281496063,0.0,0.0,0.0
psi-int,transfer,validation,2,71,7.0,-7.0,128,-3.890625,17.704478346456693,0.0,0.0,0.0
psi-int,transfer,validation,2,71,7.0,7.0,128,16.140625,23.16117125984252,0.0,0.0,0.0
psi-int,transfer,validation,2,71,7.0,14.0,128,23.9296875,17.388718011811022,0.0,0.0,0.0
psi-int,transfer,validation,2,71,8.0,-16.0,128,-18.125,16.69291338582677,0.0,0.0,0.0
psi-int,transfer,validation,2,71,8.0,-8.0,128,-5.015625,12.944635826771654,0.0,0.0,0.0
psi-int,transfer,validation,2,71,8.0,8.0,128,17.171875,23.844242125984252,0.0,0.0,0.0
psi-int,transfer,validation,2,71,8.0,16.0,128,26.390625,17.436761811023622,0.0,0.0,0.0
psi-int,transfer,validation,2,71,9.0,-18.0,128,-20.421875,18.93873031496063,0.0,0.0,0.0
psi-int,transfer,validation,2,71,9.0,-9.0,128,-5.8984375,16.375430610236222,0.0,0.0,0.0
psi-int,transfer,validation,2,71,9.0,9.0,128,18.0703125,22.711552657480315,0.0,0.0,0.0
psi-int,transfer,validation,2,71,9.0,18.0,128,28.5078125,17.244032972440944,0.0,0.0,0.0
psi-int,transfer,validation,2,71,10.0,-20.0,128,-22.578125,16.182824803149607,0.0,0.0,0.0
psi-int,transfer,validation,2,71,10.0,-10.0,128,-6.8359375,15.193343996062993,0.0,0.0,0.0
psi-int,transfer,validation,2,71,10.0,10.0,128,19.203125,21.029281496062993,0.0,0.0,0.0
psi-int,transfer,validation,2,71,10.0,20.0,128,30.796875,16.052903543307085,0.0,0.0,0.0
psi-int,transfer,validation,2,71,11.0,-22.0,128,-24.8046875,15.182025098425196,0.0,0.0,0.0
psi-int,transfer,validation,2,71,11.0,-11.0,128,-7.546875,16.07652559055118,0.0,0.0,0.0
psi-int,transfer,validation,2,71,11.0,11.0,128,20.578125,19.726131889763778,0.0,0.0,0.0
psi-int,transfer,validation,2,71,11.0,22.0,128,32.828125,15.765501968503937,0.0,0.0,0.0
psi-int,transfer,validation,2,71,12.0,-24.0,128,-26.546875,16.375738188976378,0.0,0.0,0.0
psi-int,transfer,validation,2,71,12.0,-12.0,128,-8.46875,16.81791338582677,0.0,0.0,0.0
psi-int,transfer,validation,2,71,12.0,12.0,128,21.4609375,24.959092027559056,0.0,0.0,0.0
psi-int,transfer,validation,2,71,12.0,24.0,128,34.9296875,16.506828248031496,0.0,0.0,0.0
psi-int,transfer,validation,2,71,13.0,-26.0,128,-28.0859375,16.0949187992126,0.0,0.0,0.0
psi-int,transfer,validation,2,71,13.0,-13.0,128,-9.3203125,15.274544783464567,0.0,0.0,0.0
psi-int,transfer,validation,2,71,13.0,13.0,128,22.296875,25.139517716535433,0.0,0.0,0.0
psi-int,transfer,validation,2,71,13.0,26.0,128,36.9140625,18.394131397637796,0.0,0.0,0.0
psi-int,transfer,validation,2,71,14.0,-28.0,128,-29.8046875,18.063914862204726,0.0,0.0,0.0
psi-int,transfer,validation,2,71,14.0,-14.0,128,-10.609375,18.22416338582677,0.0,0.0,0.0
psi-int,transfer,validation,2,71,14.0,14.0,128,23.5234375,24.6451156496063,0.0,0.0,0.0
psi-int,transfer,validation,2,71,14.0,28.0,128,38.5078125,18.173166830708663,0.0,0.0,0.0
psi-int,transfer,validation,2,71,15.0,-30.0,128,-31.1015625,17.446296751968504,0.0,0.0,0.0
psi-int,transfer,validation,2,71,15.0,-15.0,128,-11.1328125,14.021592027559056,0.0,0.0,0.0
psi-int,transfer,validation,2,71,15.0,15.0,128,24.875,23.874015748031496,0.0,0.0,0.0
psi-int,transfer,validation,2,71,15.0,30.0,128,40.2578125,16.901513287401574,0.0,0.0,0.0
psi-int,transfer,validation,2,71,16.0,-32.0,128,-33.1953125,15.40249753937008,0.0,0.0,0.0
psi-int,transfer,validation,2,71,16.0,-16.0,128,-11.7734375,13.152989665354331,0.0,0.0,0.0
psi-int,transfer,validation,2,71,16.0,16.0,128,25.671875,24.773375984251967,0.0,0.0,0.0
psi-int,transfer,validation,2,71,16.0,32.0,128,42.3515625,19.001414862204726,0.0,0.0,0.0
psi-int,transfer,validation,2,71,17.0,-34.0,128,-34.5,15.05511811023622,0.0,0.0,0.0
psi-int,transfer,validation,2,71,17.0,-17.0,128,-12.6640625,14.382320374015748,0.0,0.0,0.0
psi-int,transfer,validation,2,71,17.0,17.0,128,26.6015625,22.572281003937007,0.0,0.0,0.0
psi-int,transfer,validation,2,71,17.0,34.0,128,43.359375,17.602116141732285,0.0,0.0,0.0
psi-int,transfer,validation,2,71,18.0,-36.0,128,-36.1328125,16.41529281496063,0.0,0.0,0.0
psi-int,transfer,validation,2,71,18.0,-18.0,128,-13.8671875,15.04521407480315,0.0,0.0,0.0
psi-int,transfer,validation,2,71,18.0,18.0,128,27.2265625,20.19235974409449,0.0,0.0,0.0
psi-int,transfer,validation,2,71,18.0,36.0,128,45.296875,15.28125,0.0,0.0,0.0
psi-int,transfer,validation,2,71,19.0,-38.0,128,-38.1171875,18.02552903543307,0.0,0.0,0.0
psi-int,transfer,validation,2,71,19.0,-19.0,128,-14.5859375,14.543737696850394,0.0,0.0,0.0
psi-int,transfer,validation,2,71,19.0,19.0,128,28.1484375,21.056532972440944,0.0,0.0,0.0
psi-int,transfer,validation,2,71,19.0,38.0,128,47.5078125,13.606237696850394,0.0,0.0,0.0
psi-int,transfer,validation,2,71,20.0,-40.0,128,-39.625,15.511811023622048,0.0,0.0,0.0
psi-int,transfer,validation,2,71,20.0,-20.0,128,-15.4609375,14.801611712598426,0.0,0.0,0.0
psi-int,transfer,validation,2,71,20.0,20.0,128,28.8828125,25.096395177165356,0.0,0.0,0.0
psi-int,transfer,validation,2,71,20.0,40.0,128,49.109375,15.672982283464567,0.0,0.0,0.0
psi-int,transfer,validation,2,71,21.0,-42.0,128,-41.1796875,17.628875492125985,0.0,0.0,0.0
psi-int,transfer,validation,2,71,21.0,-21.0,128,-16.2734375,15.491572342519685,0.0,0.0,0.0
psi-int,transfer,validation,2,71,21.0,21.0,128,30.1953125,24.77257627952756,0.0,0.0,0.0
psi-int,transfer,validation,2,71,21.0,42.0,128,50.71875,17.243110236220474,0.0,0.0,0.0
psi-int,transfer,validation,2,71,22.0,-44.0,128,-42.625,16.440944881889763,0.0,0.0,0.0
psi-int,transfer,validation,2,71,22.0,-22.0,128,-16.5546875,15.90249753937008,0.0,0.0,0.0
psi-int,transfer,validation,2,71,22.0,22.0,128,31.3046875,24.182025098425196,0.0,0.0,0.0
psi-int,transfer,validation,2,71,22.0,44.0,128,52.5,19.165354330708663,0.0,0.0,0.0
psi-int,transfer,validation,2,71,23.0,-46.0,128,-44.515625,12.881643700787402,0.0,0.0,0.0
psi-int,transfer,validation,2,71,23.0,-23.0,128,-17.5859375,14.984682578740157,0.0,0.0,0.0
psi-int,transfer,validation,2,71,23.0,23.0,128,32.140625,27.350147637795274,0.0,0.0,0.0
psi-int,transfer,validation,2,71,23.0,46.0,128,53.875,17.448818897637796,0.0,0.0,0.0
psi-int,transfer,validation,2,71,24.0,-48.0,128,-46.171875,16.2064468503937,0.0,0.0,0.0
psi-int,transfer,validation,2,71,24.0,-24.0,128,-18.546875,12.092273622047244,0.0,0.0,0.0
psi-int,transfer,validation,2,71,24.0,24.0,128,32.5078125,20.976316437007874,0.0,0.0,0.0
psi-int,transfer,validation,2,71,24.0,48.0,128,55.6953125,18.559977854330707,0.0,0.0,0.0
psi-int,transfer,validation,2,71,25.0,-50.0,128,-47.359375,17.33439960629921,0.0,0.0,0.0
psi-int,transfer,validation,2,71,25.0,-25.0,128,-18.9609375,11.596887303149606,0.0,0.0,0.0
psi-int,transfer,validation,2,71,25.0,25.0,128,33.6015625,25.154958169291337,0.0,0.0,0.0
psi-int,transfer,validation,2,71,25.0,50.0,128,57.0,17.921259842519685,0.0,0.0,0.0
psi-int,transfer,validation,2,71,26.0,-52.0,128,-49.359375,16.9564468503937,0.0,0.0,0.0
psi-int,transfer,validation,2,71,26.0,-26.0,128,-19.6875,11.381889763779528,0.0,0.0,0.0
psi-int,transfer,validation,2,71,26.0,26.0,128,34.7578125,24.436946358267715,0.0,0.0,0.0
psi-int,transfer,validation,2,71,26.0,52.0,128,59.5,17.244094488188978,0.0,0.0,0.0
psi-int,transfer,validation,2,71,27.0,-54.0,128,-50.9453125,18.27257627952756,0.0,0.0,0.0
psi-int,transfer,validation,2,71,27.0,-27.0,128,-20.640625,12.499753937007874,0.0,0.0,0.0
psi-int,transfer,validation,2,71,27.0,27.0,128,35.4296875,26.10525344488189,0.0,0.0,0.0
psi-int,transfer,validation,2,71,27.0,54.0,128,60.65625,15.030511811023622,0.0,0.0,0.0
psi-int,transfer,validation,2,71,28.0,-56.0,128,-52.78125,16.408464566929133,0.0,0.0,0.0
psi-int,transfer,validation,2,71,28.0,-28.0,128,-21.40625,13.329724409448819,0.0,0.0,0.0
psi-int,transfer,validation,2,71,28.0,28.0,128,36.5703125,20.121001476377952,0.0,0.0,0.0
psi-int,transfer,validation,2,71,28.0,56.0,128,62.7421875,15.893639271653543,0.0,0.0,0.0
psi-int,transfer,validation,2,71,29.0,-58.0,128,-54.5625,17.948818897637796,0.0,0.0,0.0
psi-int,transfer,validation,2,71,29.0,-29.0,128,-21.921875,12.26156496062992,0.0,0.0,0.0
psi-int,transfer,validation,2,71,29.0,29.0,128,37.5,27.79527559055118,0.0,0.0,0.0
psi-int,transfer,validation,2,71,29.0,58.0,128,64.4609375,16.470903051181104,0.0,0.0,0.0
psi-int,transfer,validation,2,71,30.0,-60.0,128,-55.78125,15.33759842519685,0.0,0.0,0.0
psi-int,transfer,validation,2,71,30.0,-30.0,128,-23.1484375,14.8203125,0.0,0.0,0.0
psi-int,transfer,validation,2,71,30.0,30.0,128,38.1796875,25.48714320866142,0.0,0.0,0.0
psi-int,transfer,validation,2,71,30.0,60.0,128,66.46875,14.140748031496063,0.0,0.0,0.0
psi-int,transfer,validation,2,71,31.0,-62.0,128,-57.671875,17.639517716535433,0.0,0.0,0.0
psi-int,transfer,validation,2,71,31.0,-31.0,128,-23.9140625,13.134288877952756,0.0,0.0,0.0
psi-int,transfer,validation,2,71,31.0,31.0,128,39.0,31.937007874015748,0.0,0.0,0.0
psi-int,transfer,validation,2,71,31.0,62.0,128,68.0390625,15.266178641732283,0.0,0.0,0.0
psi-int,transfer,validation,3,33,0.0,-0.0,128,-0.078125,0.891486220472441,0.0,0.0,0.0
psi-int,transfer,validation,3,33,0.0,-0.0,128,0.109375,0.8540846456692913,0.0,0.0,0.0
psi-int,transfer,validation,3,33,0.0,0.0,128,0.0625,0.9881889763779528,0.0,0.0,0.0
psi-int,transfer,validation,3,33,0.0,0.0,128,-0.1328125,1.1869463582677164,0.0,0.0,0.0
psi-int,transfer,validation,3,33,1.0,-2.0,128,6.7734375,19.76716289370079,0.0,0.0,0.0
psi-int,transfer,validation,3,33,1.0,-1.0,128,5.015625,17.22810039370079,0.0,0.0,0.0
psi-int,transfer,validation,3,33,1.0,1.0,128,6.515625,22.8816437007874,0.0,0.0,0.0
psi-int,transfer,validation,3,33,1.0,2.0,128,6.7109375,16.443343996062993,0.0,0.0,0.0
psi-int,transfer,validation,3,33,2.0,-4.0,128,7.515625,19.039124015748033,0.0,0.0,0.0
psi-int,transfer,validation,3,33,2.0,-2.0,128,7.1015625,15.462044783464567,0.0,0.0,0.0
psi-int,transfer,validation,3,33,2.0,2.0,128,9.796875,26.509596456692915,0.0,0.0,0.0
psi-int,transfer,validation,3,33,2.0,4.0,128,10.1796875,28.794229822834644,0.0,0.0,0.0
psi-int,transfer,validation,3,33,3.0,-6.0,128,6.15625,23.676181102362204,0.0,0.0,0.0
psi-int,transfer,validation,3,33,3.0,-3.0,128,8.4609375,23.447281003937007,0.0,0.0,0.0
psi-int,transfer,validation,3,33,3.0,3.0,128,15.5625,28.65748031496063,0.0,0.0,0.0
psi-int,transfer,validation,3,33,3.0,6.0,128,18.3359375,22.82326525590551,0.0,0.0,0.0
psi-int,transfer,validation,3,33,4.0,-8.0,128,-3.40625,22.762795275590552,0.0,0.0,0.0
psi-int,transfer,validation,3,33,4.0,-4.0,128,0.75,16.283464566929133,0.0,0.0,0.0
psi-int,transfer,validation,3,33,4.0,4.0,128,13.671875,23.702509842519685,0.0,0.0,0.0
psi-int,transfer,validation,3,33,4.0,8.0,128,19.2578125,22.381828248031496,0.0,0.0,0.0
psi-int,transfer,validation,3,33,5.0,-10.0,128,-5.734375,19.361958661417322,0.0,0.0,0.0
psi-int,transfer,validation,3,33,5.0,-5.0,128,0.6875,16.27952755905512,0.0,0.0,0.0
psi-int,transfer,validation,3,33,5.0,5.0,128,15.5546875,21.619032972440944,0.0,0.0,0.0
psi-int,transfer,validation,3,33,5.0,10.0,128,22.828125,23.82849409448819,0.0,0.0,0.0
psi-int,transfer,validation,3,33,6.0,-12.0,128,-8.609375,18.602116141732285,0.0,0.0,0.0
psi-int,transfer,validation,3,33,6.0,-6.0,128,-1.3828125,18.17513533464567,0.0,0.0,0.0
psi-int,transfer,validation,3,33,6.0,6.0,128,17.109375,23.169045275590552,0.0,0.0,0.0
psi-int,transfer,validation,3,33,6.0,12.0,128,25.609375,21.26353346456693,0.0,0.0,0.0
psi-int,transfer,validation,3,33,7.0,-14.0,128,-10.8515625,19.481729822834644,0.0,0.0,0.0
psi-int,transfer,validation,3,33,7.0,-7.0,128,-2.46875,17.684055118110237,0.0,0.0,0.0
psi-int,transfer,validation,3,33,7.0,7.0,128,18.375,22.787401574803148,0.0,0.0,0.0
psi-int,transfer,validation,3,33,7.0,14.0,128,28.515625,24.18873031496063,0.0,0.0,0.0
psi-int,transfer,validation,3,33,8.0,-16.0,128,-13.15625,20.65255905511811,0.0,0.0,0.0
psi-int,transfer,validation,3,33,8.0,-8.0,128,-3.4921875,16.834584153543307,0.0,0.0,0.0
psi-int,transfer,validation,3,33,8.0,8.0,128,19.8828125,20.088521161417322,0.0,0.0,0.0
psi-int,transfer,validation,3,33,8.0,16.0,128,31.265625,23.393454724409448,0.0,0.0,0.0
psi-int,transfer,validation,3,33,9.0,-18.0,128,-15.34375,18.58956692913386,0.0,0.0,0.0
psi-int,transfer,validation,3,33,9.0,-9.0,128,-4.2421875,17.366080216535433,0.0,0.0,0.0
psi-int,transfer,validation,3,33,9.0,9.0,128,20.8359375,22.878383366141733,0.0,0.0,0.0
psi-int,transfer,validation,3,33,9.0,18.0,128,33.9765625,23.59787155511811,0.0,0.0,0.0
psi-int,transfer,validation,3,33,10.0,-20.0,128,-17.3828125,23.088521161417322,0.0,0.0,0.0
psi-int,transfer,validation,3,33,10.0,-10.0,128,-5.6796875,17.211552657480315,0.0,0.0,0.0
psi-int,transfer,validation,3,33,10.0,10.0,128,21.828125,20.600147637795274,0.0,0.0,0.0
psi-int,transfer,validation,3,33,10.0,20.0,128,36.15625,19.833661417322833,0.0,0.0,0.0
psi-int,transfer,validation,3,33,11.0,-22.0,128,-19.578125,19.379675196850393,0.0,0.0,0.0
psi-int,transfer,validation,3,33,11.0,-11.0,128,-6.6015625,18.36755659448819,0.0,0.0,0.0
psi-int,transfer,validation,3,33,11.0,11.0,128,23.171875,17.57652559055118,0.0,0.0,0.0
psi-int,transfer,validation,3,33,11.0,22.0,128,37.859375,18.515501968503937,0.0,0.0,0.0
psi-int,transfer,validation,3,33,12.0,-24.0,128,-21.625,20.078740157480315,0.0,0.0,0.0
psi-int,transfer,validation,3,33,12.0,-12.0,128,-7.375,15.88976377952756,0.0,0.0,0.0
psi-int,transfer,validation,3,33,12.0,12.0,128,23.8671875,25.344426673228348,0.0,0.0,0.0
psi-int,transfer,validation,3,33,12.0,24.0,128,40.46875,19.999015748031496,0.0,0.0,0.0
psi-int,transfer,validation,3,33,13.0,-26.0,128,-23.28125,19.08562992125984,0.0,0.0,0.0
psi-int,transfer,validation,3,33,13.0,-13.0,128,-8.4765625,17.464013287401574,0.0,0.0,0.0
psi-int,transfer,validation,3,33,13.0,13.0,128,25.078125,22.40329724409449,0.0,0.0,0.0
psi-int,transfer,validation,3,33,13.0,26.0,128,42.3359375,20.524052657480315,0.0,0.0,0.0
psi-int,transfer,validation,3,33,14.0,-28.0,128,-25.109375,20.302903543307085,0.0,0.0,0.0
psi-int,transfer,validation,3,33,14.0,-14.0,128,-9.71875,15.542322834645669,0.0,0.0,0.0
psi-int,transfer,validation,3,33,14.0,14.0,128,25.7109375,20.774052657480315,0.0,0.0,0.0
psi-int,transfer,validation,3,33,14.0,28.0,128,44.1484375,19.02503690944882,0.0,0.0,0.0
psi-int,transfer,validation,3,33,15.0,-30.0,128,-27.2109375,15.490588090551181,0.0,0.0,0.0
psi-int,transfer,validation,3,33,15.0,-15.0,128,-10.5625,19.051181102362204,0.0,0.0,0.0
psi-int,transfer,validation,3,33,15.0,15.0,128,27.09375,21.912401574803148,0.0,0.0,0.0
psi-int,transfer,validation,3,33,15.0,30.0,128,46.359375,21.350147637795274,0.0,0.0,0.0
psi-int,transfer,validation,3,33,16.0,-32.0,128,-28.9765625,19.015194389763778,0.0,0.0,0.0
psi-int,transfer,validation,3,33,16.0,-16.0,128,-11.5625,18.216535433070867,0.0,0.0,0.0
psi-int,transfer,validation,3,33,16.0,16.0,128,27.921875,19.379675196850393,0.0,0.0,0.0
psi-int,transfer,validation,3,33,16.0,32.0,128,47.765625,18.590305118110237,0.0,0.0,0.0
psi-int,transfer,validation,3,33,17.0,-34.0,128,-30.2578125,21.499938484251967,0.0,0.0,0.0
psi-int,transfer,validation,3,33,17.0,-17.0,128,-12.28125,14.896653543307087,0.0,0.0,0.0
psi-int,transfer,validation,3,33,17.0,17.0,128,28.3671875,22.312930610236222,0.0,0.0,0.0
psi-int,transfer,validation,3,33,17.0,34.0,128,49.359375,18.625738188976378,0.0,0.0,0.0
psi-int,transfer,validation,3,33,18.0,-36.0,128,-32.4296875,24.924151082677167,0.0,0.0,0.0
psi-int,transfer,validation,3,33,18.0,-18.0,128,-13.1484375,15.072281003937007,0.0,0.0,0.0
psi-int,transfer,validation,3,33,18.0,18.0,128,29.2890625,21.01027312992126,0.0,0.0,0.0
psi-int,transfer,validation,3,33,18.0,36.0,128,51.8984375,20.186454232283463,0.0,0.0,0.0
psi-int,transfer,validation,3,33,19.0,-38.0,128,-34.125,22.4251968503937,0.0,0.0,0.0
psi-int,transfer,validation,3,33,19.0,-19.0,128,-14.1875,15.28740157480315,0.0,0.0,0.0
psi-int,transfer,validation,3,33,19.0,19.0,128,30.1953125,21.04029281496063,0.0,0.0,0.0
psi-int,transfer,validation,3,33,19.0,38.0,128,53.9921875,23.47237942913386,0.0,0.0,0.0
psi-int,transfer,validation,3,33,20.0,-40.0,128,-35.8515625,22.111651082677167,0.0,0.0,0.0
psi-int,transfer,validation,3,33,20.0,-20.0,128,-14.796875,17.942667322834644,0.0,0.0,0.0
psi-int,transfer,validation,3,33,20.0,20.0,128,30.9140625,22.40987942913386,0.0,0.0,0.0
psi-int,transfer,validation,3,33,20.0,40.0,128,56.3125,21.948818897637796,0.0,0.0,0.0
psi-int,transfer,validation,3,33,21.0,-42.0,128,-36.875,24.393700787401574,0.0,0.0,0.0
psi-int,transfer,validation,3,33,21.0,-21.0,128,-15.1875,16.23228346456693,0.0,0.0,0.0
psi-int,transfer,validation,3,33,21.0,21.0,128,32.015625,22.220226377952756,0.0,0.0,0.0
psi-int,transfer,validation,3,33,21.0,42.0,128,57.7421875,20.051119586614174,0.0,0.0,0.0
psi-int,transfer,validation,3,33,22.0,-44.0,128,-39.5234375,20.86558809055118,0.0,0.0,0.0
psi-int,transfer,validation,3,33,22.0,-22.0,128,-16.421875,16.482037401574804,0.0,0.0,0.0
psi-int,transfer,validation,3,33,22.0,22.0,128,32.515625,19.621801181102363,0.0,0.0,0.0
psi-int,transfer,validation,3,33,22.0,44.0,128,59.78125,24.613188976377952,0.0,0.0,0.0
psi-int,transfer,validation,3,33,23.0,-46.0,128,-40.75,21.606299212598426,0.0,0.0,0.0
psi-int,transfer,validation,3,33,23.0,-23.0,128,-16.9453125,17.01273375984252,0.0,0.0,0.0
psi-int,transfer,validation,3,33,23.0,23.0,128,34.0390625,20.683501476377952,0.0,0.0,0.0
psi-int,transfer,validation,3,33,23.0,46.0,128,61.84375,22.148622047244096,0.0,0.0,0.0
psi-int,transfer,validation,3,33,24.0,-48.0,128,-42.359375,23.775344488188978,0.0,0.0,0.0
psi-int,transfer,validation,3,33,24.0,-24.0,128,-18.203125,16.289124015748033,0.0,0.0,0.0
psi-int,transfer,validation,3,33,24.0,24.0,128,34.4609375,20.738619586614174,0.0,0.0,0.0
psi-int,transfer,validation,3,33,24.0,48.0,128,63.5234375,25.9207062007874,0.0,0.0,0.0
psi-int,transfer,validation,3,33,25.0,-50.0,128,-44.5234375,22.44039124015748,0.0,0.0,0.0
psi-int,transfer,validation,3,33,25.0,-25.0,128,-19.1328125,15.375922736220472,0.0,0.0,0.0
psi-int,transfer,validation,3,33,25.0,25.0,128,35.3046875,21.552103838582678,0.0,0.0,0.0
psi-int,transfer,validation,3,33,25.0,50.0,128,65.9140625,22.157910925196852,0.0,0.0,0.0
psi-int,transfer,validation,3,33,26.0,-52.0,128,-46.3046875,21.552103838582678,0.0,0.0,0.0
psi-int,transfer,validation,3,33,26.0,-26.0,128,-19.671875,16.568651574803148,0.0,0.0,0.0
psi-int,transfer,validation,3,33,26.0,26.0,128,36.359375,20.53125,0.0,0.0,0.0
psi-int,transfer,validation,3,33,26.0,52.0,128,67.59375,21.408464566929133,0.0,0.0,0.0
psi-int,transfer,validation,3,33,27.0,-54.0,128,-47.6328125,24.927103838582678,0.0,0.0,0.0
psi-int,transfer,validation,3,33,27.0,-27.0,128,-20.71875,14.817913385826772,0.0,0.0,0.0
psi-int,transfer,validation,3,33,27.0,27.0,128,37.515625,23.306840551181104,0.0,0.0,0.0
psi-int,transfer,validation,3,33,27.0,54.0,128,69.71875,21.006889763779526,0.0,0.0,0.0
psi-int,transfer,validation,3,33,28.0,-56.0,128,-49.8671875,21.186946358267715,0.0,0.0,0.0
psi-int,transfer,validation,3,33,28.0,-28.0,128,-21.4921875,15.716473917322835,0.0,0.0,0.0
psi-int,transfer,validation,3,33,28.0,28.0,128,38.125,20.866141732283463,0.0,0.0,0.0
psi-int,transfer,validation,3,33,28.0,56.0,128,71.625,19.716535433070867,0.0,0.0,0.0
psi-int,transfer,validation,3,33,29.0,-58.0,128,-51.25,22.677165354330707,0.0,0.0,0.0
psi-int,transfer,validation,3,33,29.0,-29.0,128,-22.4296875,14.609190452755906,0.0,0.0,0.0
psi-int,transfer,validation,3,33,29.0,29.0,128,38.90625,23.109251968503937,0.0,0.0,0.0
psi-int,transfer,validation,3,33,29.0,58.0,128,73.5234375,20.078186515748033,0.0,0.0,0.0
psi-int,transfer,validation,3,33,30.0,-60.0,128,-53.0546875,18.319820374015748,0.0,0.0,0.0
psi-int,transfer,validation,3,33,30.0,-30.0,128,-23.2890625,16.04964320866142,0.0,0.0,0.0
psi-int,transfer,validation,3,33,30.0,30.0,128,39.5625,23.838582677165356,0.0,0.0,0.0
psi-int,transfer,validation,3,33,30.0,60.0,128,75.1796875,21.17218257874016,0.0,0.0,0.0
psi-int,transfer,validation,3,33,31.0,-62.0,128,-54.796875,21.690698818897637,0.0,0.0,0.0
psi-int,transfer,validation,3,33,31.0,-31.0,128,-24.1953125,17.008796751968504,0.0,0.0,0.0
psi-int,transfer,validation,3,33,31.0,31.0,128,40.046875,24.627706692913385,0.0,0.0,0.0
psi-int,transfer,validation,3,33,31.0,62.0,128,77.15625,23.424212598425196,0.0,0.0,0.0
psi-int,transfer,validation,4,114,0.0,-0.0,128,-0.625,3.1338582677165356,0.0,0.0,0.0
psi-int,transfer,validation,4,114,0.0,-0.0,128,-0.40625,3.7391732283464565,0.0,0.0,0.0
psi-int,transfer,validation,4,114,0.0,0.0,128,-0.5546875,2.6426550196850394,0.0,0.0,0.0
psi-int,transfer,validation,4,114,0.0,0.0,128,-0.4453125,3.9182455708661417,0.0,0.0,0.0
psi-int,transfer,validation,4,114,1.0,-2.0,128,-2.7421875,22.649544783464567,0.0,0.0,0.0
psi-int,transfer,validation,4,114,1.0,-1.0,128,-1.03125,31.49507874015748,0.0,0.0,0.0
psi-int,transfer,validation,4,114,1.0,1.0,128,-1.3828125,16.616080216535433,0.0,0.0,0.0
psi-int,transfer,validation,4,114,1.0,2.0,128,-0.84375,18.47933070866142,0.0,0.0,0.0
psi-int,transfer,validation,4,114,2.0,-4.0,128,-2.390625,24.17691929133858,0.0,0.0,0.0
psi-int,transfer,validation,4,114,2.0,-2.0,128,-1.0,25.77952755905512,0.0,0.0,0.0
psi-int,transfer,validation,4,114,2.0,2.0,128,-1.109375,18.476131889763778,0.0,0.0,0.0
psi-int,transfer,validation,4,114,2.0,4.0,128,-0.609375,21.672982283464567,0.0,0.0,0.0
psi-int,transfer,validation,4,114,3.0,-6.0,128,-0.3359375,27.736651082677167,0.0,0.0,0.0
psi-int,transfer,validation,4,114,3.0,-3.0,128,3.6328125,31.982221948818896,0.0,0.0,0.0
psi-int,transfer,validation,4,114,3.0,3.0,128,6.0390625,17.439406988188978,0.0,0.0,0.0
psi-int,transfer,validation,4,114,3.0,6.0,128,6.34375,25.39271653543307,0.0,0.0,0.0
psi-int,transfer,validation,4,114,4.0,-8.0,128,-9.9375,27.822834645669293,0.0,0.0,0.0
psi-int,transfer,validation,4,114,4.0,-4.0,128,-3.1015625,28.044721948818896,0.0,0.0,0.0
psi-int,transfer,validation,4,114,4.0,4.0,128,6.4296875,17.00289124015748,0.0,0.0,0.0
psi-int,transfer,validation,4,114,4.0,8.0,128,11.0625,21.87007874015748,0.0,0.0,0.0
psi-int,transfer,validation,4,114,5.0,-10.0,128,-14.046875,26.28125,0.0,0.0,0.0
psi-int,transfer,validation,4,114,5.0,-5.0,128,-5.2265625,24.649052657480315,0.0,0.0,0.0
psi-int,transfer,validation,4,114,5.0,5.0,128,8.3359375,15.531926673228346,0.0,0.0,0.0
psi-int,transfer,validation,4,114,5.0,10.0,128,16.1484375,22.28487942913386,0.0,0.0,0.0
psi-int,transfer,validation,4,114,6.0,-12.0,128,-16.6328125,25.588521161417322,0.0,0.0,0.0
psi-int,transfer,validation,4,114,6.0,-6.0,128,-6.375,29.700787401574804,0.0,0.0,0.0
psi-int,transfer,validation,4,114,6.0,6.0,128,9.96875,18.062007874015748,0.0,0.0,0.0
psi-int,transfer,validation,4,114,6.0,12.0,128,18.9375,25.53937007874016,0.0,0.0,0.0
psi-int,transfer,validation,4,114,7.0,-14.0,128,-19.203125,23.737942913385826,0.0,0.0,0.0
psi-int,transfer,validation,4,114,7.0,-7.0,128,-7.40625,29.581692913385826,0.0,0.0,0.0
psi-int,transfer,validation,4,114,7.0,7.0,128,10.96875,16.471456692913385,0.0,0.0,0.0
psi-int,transfer,validation,4,114,7.0,14.0,128,21.3984375,26.21007627952756,0.0,0.0,0.0
psi-int,transfer,validation,4,114,8.0,-16.0,128,-21.296875,23.202509842519685,0.0,0.0,0.0
psi-int,transfer,validation,4,114,8.0,-8.0,128,-8.703125,33.84817913385827,0.0,0.0,0.0
psi-int,transfer,validation,4,114,8.0,8.0,128,12.515625,18.172982283464567,0.0,0.0,0.0
psi-int,transfer,validation,4,114,8.0,16.0,128,23.4375,24.106299212598426,0.0,0.0,0.0
psi-int,transfer,validation,4,114,9.0,-18.0,128,-23.6484375,19.12739911417323,0.0,0.0,0.0
psi-int,transfer,validation,4,114,9.0,-9.0,128,-9.6640625,33.83113927165354,0.0,0.0,0.0
psi-int,transfer,validation,4,114,9.0,9.0,128,13.2265625,17.98763533464567,0.0,0.0,0.0
psi-int,transfer,validation,4,114,9.0,18.0,128,26.3125,23.098425196850393,0.0,0.0,0.0
psi-int,transfer,validation,4,114,10.0,-20.0,128,-26.1640625,26.878383366141733,0.0,0.0,0.0
psi-int,transfer,validation,4,114,10.0,-10.0,128,-11.171875,28.064714566929133,0.0,0.0,0.0
psi-int,transfer,validation,4,114,10.0,10.0,128,14.4375,17.24015748031496,0.0,0.0,0.0
psi-int,transfer,validation,4,114,10.0,20.0,128,28.4453125,22.611158956692915,0.0,0.0,0.0
psi-int,transfer,validation,4,114,11.0,-22.0,128,-28.1015625,28.233698326771652,0.0,0.0,0.0
psi-int,transfer,validation,4,114,11.0,-11.0,128,-12.28125,33.44783464566929,0.0,0.0,0.0
psi-int,transfer,validation,4,114,11.0,11.0,128,15.5703125,17.932025098425196,0.0,0.0,0.0
psi-int,transfer,validation,4,114,11.0,22.0,128,30.4140625,23.535863681102363,0.0,0.0,0.0
psi-int,transfer,validation,4,114,12.0,-24.0,128,-29.828125,25.922982283464567,0.0,0.0,0.0
psi-int,transfer,validation,4,114,12.0,-12.0,128,-13.1328125,33.234190452755904,0.0,0.0,0.0
psi-int,transfer,validation,4,114,12.0,12.0,128,16.3046875,17.331631397637796,0.0,0.0,0.0
psi-int,transfer,validation,4,114,12.0,24.0,128,32.8671875,26.05308809055118,0.0,0.0,0.0
psi-int,transfer,validation,4,114,13.0,-26.0,128,-31.4375,24.27952755905512,0.0,0.0,0.0
psi-int,transfer,validation,4,114,13.0,-13.0,128,-14.46875,30.203740157480315,0.0,0.0,0.0
psi-int,transfer,validation,4,114,13.0,13.0,128,17.3359375,16.24058809055118,0.0,0.0,0.0
psi-int,transfer,validation,4,114,13.0,26.0,128,34.6015625,24.619525098425196,0.0,0.0,0.0
psi-int,transfer,validation,4,114,14.0,-28.0,128,-33.640625,28.499753937007874,0.0,0.0,0.0
psi-int,transfer,validation,4,114,14.0,-14.0,128,-15.046875,30.108021653543307,0.0,0.0,0.0
psi-int,transfer,validation,4,114,14.0,14.0,128,17.9921875,17.1574187992126,0.0,0.0,0.0
psi-int,transfer,validation,4,114,14.0,28.0,128,36.9609375,20.526021161417322,0.0,0.0,0.0
psi-int,transfer,validation,4,114,15.0,-30.0,128,-35.0546875,29.878875492125985,0.0,0.0,0.0
psi-int,transfer,validation,4,114,15.0,-15.0,128,-16.0546875,34.82375738188976,0.0,0.0,0.0
psi-int,transfer,validation,4,114,15.0,15.0,128,19.375,17.637795275590552,0.0,0.0,0.0
psi-int,transfer,validation,4,114,15.0,30.0,128,38.5703125,22.420214074803148,0.0,0.0,0.0
psi-int,transfer,validation,4,114,16.0,-32.0,128,-37.6796875,24.140686515748033,0.0,0.0,0.0
psi-int,transfer,validation,4,114,16.0,-16.0,128,-17.15625,24.463582677165356,0.0,0.0,0.0
psi-int,transfer,validation,4,114,16.0,16.0,128,20.1796875,20.40052903543307,0.0,0.0,0.0
psi-int,transfer,validation,4,114,16.0,32.0,128,40.9140625,29.84295029527559,0.0,0.0,0.0
psi-int,transfer,validation,4,114,17.0,-34.0,128,-38.5859375,23.488619586614174,0.0,0.0,0.0
psi-int,transfer,validation,4,114,17.0,-17.0,128,-17.8515625,27.828186515748033,0.0,0.0,0.0
psi-int,transfer,validation,4,114,17.0,17.0,128,20.90625,19.912401574803148,0.0,0.0,0.0
psi-int,transfer,validation,4,114,17.0,34.0,128,42.0625,24.9251968503937,0.0,0.0,0.0
psi-int,transfer,validation,4,114,18.0,-36.0,128,-40.8828125,26.07277312992126,0.0,0.0,0.0
psi-int,transfer,validation,4,114,18.0,-18.0,128,-19.2421875,28.92513533464567,0.0,0.0,0.0
psi-int,transfer,validation,4,114,18.0,18.0,128,21.46875,18.156496062992126,0.0,0.0,0.0
psi-int,transfer,validation,4,114,18.0,36.0,128,44.6640625,21.86263533464567,0.0,0.0,0.0
psi-int,transfer,validation,4,114,19.0,-38.0,128,-42.703125,29.86392716535433,0.0,0.0,0.0
psi-int,transfer,validation,4,114,19.0,-19.0,128,-20.1953125,29.449741633858267,0.0,0.0,0.0
psi-int,transfer,validation,4,114,19.0,19.0,128,22.34375,21.250984251968504,0.0,0.0,0.0
psi-int,transfer,validation,4,114,19.0,38.0,128,46.4921875,25.149544783464567,0.0,0.0,0.0
psi-int,transfer,validation,4,114,20.0,-40.0,128,-44.6015625,26.808501476377952,0.0,0.0,0.0
psi-int,transfer,validation,4,114,20.0,-20.0,128,-20.953125,25.982037401574804,0.0,0.0,0.0
psi-int,transfer,validation,4,114,20.0,20.0,128,23.5546875,23.556040846456693,0.0,0.0,0.0
psi-int,transfer,validation,4,114,20.0,40.0,128,48.203125,24.08439960629921,0.0,0.0,0.0
psi-int,transfer,validation,4,114,21.0,-42.0,128,-46.4609375,27.163816437007874,0.0,0.0,0.0
psi-int,transfer,validation,4,114,21.0,-21.0,128,-22.171875,30.552903543307085,0.0,0.0,0.0
psi-int,transfer,validation,4,114,21.0,21.0,128,24.0078125,16.873954232283463,0.0,0.0,0.0
psi-int,transfer,validation,4,114,21.0,42.0,128,50.109375,23.814714566929133,0.0,0.0,0.0
psi-int,transfer,validation,4,114,22.0,-44.0,128,-47.921875,25.111958661417322,0.0,0.0,0.0
psi-int,transfer,validation,4,114,22.0,-22.0,128,-22.953125,32.092273622047244,0.0,0.0,0.0
psi-int,transfer,validation,4,114,22.0,22.0,128,24.953125,20.611958661417322,0.0,0.0,0.0
psi-int,transfer,validation,4,114,22.0,44.0,128,51.890625,24.397391732283463,0.0,0.0,0.0
psi-int,transfer,validation,4,114,23.0,-46.0,128,-49.515625,22.61392716535433,0.0,0.0,0.0
psi-int,transfer,validation,4,114,23.0,-23.0,128,-24.296875,32.100147637795274,0.0,0.0,0.0
psi-int,transfer,validation,4,114,23.0,23.0,128,26.0625,19.618110236220474,0.0,0.0,0.0
psi-int,transfer,validation,4,114,23.0,46.0,128,53.8203125,29.046198326771652,0.0,0.0,0.0
psi-int,transfer,validation,4,114,24.0,-48.0,128,-51.6953125,24.748954232283463,0.0,0.0,0.0
psi-int,transfer,validation,4,114,24.0,-24.0,128,-25.328125,36.31668307086614,0.0,0.0,0.0
psi-int,transfer,validation,4,114,24.0,24.0,128,26.578125,17.694635826771652,0.0,0.0,0.0
psi-int,transfer,validation,4,114,24.0,48.0,128,55.6171875,24.60033218503937,0.0,0.0,0.0
psi-int,transfer,validation,4,114,25.0,-50.0,128,-52.84375,26.85728346456693,0.0,0.0,0.0
psi-int,transfer,validation,4,114,25.0,-25.0,128,-25.6640625,28.60279281496063,0.0,0.0,0.0
psi-int,transfer,validation,4,114,25.0,25.0,128,27.515625,17.700541338582678,0.0,0.0,0.0
psi-int,transfer,validation,4,114,25.0,50.0,128,57.671875,23.497785433070867,0.0,0.0,0.0
psi-int,transfer,validation,4,114,26.0,-52.0,128,-54.7734375,24.696296751968504,0.0,0.0,0.0
psi-int,transfer,validation,4,114,26.0,-26.0,128,-26.453125,25.210383858267715,0.0,0.0,0.0
psi-int,transfer,validation,4,114,26.0,26.0,128,27.765625,18.92101377952756,0.0,0.0,0.0
psi-int,transfer,validation,4,114,26.0,52.0,128,59.3359375,21.957123523622048,0.0,0.0,0.0
psi-int,transfer,validation,4,114,27.0,-54.0,128,-56.53125,23.43208661417323,0.0,0.0,0.0
psi-int,transfer,validation,4,114,27.0,-27.0,128,-27.7109375,26.91578494094488,0.0,0.0,0.0
psi-int,transfer,validation,4,114,27.0,27.0,128,28.9140625,20.598855807086615,0.0,0.0,0.0
psi-int,transfer,validation,4,114,27.0,54.0,128,61.6796875,25.1328125,0.0,0.0,0.0
psi-int,transfer,validation,4,114,28.0,-56.0,128,-58.6171875,26.190883366141733,0.0,0.0,0.0
psi-int,transfer,validation,4,114,28.0,-28.0,128,-28.140625,27.696604330708663,0.0,0.0,0.0
psi-int,transfer,validation,4,114,28.0,28.0,128,30.0078125,17.299151082677167,0.0,0.0,0.0
psi-int,transfer,validation,4,114,28.0,56.0,128,63.5390625,24.97484005905512,0.0,0.0,0.0
psi-int,transfer,validation,4,114,29.0,-58.0,128,-59.8046875,25.10328494094488,0.0,0.0,0.0
psi-int,transfer,validation,4,114,29.0,-29.0,128,-29.1875,32.75196850393701,0.0,0.0,0.0
psi-int,transfer,validation,4,114,29.0,29.0,128,30.34375,21.046259842519685,0.0,0.0,0.0
psi-int,transfer,validation,4,114,29.0,58.0,128,65.4453125,25.288324311023622,0.0,0.0,0.0
psi-int,transfer,validation,4,114,30.0,-60.0,128,-61.875,21.25984251968504,0.0,0.0,0.0
psi-int,transfer,validation,4,114,30.0,-30.0,128,-30.4609375,27.274052657480315,0.0,0.0,0.0
psi-int,transfer,validation,4,114,30.0,30.0,128,31.3359375,18.39806840551181,0.0,0.0,0.0
psi-int,transfer,validation,4,114,30.0,60.0,128,66.4765625,27.212044783464567,0.0,0.0,0.0
psi-int,transfer,validation,4,114,31.0,-62.0,128,-63.625,21.401574803149607,0.0,0.0,0.0
psi-int,transfer,validation,4,114,31.0,-31.0,128,-31.265625,34.40132874015748,0.0,0.0,0.0
psi-int,transfer,validation,4,114,31.0,31.0,128,31.96875,19.054133858267715,0.0,0.0,0.0
psi-int,transfer,validation,4,114,31.0,62.0,128,68.4609375,27.589013287401574,0.0,0.0,0.0
psi-int,transfer,validation,5,127,0.0,-0.0,128,-0.1484375,0.930548720472441,0.0,0.0,0.0
psi-int,transfer,validation,5,127,0.0,-0.0,128,-0.1328125,0.9664739173228346,0.0,0.0,0.0
psi-int,transfer,validation,5,127,0.0,0.0,128,-0.0859375,0.8193282480314961,0.0,0.0,0.0
psi-int,transfer,validation,5,127,0.0,0.0,128,-0.125,0.8503937007874016,0.0,0.0,0.0
psi-int,transfer,validation,5,127,1.0,-2.0,128,2.390625,13.84621062992126,0.0,0.0,0.0
psi-int,transfer,validation,5,127,1.0,-1.0,128,2.734375,16.684793307086615,0.0,0.0,0.0
psi-int,transfer,validation,5,127,1.0,1.0,128,3.578125,16.009596456692915,0.0,0.0,0.0
psi-int,transfer,validation,5,127,1.0,2.0,128,3.1171875,18.356237696850393,0.0,0.0,0.0
psi-int,transfer,validation,5,127,2.0,-4.0,128,2.4375,15.44488188976378,0.0,0.0,0.0
psi-int,transfer,validation,5,127,2.0,-2.0,128,2.6328125,14.864111712598426,0.0,0.0,0.0
psi-int,transfer,validation,5,127,2.0,2.0,128,3.3515625,18.434485728346456,0.0,0.0,0.0
psi-int,transfer,validation,5,127,2.0,4.0,128,3.3671875,21.777497539370078,0.0,0.0,0.0
psi-int,transfer,validation,5,127,3.0,-6.0,128,-0.5859375,15.394131397637794,0.0,0.0,0.0
psi-int,transfer,validation,5,127,3.0,-3.0,128,-0.3046875,15.945804625984252,0.0,0.0,0.0
psi-int,transfer,validation,5,127,3.0,3.0,128,2.140625,19.42888779527559,0.0,0.0,0.0
psi-int,transfer,validation,5,127,3.0,6.0,128,2.65625,16.49507874015748,0.0,0.0,0.0
psi-int,transfer,validation,5,127,4.0,-8.0,128,-4.4765625,16.818343996062993,0.0,0.0,0.0
psi-int,transfer,validation,5,127,4.0,-4.0,128,-0.28125,13.085629921259843,0.0,0.0,0.0
psi-int,transfer,validation,5,127,4.0,4.0,128,9.7421875,20.88576525590551,0.0,0.0,0.0
psi-int,transfer,validation,5,127,4.0,8.0,128,13.1640625,19.193343996062993,0.0,0.0,0.0
psi-int,transfer,validation,5,127,5.0,-10.0,128,-7.1015625,14.564406988188976,0.0,0.0,0.0
psi-int,transfer,validation,5,127,5.0,-5.0,128,-1.59375,15.896653543307087,0.0,0.0,0.0
psi-int,transfer,validation,5,127,5.0,5.0,128,12.140625,20.074557086614174,0.0,0.0,0.0
psi-int,transfer,validation,5,127,5.0,10.0,128,17.75,17.1496062992126,0.0,0.0,0.0
psi-int,transfer,validation,5,127,6.0,-12.0,128,-9.2890625,16.144131397637796,0.0,0.0,0.0
psi-int,transfer,validation,5,127,6.0,-6.0,128,-2.28125,14.597440944881889,0.0,0.0,0.0
psi-int,transfer,validation,5,127,6.0,6.0,128,14.109375,20.743848425196852,0.0,0.0,0.0
psi-int,transfer,validation,5,127,6.0,12.0,128,20.515625,19.33833661417323,0.0,0.0,0.0
psi-int,transfer,validation,5,127,7.0,-14.0,128,-11.796875,17.7064468503937,0.0,0.0,0.0
psi-int,transfer,validation,5,127,7.0,-7.0,128,-3.640625,14.326525590551181,0.0,0.0,0.0
psi-int,transfer,validation,5,127,7.0,7.0,128,15.578125,21.615895669291337,0.0,0.0,0.0
psi-int,transfer,validation,5,127,7.0,14.0,128,22.6953125,24.969426673228348,0.0,0.0,0.0
psi-int,transfer,validation,5,127,8.0,-16.0,128,-13.5546875,16.878875492125985,0.0,0.0,0.0
psi-int,transfer,validation,5,127,8.0,-8.0,128,-4.5625,13.570866141732283,0.0,0.0,0.0
psi-int,transfer,validation,5,127,8.0,8.0,128,16.3671875,21.2578125,0.0,0.0,0.0
psi-int,transfer,validation,5,127,8.0,16.0,128,25.2578125,25.263718011811022,0.0,0.0,0.0
psi-int,transfer,validation,5,127,9.0,-18.0,128,-15.6484375,15.127399114173228,0.0,0.0,0.0
psi-int,transfer,validation,5,127,9.0,-9.0,128,-5.515625,13.40132874015748,0.0,0.0,0.0
psi-int,transfer,validation,5,127,9.0,9.0,128,17.8203125,19.676119586614174,0.0,0.0,0.0
psi-int,transfer,validation,5,127,9.0,18.0,128,27.3125,22.61023622047244,0.0,0.0,0.0
psi-int,transfer,validation,5,127,10.0,-20.0,128,-17.4921875,16.913324311023622,0.0,0.0,0.0
psi-int,transfer,validation,5,127,10.0,-10.0,128,-7.09375,15.376968503937007,0.0,0.0,0.0
psi-int,transfer,validation,5,127,10.0,10.0,128,18.7890625,17.22287155511811,0.0,0.0,0.0
psi-int,transfer,validation,5,127,10.0,20.0,128,29.546875,22.564714566929133,0.0,0.0,0.0
psi-int,transfer,validation,5,127,11.0,-22.0,128,-19.234375,15.724163385826772,0.0,0.0,0.0
psi-int,transfer,validation,5,127,11.0,-11.0,128,-7.6171875,13.671198326771654,0.0,0.0,0.0
psi-int,transfer,validation,5,127,11.0,11.0,128,20.03125,21.38484251968504,0.0,0.0,0.0
psi-int,transfer,validation,5,127,11.0,22.0,128,31.4921875,19.826710137795274,0.0,0.0,0.0
psi-int,transfer,validation,5,127,12.0,-24.0,128,-21.0546875,16.146592027559056,0.0,0.0,0.0
psi-int,transfer,validation,5,127,12.0,-12.0,128,-8.78125,15.920275590551181,0.0,0.0,0.0
psi-int,transfer,validation,5,127,12.0,12.0,128,21.171875,16.6316437007874,0.0,0.0,0.0
psi-int,transfer,validation,5,127,12.0,24.0,128,33.4609375,22.848855807086615,0.0,0.0,0.0
psi-int,transfer,validation,5,127,13.0,-26.0,128,-22.71875,19.148622047244096,0.0,0.0,0.0
psi-int,transfer,validation,5,127,13.0,-13.0,128,-9.4296875,12.042261318897637,0.0,0.0,0.0
psi-int,transfer,validation,5,127,13.0,13.0,128,21.984375,17.684793307086615,0.0,0.0,0.0
psi-int,transfer,validation,5,127,13.0,26.0,128,35.109375,21.64148622047244,0.0,0.0,0.0
psi-int,transfer,validation,5,127,14.0,-28.0,128,-24.3984375,15.42267470472441,0.0,0.0,0.0
psi-int,transfer,validation,5,127,14.0,-14.0,128,-10.0390625,13.92759596456693,0.0,0.0,0.0
psi-int,transfer,validation,5,127,14.0,14.0,128,23.375,19.35433070866142,0.0,0.0,0.0
psi-int,transfer,validation,5,127,14.0,28.0,128,37.15625,19.250984251968504,0.0,0.0,0.0
psi-int,transfer,validation,5,127,15.0,-30.0,128,-26.109375,16.397391732283463,0.0,0.0,0.0
psi-int,transfer,validation,5,127,15.0,-15.0,128,-10.859375,16.594242125984252,0.0,0.0,0.0
psi-int,transfer,validation,5,127,15.0,15.0,128,23.96875,15.573818897637794,0.0,0.0,0.0
psi-int,transfer,validation,5,127,15.0,30.0,128,38.8203125,20.967458169291337,0.0,0.0,0.0
psi-int,transfer,validation,5,127,16.0,-32.0,128,-27.5,19.921259842519685,0.0,0.0,0.0
psi-int,transfer,validation,5,127,16.0,-16.0,128,-12.015625,17.117864173228348,0.0,0.0,0.0
psi-int,transfer,validation,5,127,16.0,16.0,128,24.6875,19.444881889763778,0.0,0.0,0.0
psi-int,transfer,validation,5,127,16.0,32.0,128,40.453125,21.667076771653544,0.0,0.0,0.0
psi-int,transfer,validation,5,127,17.0,-34.0,128,-28.8046875,17.46548966535433,0.0,0.0,0.0
psi-int,transfer,validation,5,127,17.0,-17.0,128,-12.5390625,15.400036909448819,0.0,0.0,0.0
psi-int,transfer,validation,5,127,17.0,17.0,128,25.46875,22.266732283464567,0.0,0.0,0.0
psi-int,transfer,validation,5,127,17.0,34.0,128,42.0234375,20.904958169291337,0.0,0.0,0.0
psi-int,transfer,validation,5,127,18.0,-36.0,128,-30.6640625,14.76027312992126,0.0,0.0,0.0
psi-int,transfer,validation,5,127,18.0,-18.0,128,-13.4921875,13.810962106299213,0.0,0.0,0.0
psi-int,transfer,validation,5,127,18.0,18.0,128,26.453125,16.895423228346456,0.0,0.0,0.0
psi-int,transfer,validation,5,127,18.0,36.0,128,43.8046875,20.126906988188978,0.0,0.0,0.0
psi-int,transfer,validation,5,127,19.0,-38.0,128,-32.0078125,14.826710137795276,0.0,0.0,0.0
psi-int,transfer,validation,5,127,19.0,-19.0,128,-14.234375,15.81865157480315,0.0,0.0,0.0
psi-int,transfer,validation,5,127,19.0,19.0,128,27.7109375,19.041769192913385,0.0,0.0,0.0
psi-int,transfer,validation,5,127,19.0,38.0,128,45.84375,20.621062992125985,0.0,0.0,0.0
psi-int,transfer,validation,5,127,20.0,-40.0,128,-33.84375,13.676181102362206,0.0,0.0,0.0
psi-int,transfer,validation,5,127,20.0,-20.0,128,-15.1640625,14.374446358267717,0.0,0.0,0.0
psi-int,transfer,validation,5,127,20.0,20.0,128,28.4453125,17.902497539370078,0.0,0.0,0.0
psi-int,transfer,validation,5,127,20.0,40.0,128,47.3359375,22.634288877952756,0.0,0.0,0.0
psi-int,transfer,validation,5,127,21.0,-42.0,128,-35.7890625,16.59295029527559,0.0,0.0,0.0
psi-int,transfer,validation,5,127,21.0,-21.0,128,-16.296875,17.092273622047244,0.0,0.0,0.0
psi-int,transfer,validation,5,127,21.0,21.0,128,29.140625,15.696604330708661,0.0,0.0,0.0
psi-int,transfer,validation,5,127,21.0,42.0,128,49.109375,22.27140748031496,0.0,0.0,0.0
psi-int,transfer,validation,5,127,22.0,-44.0,128,-36.9375,13.098425196850394,0.0,0.0,0.0
psi-int,transfer,validation,5,127,22.0,-22.0,128,-17.140625,17.11392716535433,0.0,0.0,0.0
psi-int,transfer,validation,5,127,22.0,22.0,128,30.2421875,17.224347933070867,0.0,0.0,0.0
psi-int,transfer,validation,5,127,22.0,44.0,128,51.3125,18.29527559055118,0.0,0.0,0.0
psi-int,transfer,validation,5,127,23.0,-46.0,128,-38.515625,13.212352362204724,0.0,0.0,0.0
psi-int,transfer,validation,5,127,23.0,-23.0,128,-17.90625,17.628937007874015,0.0,0.0,0.0
psi-int,transfer,validation,5,127,23.0,23.0,128,30.828125,17.639517716535433,0.0,0.0,0.0
psi-int,transfer,validation,5,127,23.0,46.0,128,52.9453125,22.193836122047244,0.0,0.0,0.0
psi-int,transfer,validation,5,127,24.0,-48.0,128,-40.03125,16.39271653543307,0.0,0.0,0.0
psi-int,transfer,validation,5,127,24.0,-24.0,128,-18.9765625,14.133304625984252,0.0,0.0,0.0
psi-int,transfer,validation,5,127,24.0,24.0,128,32.03125,17.90452755905512,0.0,0.0,0.0
psi-int,transfer,validation,5,127,24.0,48.0,128,54.3125,22.12204724409449,0.0,0.0,0.0
psi-int,transfer,validation,5,127,25.0,-50.0,128,-41.671875,13.67101377952756,0.0,0.0,0.0
psi-int,transfer,validation,5,127,25.0,-25.0,128,-19.578125,18.08833661417323,0.0,0.0,0.0
psi-int,transfer,validation,5,127,25.0,25.0,128,33.3359375,16.91775344488189,0.0,0.0,0.0
psi-int,transfer,validation,5,127,25.0,50.0,128,56.265625,24.999753937007874,0.0,0.0,0.0
psi-int,transfer,validation,5,127,26.0,-52.0,128,-42.921875,16.3560531496063,0.0,0.0,0.0
psi-int,transfer,validation,5,127,26.0,-26.0,128,-19.984375,14.92888779527559,0.0,0.0,0.0
psi-int,transfer,validation,5,127,26.0,26.0,128,33.84375,19.156496062992126,0.0,0.0,0.0
psi-int,transfer,validation,5,127,26.0,52.0,128,57.859375,23.90132874015748,0.0,0.0,0.0
psi-int,transfer,validation,5,127,27.0,-54.0,128,-44.7734375,14.806532972440944,0.0,0.0,0.0
psi-int,transfer,validation,5,127,27.0,-27.0,128,-21.1875,13.759842519685039,0.0,0.0,0.0
psi-int,transfer,validation,5,127,27.0,27.0,128,34.6640625,16.854761318897637,0.0,0.0,0.0
psi-int,transfer,validation,5,127,27.0,54.0,128,59.859375,19.964320866141733,0.0,0.0,0.0
psi-int,transfer,validation,5,127,28.0,-56.0,128,-46.0078125,12.464505413385826,0.0,0.0,0.0
psi-int,transfer,validation,5,127,28.0,-28.0,128,-22.234375,14.102116141732283,0.0,0.0,0.0
psi-int,transfer,validation,5,127,28.0,28.0,128,35.8828125,20.057025098425196,0.0,0.0,0.0
psi-int,transfer,validation,5,127,28.0,56.0,128,61.203125,18.950541338582678,0.0,0.0,0.0
psi-int,transfer,validation,5,127,29.0,-58.0,128,-47.3671875,13.10033218503937,0.0,0.0,0.0
psi-int,transfer,validation,5,127,29.0,-29.0,128,-22.59375,15.361220472440944,0.0,0.0,0.0
psi-int,transfer,validation,5,127,29.0,29.0,128,36.8671875,19.045214074803148,0.0,0.0,0.0
psi-int,transfer,validation,5,127,29.0,58.0,128,63.0859375,20.976808562992126,0.0,0.0,0.0
psi-int,transfer,validation,5,127,30.0,-60.0,128,-49.125,14.204724409448819,0.0,0.0,0.0
psi-int,transfer,validation,5,127,30.0,-30.0,128,-23.984375,17.684793307086615,0.0,0.0,0.0
psi-int,transfer,validation,5,127,30.0,30.0,128,37.5390625,20.581139271653544,0.0,0.0,0.0
psi-int,transfer,validation,5,127,30.0,60.0,128,64.7890625,21.679564468503937,0.0,0.0,0.0
psi-int,transfer,validation,5,127,31.0,-62.0,128,-50.265625,15.220226377952756,0.0,0.0,0.0
psi-int,transfer,validation,5,127,31.0,-31.0,128,-24.65625,15.739173228346457,0.0,0.0,0.0
psi-int,transfer,validation,5,127,31.0,31.0,128,38.6171875,20.11214320866142,0.0,0.0,0.0
psi-int,transfer,validation,5,127,31.0,62.0,128,66.3984375,18.603777066929133,0.0,0.0,0.0
psi-int,transfer,validation,6,11,0.0,-0.0,128,0.140625,0.8777066929133859,0.0,0.0,0.0
psi-int,transfer,validation,6,11,0.0,-0.0,128,0.296875,0.6985728346456693,0.0,0.0,0.0
psi-int,transfer,validation,6,11,0.0,0.0,128,0.1328125,0.9979699803149606,0.0,0.0,0.0
psi-int,transfer,validation,6,11,0.0,0.0,128,-0.1015625,0.9581077755905512,0.0,0.0,0.0
psi-int,transfer,validation,6,11,1.0,-2.0,128,-6.921875,13.348179133858268,0.0,0.0,0.0
psi-int,transfer,validation,6,11,1.0,-1.0,128,-13.1171875,14.65545029527559,0.0,0.0,0.0
psi-int,transfer,validation,6,11,1.0,1.0,128,-9.046875,12.926919291338583,0.0,0.0,0.0
psi-int,transfer,validation,6,11,1.0,2.0,128,-6.3828125,12.553088090551181,0.0,0.0,0.0
psi-int,transfer,validation,6,11,2.0,-4.0,128,-11.2265625,14.444328248031496,0.0,0.0,0.0
psi-int,transfer,validation,6,11,2.0,-2.0,128,-16.6171875,17.167261318897637,0.0,0.0,0.0
psi-int,transfer,validation,6,11,2.0,2.0,128,-9.6875,16.72047244094488,0.0,0.0,0.0
psi-int,transfer,validation,6,11,2.0,4.0,128,-5.40625,16.101377952755904,0.0,0.0,0.0
psi-int,transfer,validation,6,11,3.0,-6.0,128,-13.2734375,15.83802903543307,0.0,0.0,0.0
psi-int,transfer,validation,6,11,3.0,-3.0,128,-16.1171875,17.37985974409449,0.0,0.0,0.0
psi-int,transfer,validation,6,11,3.0,3.0,128,-3.4140625,14.181532972440944,0.0,0.0,0.0
psi-int,transfer,validation,6,11,3.0,6.0,128,3.3046875,13.000922736220472,0.0,0.0,0.0
psi-int,transfer,validation,6,11,4.0,-8.0,128,-16.265625,16.149360236220474,0.0,0.0,0.0
psi-int,transfer,validation,6,11,4.0,-4.0,128,-17.546875,16.722194881889763,0.0,0.0,0.0
psi-int,transfer,validation,6,11,4.0,4.0,128,-1.5625,12.358267716535433,0.0,0.0,0.0
psi-int,transfer,validation,6,11,4.0,8.0,128,7.375,14.031496062992126,0.0,0.0,0.0
psi-int,transfer,validation,6,11,5.0,-10.0,128,-18.546875,13.415108267716535,0.0,0.0,0.0
psi-int,transfer,validation,6,11,5.0,-5.0,128,-18.6953125,18.339505413385826,0.0,0.0,0.0
psi-int,transfer,validation,6,11,5.0,5.0,128,0.203125,15.265501968503937,0.0,0.0,0.0
psi-int,transfer,validation,6,11,5.0,10.0,128,10.0390625,13.439406988188976,0.0,0.0,0.0
psi-int,transfer,validation,6,11,6.0,-12.0,128,-20.828125,17.13558070866142,0.0,0.0,0.0
psi-int,transfer,validation,6,11,6.0,-6.0,128,-19.6015625,17.1707062007874,0.0,0.0,0.0
psi-int,transfer,validation,6,11,6.0,6.0,128,1.6328125,16.8326156496063,0.0,0.0,0.0
psi-int,transfer,validation,6,11,6.0,12.0,128,12.734375,13.613927165354331,0.0,0.0,0.0
psi-int,transfer,validation,6,11,7.0,-14.0,128,-22.96875,15.432086614173228,0.0,0.0,0.0
psi-int,transfer,validation,6,11,7.0,-7.0,128,-20.828125,18.222194881889763,0.0,0.0,0.0
psi-int,transfer,validation,6,11,7.0,7.0,128,2.7578125,16.15348179133858,0.0,0.0,0.0
psi-int,transfer,validation,6,11,7.0,14.0,128,15.296875,13.7064468503937,0.0,0.0,0.0
psi-int,transfer,validation,6,11,8.0,-16.0,128,-24.9609375,18.100824311023622,0.0,0.0,0.0
psi-int,transfer,validation,6,11,8.0,-8.0,128,-21.6953125,18.024544783464567,0.0,0.0,0.0
psi-int,transfer,validation,6,11,8.0,8.0,128,4.15625,14.432086614173228,0.0,0.0,0.0
psi-int,transfer,validation,6,11,8.0,16.0,128,17.5859375,12.590981791338583,0.0,0.0,0.0
psi-int,transfer,validation,6,11,9.0,-18.0,128,-26.71875,16.07775590551181,0.0,0.0,0.0
psi-int,transfer,validation,6,11,9.0,-9.0,128,-22.8203125,16.101316437007874,0.0,0.0,0.0
psi-int,transfer,validation,6,11,9.0,9.0,128,5.25,15.543307086614174,0.0,0.0,0.0
psi-int,transfer,validation,6,11,9.0,18.0,128,19.734375,13.393454724409448,0.0,0.0,0.0
psi-int,transfer,validation,6,11,10.0,-20.0,128,-28.5546875,15.209584153543307,0.0,0.0,0.0
psi-int,transfer,validation,6,11,10.0,-10.0,128,-23.671875,17.261564960629922,0.0,0.0,0.0
psi-int,transfer,validation,6,11,10.0,10.0,128,6.9453125,16.508796751968504,0.0,0.0,0.0
psi-int,transfer,validation,6,11,10.0,20.0,128,22.0546875,14.083599901574804,0.0,0.0,0.0
psi-int,transfer,validation,6,11,11.0,-22.0,128,-29.8984375,13.509288877952756,0.0,0.0,0.0
psi-int,transfer,validation,6,11,11.0,-11.0,128,-24.71875,18.86515748031496,0.0,0.0,0.0
psi-int,transfer,validation,6,11,11.0,11.0,128,7.65625,15.187992125984252,0.0,0.0,0.0
psi-int,transfer,validation,6,11,11.0,22.0,128,24.0859375,12.378383366141732,0.0,0.0,0.0
psi-int,transfer,validation,6,11,12.0,-24.0,128,-32.09375,16.038385826771652,0.0,0.0,0.0
psi-int,transfer,validation,6,11,12.0,-12.0,128,-25.6171875,18.60033218503937,0.0,0.0,0.0
psi-int,transfer,validation,6,11,12.0,12.0,128,8.5703125,15.00289124015748,0.0,0.0,0.0
psi-int,transfer,validation,6,11,12.0,24.0,128,26.1875,13.082677165354331,0.0,0.0,0.0
psi-int,transfer,validation,6,11,13.0,-26.0,128,-33.625,14.913385826771654,0.0,0.0,0.0
psi-int,transfer,validation,6,11,13.0,-13.0,128,-26.546875,15.919045275590552,0.0,0.0,0.0
psi-int,transfer,validation,6,11,13.0,13.0,128,9.5234375,14.865588090551181,0.0,0.0,0.0
psi-int,transfer,validation,6,11,13.0,26.0,128,27.625,11.984251968503937,0.0,0.0,0.0
psi-int,transfer,validation,6,11,14.0,-28.0,128,-35.2421875,13.696788877952756,0.0,0.0,0.0
psi-int,transfer,validation,6,11,14.0,-14.0,128,-27.328125,17.46628937007874,0.0,0.0,0.0
psi-int,transfer,validation,6,11,14.0,14.0,128,10.984375,16.03125,0.0,0.0,0.0
psi-int,transfer,validation,6,11,14.0,28.0,128,29.296875,9.832431102362206,0.0,0.0,0.0
psi-int,transfer,validation,6,11,15.0,-30.0,128,-36.828125,15.324557086614174,0.0,0.0,0.0
psi-int,transfer,validation,6,11,15.0,-15.0,128,-27.765625,13.897391732283465,0.0,0.0,0.0
psi-int,transfer,validation,6,11,15.0,15.0,128,12.015625,14.834399606299213,0.0,0.0,0.0
psi-int,transfer,validation,6,11,15.0,30.0,128,31.2109375,12.608698326771654,0.0,0.0,0.0
psi-int,transfer,validation,6,11,16.0,-32.0,128,-38.625,15.21259842519685,0.0,0.0,0.0
psi-int,transfer,validation,6,11,16.0,-16.0,128,-29.1640625,17.209092027559056,0.0,0.0,0.0
psi-int,transfer,validation,6,11,16.0,16.0,128,13.4296875,13.538324311023622,0.0,0.0,0.0
psi-int,transfer,validation,6,11,16.0,32.0,128,32.90625,13.786417322834646,0.0,0.0,0.0
psi-int,transfer,validation,6,11,17.0,-34.0,128,-39.671875,16.04896653543307,0.0,0.0,0.0
psi-int,transfer,validation,6,11,17.0,-17.0,128,-29.53125,18.455708661417322,0.0,0.0,0.0
psi-int,transfer,validation,6,11,17.0,17.0,128,14.0546875,14.745017224409448,0.0,0.0,0.0
psi-int,transfer,validation,6,11,17.0,34.0,128,34.6171875,14.364111712598426,0.0,0.0,0.0
psi-int,transfer,validation,6,11,18.0,-36.0,128,-41.5234375,15.464013287401574,0.0,0.0,0.0
psi-int,transfer,validation,6,11,18.0,-18.0,128,-30.171875,17.293061023622048,0.0,0.0,0.0
psi-int,transfer,validation,6,11,18.0,18.0,128,14.625,15.37007874015748,0.0,0.0,0.0
psi-int,transfer,validation,6,11,18.0,36.0,128,36.1171875,12.81293061023622,0.0,0.0,0.0
psi-int,transfer,validation,6,11,19.0,-38.0,128,-43.0625,20.34251968503937,0.0,0.0,0.0
psi-int,transfer,validation,6,11,19.0,-19.0,128,-31.0859375,16.488619586614174,0.0,0.0,0.0
psi-int,transfer,validation,6,11,19.0,19.0,128,15.953125,15.194635826771654,0.0,0.0,0.0
psi-int,transfer,validation,6,11,19.0,38.0,128,38.328125,15.403297244094489,0.0,0.0,0.0
psi-int,transfer,validation,6,11,20.0,-40.0,128,-44.125,16.015748031496063,0.0,0.0,0.0
psi-int,transfer,validation,6,11,20.0,-20.0,128,-32.5,18.62992125984252,0.0,0.0,0.0
psi-int,transfer,validation,6,11,20.0,20.0,128,17.015625,15.149360236220472,0.0,0.0,0.0
psi-int,transfer,validation,6,11,20.0,40.0,128,39.9609375,14.667753444881889,0.0,0.0,0.0
psi-int,transfer,validation,6,11,21.0,-42.0,128,-45.484375,14.267470472440944,0.0,0.0,0.0
psi-int,transfer,validation,6,11,21.0,-21.0,128,-33.109375,17.027312992125985,0.0,0.0,0.0
psi-int,transfer,validation,6,11,21.0,21.0,128,17.71875,16.250984251968504,0.0,0.0,0.0
psi-int,transfer,validation,6,11,21.0,42.0,128,41.8515625,15.387241633858268,0.0,0.0,0.0
psi-int,transfer,validation,6,11,22.0,-44.0,128,-47.28125,19.195866141732285,0.0,0.0,0.0
psi-int,transfer,validation,6,11,22.0,-22.0,128,-33.8046875,17.26076525590551,0.0,0.0,0.0
psi-int,transfer,validation,6,11,22.0,22.0,128,18.75,17.35433070866142,0.0,0.0,0.0
psi-int,transfer,validation,6,11,22.0,44.0,128,43.4140625,12.874446358267717,0.0,0.0,0.0
psi-int,transfer,validation,6,11,23.0,-46.0,128,-49.1015625,14.879367618110237,0.0,0.0,0.0
psi-int,transfer,validation,6,11,23.0,-23.0,128,-34.6171875,17.434977854330707,0.0,0.0,0.0
psi-int,transfer,validation,6,11,23.0,23.0,128,19.6640625,16.461060531496063,0.0,0.0,0.0
psi-int,transfer,validation,6,11,23.0,46.0,128,44.9140625,11.024052657480315,0.0,0.0,0.0
psi-int,transfer,validation,6,11,24.0,-48.0,128,-50.46875,17.243110236220474,0.0,0.0,0.0
psi-int,transfer,validation,6,11,24.0,-24.0,128,-35.7421875,16.696788877952756,0.0,0.0,0.0
psi-int,transfer,validation,6,11,24.0,24.0,128,20.640625,13.696604330708661,0.0,0.0,0.0
psi-int,transfer,validation,6,11,24.0,48.0,128,46.4609375,12.549643208661417,0.0,0.0,0.0
psi-int,transfer,validation,6,11,25.0,-50.0,128,-52.0546875,17.28045029527559,0.0,0.0,0.0
psi-int,transfer,validation,6,11,25.0,-25.0,128,-36.5078125,14.535371555118111,0.0,0.0,0.0
psi-int,transfer,validation,6,11,25.0,25.0,128,21.828125,16.080462598425196,0.0,0.0,0.0
psi-int,transfer,validation,6,11,25.0,50.0,128,48.6328125,13.399544783464567,0.0,0.0,0.0
psi-int,transfer,validation,6,11,26.0,-52.0,128,-53.46875,14.455708661417322,0.0,0.0,0.0
psi-int,transfer,validation,6,11,26.0,-26.0,128,-37.1953125,17.98517470472441,0.0,0.0,0.0
psi-int,transfer,validation,6,11,26.0,26.0,128,22.4609375,14.313422736220472,0.0,0.0,0.0
psi-int,transfer,validation,6,11,26.0,52.0,128,50.40625,14.321850393700787,0.0,0.0,0.0
psi-int,transfer,validation,6,11,27.0,-54.0,128,-55.125,17.25984251968504,0.0,0.0,0.0
psi-int,transfer,validation,6,11,27.0,-27.0,128,-38.0859375,18.0949187992126,0.0,0.0,0.0
psi-int,transfer,validation,6,11,27.0,27.0,128,23.40625,13.266732283464567,0.0,0.0,0.0
psi-int,transfer,validation,6,11,27.0,54.0,128,52.546875,11.021407480314961,0.0,0.0,0.0
psi-int,transfer,validation,6,11,28.0,-56.0,128,-56.5625,14.704724409448819,0.0,0.0,0.0
psi-int,transfer,validation,6,11,28.0,-28.0,128,-38.796875,14.919045275590552,0.0,0.0,0.0
psi-int,transfer,validation,6,11,28.0,28.0,128,24.453125,14.816683070866143,0.0,0.0,0.0
psi-int,transfer,validation,6,11,28.0,56.0,128,53.65625,13.487204724409448,0.0,0.0,0.0
psi-int,transfer,validation,6,11,29.0,-58.0,128,-57.671875,14.379675196850394,0.0,0.0,0.0
psi-int,transfer,validation,6,11,29.0,-29.0,128,-39.578125,15.395423228346457,0.0,0.0,0.0
psi-int,transfer,validation,6,11,29.0,29.0,128,25.21875,16.250984251968504,0.0,0.0,0.0
psi-int,transfer,validation,6,11,29.0,58.0,128,54.8515625,12.50535187007874,0.0,0.0,0.0
psi-int,transfer,validation,6,11,30.0,-60.0,128,-59.2578125,14.476316437007874,0.0,0.0,0.0
psi-int,transfer,validation,6,11,30.0,-30.0,128,-40.5,15.559055118110237,0.0,0.0,0.0
psi-int,transfer,validation,6,11,30.0,30.0,128,26.3359375,15.090981791338583,0.0,0.0,0.0
psi-int,transfer,validation,6,11,30.0,60.0,128,57.0,14.220472440944881,0.0,0.0,0.0
psi-int,transfer,validation,6,11,31.0,-62.0,128,-60.890625,15.405265748031496,0.0,0.0,0.0
psi-int,transfer,validation,6,11,31.0,-31.0,128,-41.3984375,16.05259596456693,0.0,0.0,0.0
psi-int,transfer,validation,6,11,31.0,31.0,128,27.296875,15.029281496062993,0.0,0.0,0.0
psi-int,transfer,validation,6,11,31.0,62.0,128,59.390625,13.26353346456693,0.0,0.0,0.0
psi-int,transfer,validation,7,37,0.0,-0.0,128,0.03125,0.7391732283464567,0.0,0.0,0.0
psi-int,transfer,validation,7,37,0.0,-0.0,128,-0.1328125,0.7145054133858267,0.0,0.0,0.0
psi-int,transfer,validation,7,37,0.0,0.0,128,-0.0546875,1.0442298228346456,0.0,0.0,0.0
psi-int,transfer,validation,7,37,0.0,0.0,128,-0.03125,0.8336614173228346,0.0,0.0,0.0
psi-int,transfer,validation,7,37,1.0,-2.0,128,-6.0859375,14.126414862204724,0.0,0.0,0.0
psi-int,transfer,validation,7,37,1.0,-1.0,128,-5.453125,18.06077755905512,0.0,0.0,0.0
psi-int,transfer,validation,7,37,1.0,1.0,128,-6.21875,18.030511811023622,0.0,0.0,0.0
psi-int,transfer,validation,7,37,1.0,2.0,128,-9.375,20.661417322834644,0.0,0.0,0.0
psi-int,transfer,validation,7,37,2.0,-4.0,128,-6.265625,16.165108267716537,0.0,0.0,0.0
psi-int,transfer,validation,7,37,2.0,-2.0,128,-5.421875,16.56077755905512,0.0,0.0,0.0
psi-int,transfer,validation,7,37,2.0,2.0,128,-6.140625,19.460383858267715,0.0,0.0,0.0
psi-int,transfer,validation,7,37,2.0,4.0,128,-8.796875,19.517470472440944,0.0,0.0,0.0
psi-int,transfer,validation,7,37,3.0,-6.0,128,-9.1953125,21.654466043307085,0.0,0.0,0.0
psi-int,transfer,validation,7,37,3.0,-3.0,128,-5.6015625,16.69826525590551,0.0,0.0,0.0
psi-int,transfer,validation,7,37,3.0,3.0,128,-0.4765625,18.078186515748033,0.0,0.0,0.0
psi-int,transfer,validation,7,37,3.0,6.0,128,-1.6171875,18.3326156496063,0.0,0.0,0.0
psi-int,transfer,validation,7,37,4.0,-8.0,128,-15.4140625,20.68546998031496,0.0,0.0,0.0
psi-int,transfer,validation,7,37,4.0,-4.0,128,-9.625,16.913385826771652,0.0,0.0,0.0
psi-int,transfer,validation,7,37,4.0,4.0,128,0.5390625,19.82523375984252,0.0,0.0,0.0
psi-int,transfer,validation,7,37,4.0,8.0,128,2.4140625,18.464997539370078,0.0,0.0,0.0
psi-int,transfer,validation,7,37,5.0,-10.0,128,-17.5625,20.374015748031496,0.0,0.0,0.0
psi-int,transfer,validation,7,37,5.0,-5.0,128,-10.921875,17.489911417322833,0.0,0.0,0.0
psi-int,transfer,validation,7,37,5.0,5.0,128,2.3984375,19.989603838582678,0.0,0.0,0.0
psi-int,transfer,validation,7,37,5.0,10.0,128,5.1640625,17.8705093503937,0.0,0.0,0.0
psi-int,transfer,validation,7,37,6.0,-12.0,128,-20.8359375,19.366572342519685,0.0,0.0,0.0
psi-int,transfer,validation,7,37,6.0,-6.0,128,-11.71875,16.802165354330707,0.0,0.0,0.0
psi-int,transfer,validation,7,37,6.0,6.0,128,3.6640625,21.201218011811022,0.0,0.0,0.0
psi-int,transfer,validation,7,37,6.0,12.0,128,8.171875,17.230068897637796,0.0,0.0,0.0
psi-int,transfer,validation,7,37,7.0,-14.0,128,-23.1328125,18.541277066929133,0.0,0.0,0.0
psi-int,transfer,validation,7,37,7.0,-7.0,128,-13.5625,18.562992125984252,0.0,0.0,0.0
psi-int,transfer,validation,7,37,7.0,7.0,128,5.1953125,16.41037155511811,0.0,0.0,0.0
psi-int,transfer,validation,7,37,7.0,14.0,128,10.6953125,15.756828248031496,0.0,0.0,0.0
psi-int,transfer,validation,7,37,8.0,-16.0,128,-25.390625,17.184793307086615,0.0,0.0,0.0
psi-int,transfer,validation,7,37,8.0,-8.0,128,-13.8671875,21.281434547244096,0.0,0.0,0.0
psi-int,transfer,validation,7,37,8.0,8.0,128,6.7578125,20.389702263779526,0.0,0.0,0.0
psi-int,transfer,validation,7,37,8.0,16.0,128,13.6875,19.066929133858267,0.0,0.0,0.0
psi-int,transfer,validation,7,37,9.0,-18.0,128,-27.8125,17.12992125984252,0.0,0.0,0.0
psi-int,transfer,validation,7,37,9.0,-9.0,128,-14.9296875,19.183993602362204,0.0,0.0,0.0
psi-int,transfer,validation,7,37,9.0,9.0,128,8.03125,17.983267716535433,0.0,0.0,0.0
psi-int,transfer,validation,7,37,9.0,18.0,128,15.6015625,17.611651082677167,0.0,0.0,0.0
psi-int,transfer,validation,7,37,10.0,-20.0,128,-30.015625,17.574557086614174,0.0,0.0,0.0
psi-int,transfer,validation,7,37,10.0,-10.0,128,-16.0390625,19.943343996062993,0.0,0.0,0.0
psi-int,transfer,validation,7,37,10.0,10.0,128,8.5703125,19.239111712598426,0.0,0.0,0.0
psi-int,transfer,validation,7,37,10.0,20.0,128,17.84375,21.833661417322833,0.0,0.0,0.0
psi-int,transfer,validation,7,37,11.0,-22.0,128,-31.8359375,18.24846210629921,0.0,0.0,0.0
psi-int,transfer,validation,7,37,11.0,-11.0,128,-17.2578125,20.602300688976378,0.0,0.0,0.0
psi-int,transfer,validation,7,37,11.0,11.0,128,9.3203125,17.542261318897637,0.0,0.0,0.0
psi-int,transfer,validation,7,37,11.0,22.0,128,20.4140625,21.803580216535433,0.0,0.0,0.0
psi-int,transfer,validation,7,37,12.0,-24.0,128,-33.8984375,18.910863681102363,0.0,0.0,0.0
psi-int,transfer,validation,7,37,12.0,-12.0,128,-17.59375,16.605314960629922,0.0,0.0,0.0
psi-int,transfer,validation,7,37,12.0,12.0,128,10.8203125,20.117064468503937,0.0,0.0,0.0
psi-int,transfer,validation,7,37,12.0,24.0,128,22.203125,18.052903543307085,0.0,0.0,0.0
psi-int,transfer,validation,7,37,13.0,-26.0,128,-35.5234375,19.4955093503937,0.0,0.0,0.0
psi-int,transfer,validation,7,37,13.0,-13.0,128,-18.8359375,19.476808562992126,0.0,0.0,0.0
psi-int,transfer,validation,7,37,13.0,13.0,128,11.90625,21.77066929133858,0.0,0.0,0.0
psi-int,transfer,validation,7,37,13.0,26.0,128,23.828125,20.615895669291337,0.0,0.0,0.0
psi-int,transfer,validation,7,37,14.0,-28.0,128,-37.4609375,20.39216289370079,0.0,0.0,0.0
psi-int,transfer,validation,7,37,14.0,-14.0,128,-19.703125,17.265501968503937,0.0,0.0,0.0
psi-int,transfer,validation,7,37,14.0,14.0,128,13.109375,19.546998031496063,0.0,0.0,0.0
psi-int,transfer,validation,7,37,14.0,28.0,128,25.75,18.677165354330707,0.0,0.0,0.0
psi-int,transfer,validation,7,37,15.0,-30.0,128,-39.1875,19.555118110236222,0.0,0.0,0.0
psi-int,transfer,validation,7,37,15.0,-15.0,128,-20.6328125,16.78537155511811,0.0,0.0,0.0
psi-int,transfer,validation,7,37,15.0,15.0,128,14.3828125,19.38773375984252,0.0,0.0,0.0
psi-int,transfer,validation,7,37,15.0,30.0,128,28.296875,18.80880905511811,0.0,0.0,0.0
psi-int,transfer,validation,7,37,16.0,-32.0,128,-40.9375,18.531496062992126,0.0,0.0,0.0
psi-int,transfer,validation,7,37,16.0,-16.0,128,-21.546875,19.54109251968504,0.0,0.0,0.0
psi-int,transfer,validation,7,37,16.0,16.0,128,15.421875,17.15920275590551,0.0,0.0,0.0
psi-int,transfer,validation,7,37,16.0,32.0,128,30.1484375,19.02503690944882,0.0,0.0,0.0
psi-int,transfer,validation,7,37,17.0,-34.0,128,-42.3984375,18.761257381889763,0.0,0.0,0.0
psi-int,transfer,validation,7,37,17.0,-17.0,128,-22.1875,19.08267716535433,0.0,0.0,0.0
psi-int,transfer,validation,7,37,17.0,17.0,128,15.828125,18.174950787401574,0.0,0.0,0.0
psi-int,transfer,validation,7,37,17.0,34.0,128,31.8828125,19.11214320866142,0.0,0.0,0.0
psi-int,transfer,validation,7,37,18.0,-36.0,128,-44.3046875,22.024544783464567,0.0,0.0,0.0
psi-int,transfer,validation,7,37,18.0,-18.0,128,-22.6484375,15.741572342519685,0.0,0.0,0.0
psi-int,transfer,validation,7,37,18.0,18.0,128,17.171875,14.537155511811024,0.0,0.0,0.0
psi-int,transfer,validation,7,37,18.0,36.0,128,33.3203125,19.66824557086614,0.0,0.0,0.0
psi-int,transfer,validation,7,37,19.0,-38.0,128,-45.96875,18.298228346456693,0.0,0.0,0.0
psi-int,transfer,validation,7,37,19.0,-19.0,128,-23.6484375,15.426611712598426,0.0,0.0,0.0
psi-int,transfer,validation,7,37,19.0,19.0,128,17.6328125,14.99009596456693,0.0,0.0,0.0
psi-int,transfer,validation,7,37,19.0,38.0,128,35.828125,22.332431102362204,0.0,0.0,0.0
psi-int,transfer,validation,7,37,20.0,-40.0,128,-47.53125,16.43996062992126,0.0,0.0,0.0
psi-int,transfer,validation,7,37,20.0,-20.0,128,-24.390625,18.83833661417323,0.0,0.0,0.0
psi-int,transfer,validation,7,37,20.0,20.0,128,18.7265625,14.420706200787402,0.0,0.0,0.0
psi-int,transfer,validation,7,37,20.0,40.0,128,37.09375,22.069881889763778,0.0,0.0,0.0
psi-int,transfer,validation,7,37,21.0,-42.0,128,-48.9140625,18.063422736220474,0.0,0.0,0.0
psi-int,transfer,validation,7,37,21.0,-21.0,128,-25.125,15.700787401574804,0.0,0.0,0.0
psi-int,transfer,validation,7,37,21.0,21.0,128,19.6953125,17.741080216535433,0.0,0.0,0.0
psi-int,transfer,validation,7,37,21.0,42.0,128,38.7578125,23.30308809055118,0.0,0.0,0.0
psi-int,transfer,validation,7,37,22.0,-44.0,128,-51.1484375,17.654958169291337,0.0,0.0,0.0
psi-int,transfer,validation,7,37,22.0,-22.0,128,-26.328125,17.214320866141733,0.0,0.0,0.0
psi-int,transfer,validation,7,37,22.0,22.0,128,20.7109375,16.06539124015748,0.0,0.0,0.0
psi-int,transfer,validation,7,37,22.0,44.0,128,40.796875,23.249753937007874,0.0,0.0,0.0
psi-int,transfer,validation,7,37,23.0,-46.0,128,-52.78125,15.715551181102363,0.0,0.0,0.0
psi-int,transfer,validation,7,37,23.0,-23.0,128,-27.0703125,17.089505413385826,0.0,0.0,0.0
psi-int,transfer,validation,7,37,23.0,23.0,128,21.8359375,16.34295029527559,0.0,0.0,0.0
psi-int,transfer,validation,7,37,23.0,46.0,128,42.8046875,22.630843996062993,0.0,0.0,0.0
psi-int,transfer,validation,7,37,24.0,-48.0,128,-54.4296875,18.073757381889763,0.0,0.0,0.0
psi-int,transfer,validation,7,37,24.0,-24.0,128,-28.1875,19.19291338582677,0.0,0.0,0.0
psi-int,transfer,validation,7,37,24.0,24.0,128,22.2421875,16.13773375984252,0.0,0.0,0.0
psi-int,transfer,validation,7,37,24.0,48.0,128,44.5,17.1496062992126,0.0,0.0,0.0
psi-int,transfer,validation,7,37,25.0,-50.0,128,-55.7578125,18.61017470472441,0.0,0.0,0.0
psi-int,transfer,validation,7,37,25.0,-25.0,128,-28.8125,18.311023622047244,0.0,0.0,0.0
psi-int,transfer,validation,7,37,25.0,25.0,128,23.7109375,19.907910925196852,0.0,0.0,0.0
psi-int,transfer,validation,7,37,25.0,50.0,128,46.2890625,20.868540846456693,0.0,0.0,0.0
psi-int,transfer,validation,7,37,26.0,-52.0,128,-57.6640625,14.744525098425196,0.0,0.0,0.0
psi-int,transfer,validation,7,37,26.0,-26.0,128,-29.75,19.30708661417323,0.0,0.0,0.0
psi-int,transfer,validation,7,37,26.0,26.0,128,24.2421875,21.35033218503937,0.0,0.0,0.0
psi-int,transfer,validation,7,37,26.0,52.0,128,48.4765625,20.771099901574804,0.0,0.0,0.0
psi-int,transfer,validation,7,37,27.0,-54.0,128,-59.0390625,16.714997539370078,0.0,0.0,0.0
psi-int,transfer,validation,7,37,27.0,-27.0,128,-30.7109375,20.207123523622048,0.0,0.0,0.0
psi-int,transfer,validation,7,37,27.0,27.0,128,25.2421875,24.13773375984252,0.0,0.0,0.0
psi-int,transfer,validation,7,37,27.0,54.0,128,50.2890625,18.978777066929133,0.0,0.0,0.0
psi-int,transfer,validation,7,37,28.0,-56.0,128,-60.625,15.716535433070867,0.0,0.0,0.0
psi-int,transfer,validation,7,37,28.0,-28.0,128,-31.21875,21.54232283464567,0.0,0.0,0.0
psi-int,transfer,validation,7,37,28.0,28.0,128,26.421875,22.78125,0.0,0.0,0.0
psi-int,transfer,validation,7,37,28.0,56.0,128,52.234375,18.117864173228348,0.0,0.0,0.0
psi-int,transfer,validation,7,37,29.0,-58.0,128,-61.7265625,17.46007627952756,0.0,0.0,0.0
psi-int,transfer,validation,7,37,29.0,-29.0,128,-32.171875,16.04896653543307,0.0,0.0,0.0
psi-int,transfer,validation,7,37,29.0,29.0,128,27.015625,20.14148622047244,0.0,0.0,0.0
psi-int,transfer,validation,7,37,29.0,58.0,128,53.375,20.362204724409448,0.0,0.0,0.0
psi-int,transfer,validation,7,37,30.0,-60.0,128,-63.3984375,16.85574557086614,0.0,0.0,0.0
psi-int,transfer,validation,7,37,30.0,-30.0,128,-32.8828125,18.986158956692915,0.0,0.0,0.0
psi-int,transfer,validation,7,37,30.0,30.0,128,28.28125,20.70767716535433,0.0,0.0,0.0
psi-int,transfer,validation,7,37,30.0,60.0,128,55.6875,17.91732283464567,0.0,0.0,0.0
psi-int,transfer,validation,7,37,31.0,-62.0,128,-65.015625,13.76353346456693,0.0,0.0,0.0
psi-int,transfer,validation,7,37,31.0,-31.0,128,-33.7421875,16.255843996062993,0.0,0.0,0.0
psi-int,transfer,validation,7,37,31.0,31.0,128,28.828125,23.182824803149607,0.0,0.0,0.0
psi-int,transfer,validation,7,37,31.0,62.0,128,57.6796875,20.786355807086615,0.0,0.0,0.0
psi-int,transfer,validation,8,101,0.0,-0.0,128,-0.015625,0.7871555118110236,0.0,0.0,0.0
psi-int,transfer,validation,8,101,0.0,-0.0,128,0.03125,0.7391732283464567,0.0,0.0,0.0
psi-int,transfer,validation,8,101,0.0,0.0,128,-0.0859375,0.850824311023622,0.0,0.0,0.0
psi-int,transfer,validation,8,101,0.0,0.0,128,-0.40625,0.8415354330708661,0.0,0.0,0.0
psi-int,transfer,validation,8,101,1.0,-2.0,128,3.546875,15.556840551181102,0.0,0.0,0.0
psi-int,transfer,validation,8,101,1.0,-1.0,128,4.8046875,18.284387303149607,0.0,0.0,0.0
psi-int,transfer,validation,8,101,1.0,1.0,128,2.0859375,16.079170767716537,0.0,0.0,0.0
psi-int,transfer,validation,8,101,1.0,2.0,128,6.640625,24.184793307086615,0.0,0.0,0.0
psi-int,transfer,validation,8,101,2.0,-4.0,128,3.5,17.653543307086615,0.0,0.0,0.0
psi-int,transfer,validation,8,101,2.0,-2.0,128,4.21875,20.361220472440944,0.0,0.0,0.0
psi-int,transfer,validation,8,101,2.0,2.0,128,2.03125,18.833661417322833,0.0,0.0,0.0
psi-int,transfer,validation,8,101,2.0,4.0,128,6.265625,24.952509842519685,0.0,0.0,0.0
psi-int,transfer,validation,8,101,3.0,-6.0,128,1.3203125,20.250922736220474,0.0,0.0,0.0
psi-int,transfer,validation,8,101,3.0,-3.0,128,3.8515625,18.111651082677167,0.0,0.0,0.0
psi-int,transfer,validation,8,101,3.0,3.0,128,4.640625,17.88558070866142,0.0,0.0,0.0
psi-int,transfer,validation,8,101,3.0,6.0,128,10.390625,34.27140748031496,0.0,0.0,0.0
psi-int,transfer,validation,8,101,4.0,-8.0,128,-5.421875,15.159202755905511,0.0,0.0,0.0
psi-int,transfer,validation,8,101,4.0,-4.0,128,-0.421875,19.505659448818896,0.0,0.0,0.0
psi-int,transfer,validation,8,101,4.0,4.0,128,8.2734375,17.869525098425196,0.0,0.0,0.0
psi-int,transfer,validation,8,101,4.0,8.0,128,17.0703125,28.758796751968504,0.0,0.0,0.0
psi-int,transfer,validation,8,101,5.0,-10.0,128,-8.328125,18.489911417322833,0.0,0.0,0.0
psi-int,transfer,validation,8,101,5.0,-5.0,128,-1.390625,18.72810039370079,0.0,0.0,0.0
psi-int,transfer,validation,8,101,5.0,5.0,128,9.7890625,16.34098179133858,0.0,0.0,0.0
psi-int,transfer,validation,8,101,5.0,10.0,128,20.171875,30.67888779527559,0.0,0.0,0.0
psi-int,transfer,validation,8,101,6.0,-12.0,128,-10.8671875,17.690883366141733,0.0,0.0,0.0
psi-int,transfer,validation,8,101,6.0,-6.0,128,-3.0234375,18.164800688976378,0.0,0.0,0.0
psi-int,transfer,validation,8,101,6.0,6.0,128,11.2421875,19.586552657480315,0.0,0.0,0.0
psi-int,transfer,validation,8,101,6.0,12.0,128,23.140625,28.15329724409449,0.0,0.0,0.0
psi-int,transfer,validation,8,101,7.0,-14.0,128,-12.6015625,14.855745570866143,0.0,0.0,0.0
psi-int,transfer,validation,8,101,7.0,-7.0,128,-4.2265625,19.751414862204726,0.0,0.0,0.0
psi-int,transfer,validation,8,101,7.0,7.0,128,12.4921875,16.80308809055118,0.0,0.0,0.0
psi-int,transfer,validation,8,101,7.0,14.0,128,25.65625,29.534448818897637,0.0,0.0,0.0
psi-int,transfer,validation,8,101,8.0,-16.0,128,-14.578125,17.31668307086614,0.0,0.0,0.0
psi-int,transfer,validation,8,101,8.0,-8.0,128,-5.03125,16.66043307086614,0.0,0.0,0.0
psi-int,transfer,validation,8,101,8.0,8.0,128,13.5,19.10236220472441,0.0,0.0,0.0
psi-int,transfer,validation,8,101,8.0,16.0,128,27.3515625,27.97779281496063,0.0,0.0,0.0
psi-int,transfer,validation,8,101,9.0,-18.0,128,-16.8125,15.633858267716535,0.0,0.0,0.0
psi-int,transfer,validation,8,101,9.0,-9.0,128,-5.8515625,17.08802903543307,0.0,0.0,0.0
psi-int,transfer,validation,8,101,9.0,9.0,128,15.359375,17.413139763779526,0.0,0.0,0.0
psi-int,transfer,validation,8,101,9.0,18.0,128,29.6875,29.366141732283463,0.0,0.0,0.0
psi-int,transfer,validation,8,101,10.0,-20.0,128,-18.4453125,19.666277066929133,0.0,0.0,0.0
psi-int,transfer,validation,8,101,10.0,-10.0,128,-6.96875,17.636811023622048,0.0,0.0,0.0
psi-int,transfer,validation,8,101,10.0,10.0,128,16.3125,19.051181102362204,0.0,0.0,0.0
psi-int,transfer,validation,8,101,10.0,20.0,128,31.71875,26.613188976377952,0.0,0.0,0.0
psi-int,transfer,validation,8,101,11.0,-22.0,128,-20.5078125,15.039308562992126,0.0,0.0,0.0
psi-int,transfer,validation,8,101,11.0,-11.0,128,-7.9921875,19.37789124015748,0.0,0.0,0.0
psi-int,transfer,validation,8,101,11.0,11.0,128,17.265625,19.34621062992126,0.0,0.0,0.0
psi-int,transfer,validation,8,101,11.0,22.0,128,33.6640625,29.516178641732285,0.0,0.0,0.0
psi-int,transfer,validation,8,101,12.0,-24.0,128,-22.3828125,15.891670767716535,0.0,0.0,0.0
psi-int,transfer,validation,8,101,12.0,-12.0,128,-8.8125,14.909448818897637,0.0,0.0,0.0
psi-int,transfer,validation,8,101,12.0,12.0,128,17.875,20.440944881889763,0.0,0.0,0.0
psi-int,transfer,validation,8,101,12.0,24.0,128,35.3984375,25.186454232283463,0.0,0.0,0.0
psi-int,transfer,validation,8,101,13.0,-26.0,128,-23.6015625,15.595903051181102,0.0,0.0,0.0
psi-int,transfer,validation,8,101,13.0,-13.0,128,-9.765625,15.991879921259843,0.0,0.0,0.0
psi-int,transfer,validation,8,101,13.0,13.0,128,18.8359375,19.91775344488189,0.0,0.0,0.0
psi-int,transfer,validation,8,101,13.0,26.0,128,37.0390625,22.022084153543307,0.0,0.0,0.0
psi-int,transfer,validation,8,101,14.0,-28.0,128,-25.7421875,17.3582062007874,0.0,0.0,0.0
psi-int,transfer,validation,8,101,14.0,-14.0,128,-10.46875,19.148622047244096,0.0,0.0,0.0
psi-int,transfer,validation,8,101,14.0,14.0,128,20.1015625,18.328186515748033,0.0,0.0,0.0
psi-int,transfer,validation,8,101,14.0,28.0,128,38.859375,24.767470472440944,0.0,0.0,0.0
psi-int,transfer,validation,8,101,15.0,-30.0,128,-27.4140625,16.622477854330707,0.0,0.0,0.0
psi-int,transfer,validation,8,101,15.0,-15.0,128,-11.8046875,16.394623523622048,0.0,0.0,0.0
psi-int,transfer,validation,8,101,15.0,15.0,128,20.609375,16.57062007874016,0.0,0.0,0.0
psi-int,transfer,validation,8,101,15.0,30.0,128,40.421875,25.36392716535433,0.0,0.0,0.0
psi-int,transfer,validation,8,101,16.0,-32.0,128,-29.1796875,18.02257627952756,0.0,0.0,0.0
psi-int,transfer,validation,8,101,16.0,-16.0,128,-12.7265625,18.98763533464567,0.0,0.0,0.0
psi-int,transfer,validation,8,101,16.0,16.0,128,22.015625,15.700541338582678,0.0,0.0,0.0
psi-int,transfer,validation,8,101,16.0,32.0,128,42.5,23.716535433070867,0.0,0.0,0.0
psi-int,transfer,validation,8,101,17.0,-34.0,128,-29.9921875,15.708599901574804,0.0,0.0,0.0
psi-int,transfer,validation,8,101,17.0,-17.0,128,-13.171875,17.387549212598426,0.0,0.0,0.0
psi-int,transfer,validation,8,101,17.0,17.0,128,22.3046875,16.874938484251967,0.0,0.0,0.0
psi-int,transfer,validation,8,101,17.0,34.0,128,43.578125,24.434793307086615,0.0,0.0,0.0
psi-int,transfer,validation,8,101,18.0,-36.0,128,-32.0,17.19685039370079,0.0,0.0,0.0
psi-int,transfer,validation,8,101,18.0,-18.0,128,-13.8203125,17.219426673228348,0.0,0.0,0.0
psi-int,transfer,validation,8,101,18.0,18.0,128,23.296875,15.895423228346457,0.0,0.0,0.0
psi-int,transfer,validation,8,101,18.0,36.0,128,45.7265625,29.208107775590552,0.0,0.0,0.0
psi-int,transfer,validation,8,101,19.0,-38.0,128,-33.7734375,15.51519438976378,0.0,0.0,0.0
psi-int,transfer,validation,8,101,19.0,-19.0,128,-15.1875,14.515748031496063,0.0,0.0,0.0
psi-int,transfer,validation,8,101,19.0,19.0,128,23.984375,17.369832677165356,0.0,0.0,0.0
psi-int,transfer,validation,8,101,19.0,38.0,128,47.4921875,28.503875492125985,0.0,0.0,0.0
psi-int,transfer,validation,8,101,20.0,-40.0,128,-35.2578125,17.625922736220474,0.0,0.0,0.0
psi-int,transfer,validation,8,101,20.0,-20.0,128,-16.125,17.070866141732285,0.0,0.0,0.0
psi-int,transfer,validation,8,101,20.0,20.0,128,24.8828125,15.033403051181102,0.0,0.0,0.0
psi-int,transfer,validation,8,101,20.0,40.0,128,48.7578125,26.940883366141733,0.0,0.0,0.0
psi-int,transfer,validation,8,101,21.0,-42.0,128,-36.9140625,18.031926673228348,0.0,0.0,0.0
psi-int,transfer,validation,8,101,21.0,-21.0,128,-17.484375,17.054872047244096,0.0,0.0,0.0
psi-int,transfer,validation,8,101,21.0,21.0,128,25.6484375,17.379367618110237,0.0,0.0,0.0
psi-int,transfer,validation,8,101,21.0,42.0,128,50.71875,25.841535433070867,0.0,0.0,0.0
psi-int,transfer,validation,8,101,22.0,-44.0,128,-38.6484375,14.292753444881889,0.0,0.0,0.0
psi-int,transfer,validation,8,101,22.0,-22.0,128,-17.984375,20.61392716535433,0.0,0.0,0.0
psi-int,transfer,validation,8,101,22.0,22.0,128,26.453125,17.96628937007874,0.0,0.0,0.0
psi-int,transfer,validation,8,101,22.0,44.0,128,52.390625,27.090305118110237,0.0,0.0,0.0
psi-int,transfer,validation,8,101,23.0,-46.0,128,-40.703125,15.045029527559056,0.0,0.0,0.0
psi-int,transfer,validation,8,101,23.0,-23.0,128,-18.859375,17.964320866141733,0.0,0.0,0.0
psi-int,transfer,validation,8,101,23.0,23.0,128,27.578125,18.04109251968504,0.0,0.0,0.0
psi-int,transfer,validation,8,101,23.0,46.0,128,54.203125,27.344242125984252,0.0,0.0,0.0
psi-int,transfer,validation,8,101,24.0,-48.0,128,-41.875,14.125984251968504,0.0,0.0,0.0
psi-int,transfer,validation,8,101,24.0,-24.0,128,-19.8515625,19.46598179133858,0.0,0.0,0.0
psi-int,transfer,validation,8,101,24.0,24.0,128,28.5703125,20.89265501968504,0.0,0.0,0.0
psi-int,transfer,validation,8,101,24.0,48.0,128,55.265625,25.046998031496063,0.0,0.0,0.0
psi-int,transfer,validation,8,101,25.0,-50.0,128,-43.5859375,15.661847933070867,0.0,0.0,0.0
psi-int,transfer,validation,8,101,25.0,-25.0,128,-20.6328125,18.1082062007874,0.0,0.0,0.0
psi-int,transfer,validation,8,101,25.0,25.0,128,29.2421875,19.413324311023622,0.0,0.0,0.0
psi-int,transfer,validation,8,101,25.0,50.0,128,57.0,20.992125984251967,0.0,0.0,0.0
psi-int,transfer,validation,8,101,26.0,-52.0,128,-44.546875,14.517470472440944,0.0,0.0,0.0
psi-int,transfer,validation,8,101,26.0,-26.0,128,-21.296875,18.982037401574804,0.0,0.0,0.0
psi-int,transfer,validation,8,101,26.0,26.0,128,30.4453125,19.477300688976378,0.0,0.0,0.0
psi-int,transfer,validation,8,101,26.0,52.0,128,59.0625,30.374015748031496,0.0,0.0,0.0
psi-int,transfer,validation,8,101,27.0,-54.0,128,-46.4609375,15.82523375984252,0.0,0.0,0.0
psi-int,transfer,validation,8,101,27.0,-27.0,128,-22.21875,17.888779527559056,0.0,0.0,0.0
psi-int,transfer,validation,8,101,27.0,27.0,128,30.953125,19.273375984251967,0.0,0.0,0.0
psi-int,transfer,validation,8,101,27.0,54.0,128,60.1875,27.271653543307085,0.0,0.0,0.0
psi-int,transfer,validation,8,101,28.0,-56.0,128,-48.078125,17.6316437007874,0.0,0.0,0.0
psi-int,transfer,validation,8,101,28.0,-28.0,128,-23.1875,21.318897637795274,0.0,0.0,0.0
psi-int,transfer,validation,8,101,28.0,28.0,128,32.078125,20.89148622047244,0.0,0.0,0.0
psi-int,transfer,validation,8,101,28.0,56.0,128,62.109375,30.16117125984252,0.0,0.0,0.0
psi-int,transfer,validation,8,101,29.0,-58.0,128,-49.734375,17.913139763779526,0.0,0.0,0.0
psi-int,transfer,validation,8,101,29.0,-29.0,128,-23.8125,21.051181102362204,0.0,0.0,0.0
psi-int,transfer,validation,8,101,29.0,29.0,128,33.15625,21.75492125984252,0.0,0.0,0.0
psi-int,transfer,validation,8,101,29.0,58.0,128,63.4609375,27.226808562992126,0.0,0.0,0.0
psi-int,transfer,validation,8,101,30.0,-60.0,128,-51.390625,17.84621062992126,0.0,0.0,0.0
psi-int,transfer,validation,8,101,30.0,-30.0,128,-24.546875,20.48597440944882,0.0,0.0,0.0
psi-int,transfer,validation,8,101,30.0,30.0,128,34.1640625,17.854761318897637,0.0,0.0,0.0
psi-int,transfer,validation,8,101,30.0,60.0,128,65.015625,31.354084645669293,0.0,0.0,0.0
psi-int,transfer,validation,8,101,31.0,-62.0,128,-52.2421875,18.578678641732285,0.0,0.0,0.0
psi-int,transfer,validation,8,101,31.0,-31.0,128,-25.4765625,16.188422736220474,0.0,0.0,0.0
psi-int,transfer,validation,8,101,31.0,31.0,128,34.6171875,20.238127460629922,0.0,0.0,0.0
psi-int,transfer,validation,8,101,31.0,62.0,128,66.640625,30.609990157480315,0.0,0.0,0.0
psi-int,transfer,validation,9,13,0.0,-0.0,128,-0.1171875,0.8601747047244095,0.0,0.0,0.0
psi-int,transfer,validation,9,13,0.0,-0.0,128,0.0234375,0.9049581692913385,0.0,0.0,0.0
psi-int,transfer,validation,9,13,0.0,0.0,128,-0.0625,0.8622047244094488,0.0,0.0,0.0
psi-int,transfer,validation,9,13,0.0,0.0,128,-0.1796875,1.1091904527559056,0.0,0.0,0.0
psi-int,transfer,validation,9,13,1.0,-2.0,128,5.765625,19.66117125984252,0.0,0.0,0.0
psi-int,transfer,validation,9,13,1.0,-1.0,128,-0.25,15.700787401574804,0.0,0.0,0.0
psi-int,transfer,validation,9,13,1.0,1.0,128,-0.53125,26.849409448818896,0.0,0.0,0.0
psi-int,transfer,validation,9,13,1.0,2.0,128,-0.53125,19.006889763779526,0.0,0.0,0.0
psi-int,transfer,validation,9,13,2.0,-4.0,128,7.546875,20.895423228346456,0.0,0.0,0.0
psi-int,transfer,validation,9,13,2.0,-2.0,128,2.296875,15.942667322834646,0.0,0.0,0.0
psi-int,transfer,validation,9,13,2.0,2.0,128,4.5234375,25.432517224409448,0.0,0.0,0.0
psi-int,transfer,validation,9,13,2.0,4.0,128,4.890625,21.37376968503937,0.0,0.0,0.0
psi-int,transfer,validation,9,13,3.0,-6.0,128,-0.1015625,19.63527312992126,0.0,0.0,0.0
psi-int,transfer,validation,9,13,3.0,-3.0,128,-3.0078125,16.354269192913385,0.0,0.0,0.0
psi-int,transfer,validation,9,13,3.0,3.0,128,4.0703125,21.971395177165356,0.0,0.0,0.0
psi-int,transfer,validation,9,13,3.0,6.0,128,7.953125,21.604084645669293,0.0,0.0,0.0
psi-int,transfer,validation,9,13,4.0,-8.0,128,-3.5703125,18.98714320866142,0.0,0.0,0.0
psi-int,transfer,validation,9,13,4.0,-4.0,128,-4.3828125,16.316867618110237,0.0,0.0,0.0
psi-int,transfer,validation,9,13,4.0,4.0,128,6.1328125,22.226316437007874,0.0,0.0,0.0
psi-int,transfer,validation,9,13,4.0,8.0,128,11.09375,19.518700787401574,0.0,0.0,0.0
psi-int,transfer,validation,9,13,5.0,-10.0,128,-6.25,19.070866141732285,0.0,0.0,0.0
psi-int,transfer,validation,9,13,5.0,-5.0,128,-5.625,14.740157480314961,0.0,0.0,0.0
psi-int,transfer,validation,9,13,5.0,5.0,128,7.5078125,24.503875492125985,0.0,0.0,0.0
psi-int,transfer,validation,9,13,5.0,10.0,128,14.46875,20.07775590551181,0.0,0.0,0.0
psi-int,transfer,validation,9,13,6.0,-12.0,128,-8.671875,17.57652559055118,0.0,0.0,0.0
psi-int,transfer,validation,9,13,6.0,-6.0,128,-6.96875,16.739173228346456,0.0,0.0,0.0
psi-int,transfer,validation,9,13,6.0,6.0,128,8.390625,22.79109251968504,0.0,0.0,0.0
psi-int,transfer,validation,9,13,6.0,12.0,128,16.8203125,19.298166830708663,0.0,0.0,0.0
psi-int,transfer,validation,9,13,7.0,-14.0,128,-10.3828125,17.009781003937007,0.0,0.0,0.0
psi-int,transfer,validation,9,13,7.0,-7.0,128,-7.875,16.094488188976378,0.0,0.0,0.0
psi-int,transfer,validation,9,13,7.0,7.0,128,9.96875,22.943897637795274,0.0,0.0,0.0
psi-int,transfer,validation,9,13,7.0,14.0,128,19.9375,19.444881889763778,0.0,0.0,0.0
psi-int,transfer,validation,9,13,8.0,-16.0,128,-12.609375,20.239911417322833,0.0,0.0,0.0
psi-int,transfer,validation,9,13,8.0,-8.0,128,-8.9453125,16.17808809055118,0.0,0.0,0.0
psi-int,transfer,validation,9,13,8.0,8.0,128,11.59375,26.731299212598426,0.0,0.0,0.0
psi-int,transfer,validation,9,13,8.0,16.0,128,21.546875,18.7064468503937,0.0,0.0,0.0
psi-int,transfer,validation,9,13,9.0,-18.0,128,-14.734375,19.72416338582677,0.0,0.0,0.0
psi-int,transfer,validation,9,13,9.0,-9.0,128,-9.6484375,16.166769192913385,0.0,0.0,0.0
psi-int,transfer,validation,9,13,9.0,9.0,128,12.578125,25.04896653543307,0.0,0.0,0.0
psi-int,transfer,validation,9,13,9.0,18.0,128,24.3046875,18.811946358267715,0.0,0.0,0.0
psi-int,transfer,validation,9,13,10.0,-20.0,128,-16.7890625,17.663816437007874,0.0,0.0,0.0
psi-int,transfer,validation,9,13,10.0,-10.0,128,-10.9296875,15.924151082677165,0.0,0.0,0.0
psi-int,transfer,validation,9,13,10.0,10.0,128,13.4375,23.098425196850393,0.0,0.0,0.0
psi-int,transfer,validation,9,13,10.0,20.0,128,26.3984375,17.832123523622048,0.0,0.0,0.0
psi-int,transfer,validation,9,13,11.0,-22.0,128,-18.2265625,23.168737696850393,0.0,0.0,0.0
psi-int,transfer,validation,9,13,11.0,-11.0,128,-11.8125,18.043307086614174,0.0,0.0,0.0
psi-int,transfer,validation,9,13,11.0,11.0,128,14.609375,24.460383858267715,0.0,0.0,0.0
psi-int,transfer,validation,9,13,11.0,22.0,128,28.71875,22.046259842519685,0.0,0.0,0.0
psi-int,transfer,validation,9,13,12.0,-24.0,128,-20.4765625,21.432517224409448,0.0,0.0,0.0
psi-int,transfer,validation,9,13,12.0,-12.0,128,-13.171875,15.702509842519685,0.0,0.0,0.0
psi-int,transfer,validation,9,13,12.0,12.0,128,15.65625,24.369094488188978,0.0,0.0,0.0
psi-int,transfer,validation,9,13,12.0,24.0,128,30.546875,20.627706692913385,0.0,0.0,0.0
psi-int,transfer,validation,9,13,13.0,-26.0,128,-21.765625,17.67691929133858,0.0,0.0,0.0
psi-int,transfer,validation,9,13,13.0,-13.0,128,-13.8359375,15.413816437007874,0.0,0.0,0.0
psi-int,transfer,validation,9,13,13.0,13.0,128,16.46875,24.943897637795274,0.0,0.0,0.0
psi-int,transfer,validation,9,13,13.0,26.0,128,32.375,22.58267716535433,0.0,0.0,0.0
psi-int,transfer,validation,9,13,14.0,-28.0,128,-23.3984375,20.52503690944882,0.0,0.0,0.0
psi-int,transfer,validation,9,13,14.0,-14.0,128,-14.5859375,17.36263533464567,0.0,0.0,0.0
psi-int,transfer,validation,9,13,14.0,14.0,128,17.2734375,23.759288877952756,0.0,0.0,0.0
psi-int,transfer,validation,9,13,14.0,28.0,128,34.671875,24.442667322834644,0.0,0.0,0.0
psi-int,transfer,validation,9,13,15.0,-30.0,128,-24.75,20.976377952755904,0.0,0.0,0.0
psi-int,transfer,validation,9,13,15.0,-15.0,128,-16.03125,19.573818897637796,0.0,0.0,0.0
psi-int,transfer,validation,9,13,15.0,15.0,128,18.5625,25.14566929133858,0.0,0.0,0.0
psi-int,transfer,validation,9,13,15.0,30.0,128,36.0859375,22.378383366141733,0.0,0.0,0.0
psi-int,transfer,validation,9,13,16.0,-32.0,128,-26.6484375,19.993540846456693,0.0,0.0,0.0
psi-int,transfer,validation,9,13,16.0,-16.0,128,-16.546875,17.273375984251967,0.0,0.0,0.0
psi-int,transfer,validation,9,13,16.0,16.0,128,19.5546875,23.949741633858267,0.0,0.0,0.0
psi-int,transfer,validation,9,13,16.0,32.0,128,37.8828125,23.836552657480315,0.0,0.0,0.0
psi-int,transfer,validation,9,13,17.0,-34.0,128,-27.609375,18.775344488188978,0.0,0.0,0.0
psi-int,transfer,validation,9,13,17.0,-17.0,128,-17.4375,14.877952755905511,0.0,0.0,0.0
psi-int,transfer,validation,9,13,17.0,17.0,128,20.1015625,21.09984005905512,0.0,0.0,0.0
psi-int,transfer,validation,9,13,17.0,34.0,128,39.5859375,21.772084153543307,0.0,0.0,0.0
psi-int,transfer,validation,9,13,18.0,-36.0,128,-28.9453125,20.16234005905512,0.0,0.0,0.0
psi-int,transfer,validation,9,13,18.0,-18.0,128,-18.34375,17.943897637795274,0.0,0.0,0.0
psi-int,transfer,validation,9,13,18.0,18.0,128,20.75,22.330708661417322,0.0,0.0,0.0
psi-int,transfer,validation,9,13,18.0,36.0,128,41.40625,21.43996062992126,0.0,0.0,0.0
psi-int,transfer,validation,9,13,19.0,-38.0,128,-30.484375,16.66117125984252,0.0,0.0,0.0
psi-int,transfer,validation,9,13,19.0,-19.0,128,-18.6796875,18.628875492125985,0.0,0.0,0.0
psi-int,transfer,validation,9,13,19.0,19.0,128,21.59375,23.943897637795274,0.0,0.0,0.0
psi-int,transfer,validation,9,13,19.0,38.0,128,43.2421875,16.893639271653544,0.0,0.0,0.0
psi-int,transfer,validation,9,13,20.0,-40.0,128,-32.0703125,19.073757381889763,0.0,0.0,0.0
psi-int,transfer,validation,9,13,20.0,-20.0,128,-19.8984375,16.438422736220474,0.0,0.0,0.0
psi-int,transfer,validation,9,13,20.0,20.0,128,22.3671875,21.90348179133858,0.0,0.0,0.0
psi-int,transfer,validation,9,13,20.0,40.0,128,45.296875,17.312746062992126,0.0,0.0,0.0
psi-int,transfer,validation,9,13,21.0,-42.0,128,-33.8359375,19.0201156496063,0.0,0.0,0.0
psi-int,transfer,validation,9,13,21.0,-21.0,128,-20.9140625,15.3705093503937,0.0,0.0,0.0
psi-int,transfer,validation,9,13,21.0,21.0,128,23.1015625,22.910863681102363,0.0,0.0,0.0
psi-int,transfer,validation,9,13,21.0,42.0,128,46.8046875,19.811946358267715,0.0,0.0,0.0
psi-int,transfer,validation,9,13,22.0,-44.0,128,-35.625,18.64566929133858,0.0,0.0,0.0
psi-int,transfer,validation,9,13,22.0,-22.0,128,-21.4921875,18.598363681102363,0.0,0.0,0.0
psi-int,transfer,validation,9,13,22.0,22.0,128,23.8515625,20.804564468503937,0.0,0.0,0.0
psi-int,transfer,validation,9,13,22.0,44.0,128,48.703125,23.422982283464567,0.0,0.0,0.0
psi-int,transfer,validation,9,13,23.0,-46.0,128,-37.0234375,19.10968257874016,0.0,0.0,0.0
psi-int,transfer,validation,9,13,23.0,-23.0,128,-21.90625,17.613188976377952,0.0,0.0,0.0
psi-int,transfer,validation,9,13,23.0,23.0,128,24.859375,25.098179133858267,0.0,0.0,0.0
psi-int,transfer,validation,9,13,23.0,46.0,128,50.1875,23.75984251968504,0.0,0.0,0.0
psi-int,transfer,validation,9,13,24.0,-48.0,128,-38.078125,16.277312992125985,0.0,0.0,0.0
psi-int,transfer,validation,9,13,24.0,-24.0,128,-23.015625,17.999753937007874,0.0,0.0,0.0
psi-int,transfer,validation,9,13,24.0,24.0,128,25.890625,25.924950787401574,0.0,0.0,0.0
psi-int,transfer,validation,9,13,24.0,48.0,128,51.7265625,21.208107775590552,0.0,0.0,0.0
psi-int,transfer,validation,9,13,25.0,-50.0,128,-39.9296875,19.703678641732285,0.0,0.0,0.0
psi-int,transfer,validation,9,13,25.0,-25.0,128,-23.8984375,18.028973917322833,0.0,0.0,0.0
psi-int,transfer,validation,9,13,25.0,25.0,128,26.78125,25.400590551181104,0.0,0.0,0.0
psi-int,transfer,validation,9,13,25.0,50.0,128,53.9765625,22.684485728346456,0.0,0.0,0.0
psi-int,transfer,validation,9,13,26.0,-52.0,128,-41.15625,22.117125984251967,0.0,0.0,0.0
psi-int,transfer,validation,9,13,26.0,-26.0,128,-24.625,19.448818897637796,0.0,0.0,0.0
psi-int,transfer,validation,9,13,26.0,26.0,128,27.6484375,23.93054872047244,0.0,0.0,0.0
psi-int,transfer,validation,9,13,26.0,52.0,128,55.90625,21.628937007874015,0.0,0.0,0.0
psi-int,transfer,validation,9,13,27.0,-54.0,128,-43.109375,17.84621062992126,0.0,0.0,0.0
psi-int,transfer,validation,9,13,27.0,-27.0,128,-25.7109375,18.333107775590552,0.0,0.0,0.0
psi-int,transfer,validation,9,13,27.0,27.0,128,28.6875,24.311023622047244,0.0,0.0,0.0
psi-int,transfer,validation,9,13,27.0,54.0,128,57.7734375,22.019131397637796,0.0,0.0,0.0
psi-int,transfer,validation,9,13,28.0,-56.0,128,-44.59375,17.77066929133858,0.0,0.0,0.0
psi-int,transfer,validation,9,13,28.0,-28.0,128,-25.9609375,15.612635334645669,0.0,0.0,0.0
psi-int,transfer,validation,9,13,28.0,28.0,128,29.28125,22.109251968503937,0.0,0.0,0.0
psi-int,transfer,validation,9,13,28.0,56.0,128,59.1015625,23.00535187007874,0.0,0.0,0.0
psi-int,transfer,validation,9,13,29.0,-58.0,128,-46.140625,19.90132874015748,0.0,0.0,0.0
psi-int,transfer,validation,9,13,29.0,-29.0,128,-26.96875,16.361220472440944,0.0,0.0,0.0
psi-int,transfer,validation,9,13,29.0,29.0,128,30.5234375,23.778973917322833,0.0,0.0,0.0
psi-int,transfer,validation,9,13,29.0,58.0,128,60.9375,22.54724409448819,0.0,0.0,0.0
psi-int,transfer,validation,9,13,30.0,-60.0,128,-47.6015625,16.036847933070867,0.0,0.0,0.0
psi-int,transfer,validation,9,13,30.0,-30.0,128,-27.625,16.283464566929133,0.0,0.0,0.0
psi-int,transfer,validation,9,13,30.0,30.0,128,31.4765625,22.48763533464567,0.0,0.0,0.0
psi-int,transfer,validation,9,13,30.0,60.0,128,62.671875,21.608021653543307,0.0,0.0,0.0
psi-int,transfer,validation,9,13,31.0,-62.0,128,-49.109375,17.42101377952756,0.0,0.0,0.0
psi-int,transfer,validation,9,13,31.0,-31.0,128,-28.609375,14.539124015748031,0.0,0.0,0.0
psi-int,transfer,validation,9,13,31.0,31.0,128,32.3046875,23.221395177165356,0.0,0.0,0.0
psi-int,transfer,validation,9,13,31.0,62.0,128,64.6953125,20.245017224409448,0.0,0.0,0.0
psi-int,transfer,validation,10,57,0.0,-0.0,128,-0.1328125,1.1869463582677164,0.0,0.0,0.0
psi-int,transfer,validation,10,57,0.0,-0.0,128,-0.1640625,1.1775959645669292,0.0,0.0,0.0
psi-int,transfer,validation,10,57,0.0,0.0,128,-0.1796875,1.0147022637795275,0.0,0.0,0.0
psi-int,transfer,validation,10,57,0.0,0.0,128,-0.109375,1.0115649606299213,0.0,0.0,0.0
psi-int,transfer,validation,10,57,1.0,-2.0,128,2.96875,17.306102362204726,0.0,0.0,0.0
psi-int,transfer,validation,10,57,1.0,-1.0,128,3.2890625,17.939406988188978,0.0,0.0,0.0
psi-int,transfer,validation,10,57,1.0,1.0,128,4.359375,21.239911417322833,0.0,0.0,0.0
psi-int,transfer,validation,10,57,1.0,2.0,128,3.6875,14.893700787401574,0.0,0.0,0.0
psi-int,transfer,validation,10,57,2.0,-4.0,128,2.9296875,17.82966289370079,0.0,0.0,0.0
psi-int,transfer,validation,10,57,2.0,-2.0,128,3.09375,17.613188976377952,0.0,0.0,0.0
psi-int,transfer,validation,10,57,2.0,2.0,128,4.5703125,20.042261318897637,0.0,0.0,0.0
psi-int,transfer,validation,10,57,2.0,4.0,128,3.3203125,17.02257627952756,0.0,0.0,0.0
psi-int,transfer,validation,10,57,3.0,-6.0,128,-2.8515625,19.906926673228348,0.0,0.0,0.0
psi-int,transfer,validation,10,57,3.0,-3.0,128,-2.078125,21.600147637795274,0.0,0.0,0.0
psi-int,transfer,validation,10,57,3.0,3.0,128,3.3203125,20.770607775590552,0.0,0.0,0.0
psi-int,transfer,validation,10,57,3.0,6.0,128,4.8828125,19.663324311023622,0.0,0.0,0.0
psi-int,transfer,validation,10,57,4.0,-8.0,128,-5.7109375,21.79767470472441,0.0,0.0,0.0
psi-int,transfer,validation,10,57,4.0,-4.0,128,-0.265625,16.369832677165356,0.0,0.0,0.0
psi-int,transfer,validation,10,57,4.0,4.0,128,11.765625,20.936761811023622,0.0,0.0,0.0
psi-int,transfer,validation,10,57,4.0,8.0,128,16.4296875,17.538324311023622,0.0,0.0,0.0
psi-int,transfer,validation,10,57,5.0,-10.0,128,-8.6953125,20.339505413385826,0.0,0.0,0.0
psi-int,transfer,validation,10,57,5.0,-5.0,128,-1.84375,14.762795275590552,0.0,0.0,0.0
psi-int,transfer,validation,10,57,5.0,5.0,128,13.203125,16.556840551181104,0.0,0.0,0.0
psi-int,transfer,validation,10,57,5.0,10.0,128,20.359375,21.098179133858267,0.0,0.0,0.0
psi-int,transfer,validation,10,57,6.0,-12.0,128,-11.265625,17.72416338582677,0.0,0.0,0.0
psi-int,transfer,validation,10,57,6.0,-6.0,128,-2.8046875,14.835568405511811,0.0,0.0,0.0
psi-int,transfer,validation,10,57,6.0,6.0,128,14.59375,21.471456692913385,0.0,0.0,0.0
psi-int,transfer,validation,10,57,6.0,12.0,128,23.6796875,18.361158956692915,0.0,0.0,0.0
psi-int,transfer,validation,10,57,7.0,-14.0,128,-13.46875,19.85728346456693,0.0,0.0,0.0
psi-int,transfer,validation,10,57,7.0,-7.0,128,-3.765625,17.283218503937007,0.0,0.0,0.0
psi-int,transfer,validation,10,57,7.0,7.0,128,16.1171875,22.104269192913385,0.0,0.0,0.0
psi-int,transfer,validation,10,57,7.0,14.0,128,26.484375,21.039124015748033,0.0,0.0,0.0
psi-int,transfer,validation,10,57,8.0,-16.0,128,-15.9609375,16.321296751968504,0.0,0.0,0.0
psi-int,transfer,validation,10,57,8.0,-8.0,128,-5.4375,15.003937007874017,0.0,0.0,0.0
psi-int,transfer,validation,10,57,8.0,8.0,128,17.640625,22.720226377952756,0.0,0.0,0.0
psi-int,transfer,validation,10,57,8.0,16.0,128,28.828125,18.867864173228348,0.0,0.0,0.0
psi-int,transfer,validation,10,57,9.0,-18.0,128,-17.6875,16.437007874015748,0.0,0.0,0.0
psi-int,transfer,validation,10,57,9.0,-9.0,128,-5.859375,14.830462598425196,0.0,0.0,0.0
psi-int,transfer,validation,10,57,9.0,9.0,128,18.578125,22.04109251968504,0.0,0.0,0.0
psi-int,transfer,validation,10,57,9.0,18.0,128,32.0625,20.736220472440944,0.0,0.0,0.0
psi-int,transfer,validation,10,57,10.0,-20.0,128,-19.734375,17.8816437007874,0.0,0.0,0.0
psi-int,transfer,validation,10,57,10.0,-10.0,128,-6.3203125,16.061946358267715,0.0,0.0,0.0
psi-int,transfer,validation,10,57,10.0,10.0,128,20.125,20.551181102362204,0.0,0.0,0.0
psi-int,transfer,validation,10,57,10.0,20.0,128,33.7734375,20.003383366141733,0.0,0.0,0.0
psi-int,transfer,validation,10,57,11.0,-22.0,128,-21.546875,17.80880905511811,0.0,0.0,0.0
psi-int,transfer,validation,10,57,11.0,-11.0,128,-8.0625,13.618110236220472,0.0,0.0,0.0
psi-int,transfer,validation,10,57,11.0,11.0,128,21.0546875,22.776513287401574,0.0,0.0,0.0
psi-int,transfer,validation,10,57,11.0,22.0,128,36.0234375,18.432517224409448,0.0,0.0,0.0
psi-int,transfer,validation,10,57,12.0,-24.0,128,-24.0703125,15.719426673228346,0.0,0.0,0.0
psi-int,transfer,validation,10,57,12.0,-12.0,128,-8.6953125,14.449741633858268,0.0,0.0,0.0
psi-int,transfer,validation,10,57,12.0,12.0,128,21.5,18.503937007874015,0.0,0.0,0.0
psi-int,transfer,validation,10,57,12.0,24.0,128,38.40625,20.936023622047244,0.0,0.0,0.0
psi-int,transfer,validation,10,57,13.0,-26.0,128,-25.046875,16.045029527559056,0.0,0.0,0.0
psi-int,transfer,validation,10,57,13.0,-13.0,128,-9.4453125,18.18596210629921,0.0,0.0,0.0
psi-int,transfer,validation,10,57,13.0,13.0,128,22.4765625,24.6451156496063,0.0,0.0,0.0
psi-int,transfer,validation,10,57,13.0,26.0,128,40.4765625,20.093934547244096,0.0,0.0,0.0
psi-int,transfer,validation,10,57,14.0,-28.0,128,-27.1875,19.555118110236222,0.0,0.0,0.0
psi-int,transfer,validation,10,57,14.0,-14.0,128,-10.4921875,14.031434547244094,0.0,0.0,0.0
psi-int,transfer,validation,10,57,14.0,14.0,128,23.890625,24.649360236220474,0.0,0.0,0.0
psi-int,transfer,validation,10,57,14.0,28.0,128,42.6171875,19.623954232283463,0.0,0.0,0.0
psi-int,transfer,validation,10,57,15.0,-30.0,128,-28.6328125,18.045214074803148,0.0,0.0,0.0
psi-int,transfer,validation,10,57,15.0,-15.0,128,-11.1875,14.877952755905511,0.0,0.0,0.0
psi-int,transfer,validation,10,57,15.0,15.0,128,25.03125,25.778543307086615,0.0,0.0,0.0
psi-int,transfer,validation,10,57,15.0,30.0,128,45.0078125,17.85033218503937,0.0,0.0,0.0
psi-int,transfer,validation,10,57,16.0,-32.0,128,-30.75,17.984251968503937,0.0,0.0,0.0
psi-int,transfer,validation,10,57,16.0,-16.0,128,-12.28125,13.983267716535433,0.0,0.0,0.0
psi-int,transfer,validation,10,57,16.0,16.0,128,26.0703125,19.624938484251967,0.0,0.0,0.0
psi-int,transfer,validation,10,57,16.0,32.0,128,47.2421875,19.523560531496063,0.0,0.0,0.0
psi-int,transfer,validation,10,57,17.0,-34.0,128,-32.4140625,20.16578494094488,0.0,0.0,0.0
psi-int,transfer,validation,10,57,17.0,-17.0,128,-12.9765625,15.01519438976378,0.0,0.0,0.0
psi-int,transfer,validation,10,57,17.0,17.0,128,25.9375,19.3503937007874,0.0,0.0,0.0
psi-int,transfer,validation,10,57,17.0,34.0,128,48.8671875,22.966473917322833,0.0,0.0,0.0
psi-int,transfer,validation,10,57,18.0,-36.0,128,-33.4921875,15.385765255905511,0.0,0.0,0.0
psi-int,transfer,validation,10,57,18.0,-18.0,128,-13.4375,17.728346456692915,0.0,0.0,0.0
psi-int,transfer,validation,10,57,18.0,18.0,128,27.3671875,22.123954232283463,0.0,0.0,0.0
psi-int,transfer,validation,10,57,18.0,36.0,128,51.34375,16.936023622047244,0.0,0.0,0.0
psi-int,transfer,validation,10,57,19.0,-38.0,128,-35.3046875,14.119032972440944,0.0,0.0,0.0
psi-int,transfer,validation,10,57,19.0,-19.0,128,-14.3046875,18.607221948818896,0.0,0.0,0.0
psi-int,transfer,validation,10,57,19.0,19.0,128,28.34375,22.668307086614174,0.0,0.0,0.0
psi-int,transfer,validation,10,57,19.0,38.0,128,52.7109375,17.089013287401574,0.0,0.0,0.0
psi-int,transfer,validation,10,57,20.0,-40.0,128,-36.5859375,18.354761318897637,0.0,0.0,0.0
psi-int,transfer,validation,10,57,20.0,-20.0,128,-15.015625,18.913139763779526,0.0,0.0,0.0
psi-int,transfer,validation,10,57,20.0,20.0,128,28.828125,25.51353346456693,0.0,0.0,0.0
psi-int,transfer,validation,10,57,20.0,40.0,128,54.5,15.653543307086615,0.0,0.0,0.0
psi-int,transfer,validation,10,57,21.0,-42.0,128,-38.3046875,16.339505413385826,0.0,0.0,0.0
psi-int,transfer,validation,10,57,21.0,-21.0,128,-15.875,16.566929133858267,0.0,0.0,0.0
psi-int,transfer,validation,10,57,21.0,21.0,128,30.15625,24.243110236220474,0.0,0.0,0.0
psi-int,transfer,validation,10,57,21.0,42.0,128,56.1328125,16.63576525590551,0.0,0.0,0.0
psi-int,transfer,validation,10,57,22.0,-44.0,128,-39.90625,15.062007874015748,0.0,0.0,0.0
psi-int,transfer,validation,10,57,22.0,-22.0,128,-17.0390625,15.7701156496063,0.0,0.0,0.0
psi-int,transfer,validation,10,57,22.0,22.0,128,31.09375,23.991141732283463,0.0,0.0,0.0
psi-int,transfer,validation,10,57,22.0,44.0,128,58.2734375,18.027005413385826,0.0,0.0,0.0
psi-int,transfer,validation,10,57,23.0,-46.0,128,-41.6796875,16.59737942913386,0.0,0.0,0.0
psi-int,transfer,validation,10,57,23.0,-23.0,128,-17.6875,15.759842519685039,0.0,0.0,0.0
psi-int,transfer,validation,10,57,23.0,23.0,128,31.78125,24.644685039370078,0.0,0.0,0.0
psi-int,transfer,validation,10,57,23.0,46.0,128,59.7421875,17.121985728346456,0.0,0.0,0.0
psi-int,transfer,validation,10,57,24.0,-48.0,128,-42.765625,15.834399606299213,0.0,0.0,0.0
psi-int,transfer,validation,10,57,24.0,-24.0,128,-18.3671875,15.588521161417322,0.0,0.0,0.0
psi-int,transfer,validation,10,57,24.0,24.0,128,32.921875,21.946604330708663,0.0,0.0,0.0
psi-int,transfer,validation,10,57,24.0,48.0,128,62.015625,17.480068897637796,0.0,0.0,0.0
psi-int,transfer,validation,10,57,25.0,-50.0,128,-44.875,13.921259842519685,0.0,0.0,0.0
psi-int,transfer,validation,10,57,25.0,-25.0,128,-19.1875,16.12204724409449,0.0,0.0,0.0
psi-int,transfer,validation,10,57,25.0,25.0,128,34.265625,23.50369094488189,0.0,0.0,0.0
psi-int,transfer,validation,10,57,25.0,50.0,128,64.75,15.086614173228346,0.0,0.0,0.0
psi-int,transfer,validation,10,57,26.0,-52.0,128,-46.5078125,15.370017224409448,0.0,0.0,0.0
psi-int,transfer,validation,10,57,26.0,-26.0,128,-20.28125,15.936023622047244,0.0,0.0,0.0
psi-int,transfer,validation,10,57,26.0,26.0,128,35.015625,24.960383858267715,0.0,0.0,0.0
psi-int,transfer,validation,10,57,26.0,52.0,128,66.6171875,15.938914862204724,0.0,0.0,0.0
psi-int,transfer,validation,10,57,27.0,-54.0,128,-48.1015625,15.241572342519685,0.0,0.0,0.0
psi-int,transfer,validation,10,57,27.0,-27.0,128,-21.265625,15.094242125984252,0.0,0.0,0.0
psi-int,transfer,validation,10,57,27.0,27.0,128,35.7421875,20.77552903543307,0.0,0.0,0.0
psi-int,transfer,validation,10,57,27.0,54.0,128,68.328125,17.08833661417323,0.0,0.0,0.0
psi-int,transfer,validation,10,57,28.0,-56.0,128,-49.96875,15.384842519685039,0.0,0.0,0.0
psi-int,transfer,validation,10,57,28.0,-28.0,128,-21.671875,16.41117125984252,0.0,0.0,0.0
psi-int,transfer,validation,10,57,28.0,28.0,128,36.6796875,22.786355807086615,0.0,0.0,0.0
psi-int,transfer,validation,10,57,28.0,56.0,128,70.640625,16.64148622047244,0.0,0.0,0.0
psi-int,transfer,validation,10,57,29.0,-58.0,128,-50.9453125,14.430056594488189,0.0,0.0,0.0
psi-int,transfer,validation,10,57,29.0,-29.0,128,-22.640625,15.20841535433071,0.0,0.0,0.0
psi-int,transfer,validation,10,57,29.0,29.0,128,37.5078125,20.834584153543307,0.0,0.0,0.0
psi-int,transfer,validation,10,57,29.0,58.0,128,72.3203125,16.077694389763778,0.0,0.0,0.0
psi-int,transfer,validation,10,57,30.0,-60.0,128,-52.7734375,19.20023375984252,0.0,0.0,0.0
psi-int,transfer,validation,10,57,30.0,-30.0,128,-23.0078125,15.251906988188976,0.0,0.0,0.0
psi-int,transfer,validation,10,57,30.0,30.0,128,39.0859375,21.968934547244096,0.0,0.0,0.0
psi-int,transfer,validation,10,57,30.0,60.0,128,74.171875,14.710383858267717,0.0,0.0,0.0
psi-int,transfer,validation,10,57,31.0,-62.0,128,-54.203125,17.28125,0.0,0.0,0.0
psi-int,transfer,validation,10,57,31.0,-31.0,128,-24.2890625,18.06539124015748,0.0,0.0,0.0
psi-int,transfer,validation,10,57,31.0,31.0,128,40.0078125,26.11804872047244,0.0,0.0,0.0
psi-int,transfer,validation,10,57,31.0,62.0,128,76.7578125,15.854269192913385,0.0,0.0,0.0
psi-int,transfer,validation,11,41,0.0,-0.0,128,-0.203125,1.060777559055118,0.0,0.0,0.0
psi-int,transfer,validation,11,41,0.0,-0.0,128,-0.2421875,0.9566313976377953,0.0,0.0,0.0
psi-int,transfer,validation,11,41,0.0,0.0,128,-0.171875,1.1828248031496063,0.0,0.0,0.0
psi-int,transfer,validation,11,41,0.0,0.0,128,-0.296875,1.328494094488189,0.0,0.0,0.0
psi-int,transfer,validation,11,41,1.0,-2.0,128,5.828125,25.655265748031496,0.0,0.0,0.0
psi-int,transfer,validation,11,41,1.0,-1.0,128,9.7421875,21.15348179133858,0.0,0.0,0.0
psi-int,transfer,validation,11,41,1.0,1.0,128,11.171875,18.15920275590551,0.0,0.0,0.0
psi-int,transfer,validation,11,41,1.0,2.0,128,11.9453125,25.784387303149607,0.0,0.0,0.0
psi-int,transfer,validation,11,41,2.0,-4.0,128,5.8984375,21.241572342519685,0.0,0.0,0.0
psi-int,transfer,validation,11,41,2.0,-2.0,128,9.859375,20.452509842519685,0.0,0.0,0.0
psi-int,transfer,validation,11,41,2.0,2.0,128,11.5390625,17.809485728346456,0.0,0.0,0.0
psi-int,transfer,validation,11,41,2.0,4.0,128,12.046875,24.674950787401574,0.0,0.0,0.0
psi-int,transfer,validation,11,41,3.0,-6.0,128,1.765625,24.92101377952756,0.0,0.0,0.0
psi-int,transfer,validation,11,41,3.0,-3.0,128,9.1328125,23.911355807086615,0.0,0.0,0.0
psi-int,transfer,validation,11,41,3.0,3.0,128,15.5703125,17.94777312992126,0.0,0.0,0.0
psi-int,transfer,validation,11,41,3.0,6.0,128,18.6328125,27.95072588582677,0.0,0.0,0.0
psi-int,transfer,validation,11,41,4.0,-8.0,128,-3.203125,21.359990157480315,0.0,0.0,0.0
psi-int,transfer,validation,11,41,4.0,-4.0,128,7.2578125,17.20072588582677,0.0,0.0,0.0
psi-int,transfer,validation,11,41,4.0,4.0,128,19.2265625,21.814406988188978,0.0,0.0,0.0
psi-int,transfer,validation,11,41,4.0,8.0,128,25.2421875,21.586552657480315,0.0,0.0,0.0
psi-int,transfer,validation,11,41,5.0,-10.0,128,-5.921875,22.167076771653544,0.0,0.0,0.0
psi-int,transfer,validation,11,41,5.0,-5.0,128,6.328125,18.74187992125984,0.0,0.0,0.0
psi-int,transfer,validation,11,41,5.0,5.0,128,20.46875,21.101377952755904,0.0,0.0,0.0
psi-int,transfer,validation,11,41,5.0,10.0,128,28.421875,26.40329724409449,0.0,0.0,0.0
psi-int,transfer,validation,11,41,6.0,-12.0,128,-9.1015625,20.800627460629922,0.0,0.0,0.0
psi-int,transfer,validation,11,41,6.0,-6.0,128,4.6953125,20.764702263779526,0.0,0.0,0.0
psi-int,transfer,validation,11,41,6.0,6.0,128,21.90625,22.38484251968504,0.0,0.0,0.0
psi-int,transfer,validation,11,41,6.0,12.0,128,31.0703125,25.845410925196852,0.0,0.0,0.0
psi-int,transfer,validation,11,41,7.0,-14.0,128,-11.1328125,22.824741633858267,0.0,0.0,0.0
psi-int,transfer,validation,11,41,7.0,-7.0,128,3.4609375,21.951218011811022,0.0,0.0,0.0
psi-int,transfer,validation,11,41,7.0,7.0,128,23.09375,23.849409448818896,0.0,0.0,0.0
psi-int,transfer,validation,11,41,7.0,14.0,128,33.8046875,28.914308562992126,0.0,0.0,0.0
psi-int,transfer,validation,11,41,8.0,-16.0,128,-14.046875,22.155265748031496,0.0,0.0,0.0
psi-int,transfer,validation,11,41,8.0,-8.0,128,2.421875,20.875738188976378,0.0,0.0,0.0
psi-int,transfer,validation,11,41,8.0,8.0,128,24.234375,24.511564960629922,0.0,0.0,0.0
psi-int,transfer,validation,11,41,8.0,16.0,128,35.5390625,26.754367618110237,0.0,0.0,0.0
psi-int,transfer,validation,11,41,9.0,-18.0,128,-16.1640625,21.035863681102363,0.0,0.0,0.0
psi-int,transfer,validation,11,41,9.0,-9.0,128,1.6640625,23.720903051181104,0.0,0.0,0.0
psi-int,transfer,validation,11,41,9.0,9.0,128,25.296875,23.91117125984252,0.0,0.0,0.0
psi-int,transfer,validation,11,41,9.0,18.0,128,37.546875,22.958415354330707,0.0,0.0,0.0
psi-int,transfer,validation,11,41,10.0,-20.0,128,-17.9609375,19.313422736220474,0.0,0.0,0.0
psi-int,transfer,validation,11,41,10.0,-10.0,128,0.78125,17.400590551181104,0.0,0.0,0.0
psi-int,transfer,validation,11,41,10.0,10.0,128,26.3359375,20.587044783464567,0.0,0.0,0.0
psi-int,transfer,validation,11,41,10.0,20.0,128,40.1171875,26.371985728346456,0.0,0.0,0.0
psi-int,transfer,validation,11,41,11.0,-22.0,128,-20.359375,22.405265748031496,0.0,0.0,0.0
psi-int,transfer,validation,11,41,11.0,-11.0,128,-0.0625,18.153543307086615,0.0,0.0,0.0
psi-int,transfer,validation,11,41,11.0,11.0,128,27.328125,23.04109251968504,0.0,0.0,0.0
psi-int,transfer,validation,11,41,11.0,22.0,128,41.890625,24.3816437007874,0.0,0.0,0.0
psi-int,transfer,validation,11,41,12.0,-24.0,128,-22.3203125,21.967458169291337,0.0,0.0,0.0
psi-int,transfer,validation,11,41,12.0,-12.0,128,-1.234375,18.196604330708663,0.0,0.0,0.0
psi-int,transfer,validation,11,41,12.0,12.0,128,27.6796875,27.18005659448819,0.0,0.0,0.0
psi-int,transfer,validation,11,41,12.0,24.0,128,43.8984375,24.564406988188978,0.0,0.0,0.0
psi-int,transfer,validation,11,41,13.0,-26.0,128,-24.140625,21.932824803149607,0.0,0.0,0.0
psi-int,transfer,validation,11,41,13.0,-13.0,128,-1.640625,20.79896653543307,0.0,0.0,0.0
psi-int,transfer,validation,11,41,13.0,13.0,128,28.328125,23.119832677165356,0.0,0.0,0.0
psi-int,transfer,validation,11,41,13.0,26.0,128,45.65625,25.613188976377952,0.0,0.0,0.0
psi-int,transfer,validation,11,41,14.0,-28.0,128,-26.1015625,24.01322588582677,0.0,0.0,0.0
psi-int,transfer,validation,11,41,14.0,-14.0,128,-3.015625,20.4564468503937,0.0,0.0,0.0
psi-int,transfer,validation,11,41,14.0,14.0,128,29.34375,21.376968503937007,0.0,0.0,0.0
psi-int,transfer,validation,11,41,14.0,28.0,128,47.7578125,25.77552903543307,0.0,0.0,0.0
psi-int,transfer,validation,11,41,15.0,-30.0,128,-27.9140625,23.496493602362204,0.0,0.0,0.0
psi-int,transfer,validation,11,41,15.0,-15.0,128,-4.046875,17.08439960629921,0.0,0.0,0.0
psi-int,transfer,validation,11,41,15.0,15.0,128,30.234375,23.472194881889763,0.0,0.0,0.0
psi-int,transfer,validation,11,41,15.0,30.0,128,49.796875,23.045029527559056,0.0,0.0,0.0
psi-int,transfer,validation,11,41,16.0,-32.0,128,-29.640625,22.75172244094488,0.0,0.0,0.0
psi-int,transfer,validation,11,41,16.0,-16.0,128,-5.1875,20.043307086614174,0.0,0.0,0.0
psi-int,transfer,validation,11,41,16.0,16.0,128,30.921875,23.442667322834644,0.0,0.0,0.0
psi-int,transfer,validation,11,41,16.0,32.0,128,51.4140625,22.653973917322833,0.0,0.0,0.0
psi-int,transfer,validation,11,41,17.0,-34.0,128,-31.140625,24.405265748031496,0.0,0.0,0.0
psi-int,transfer,validation,11,41,17.0,-17.0,128,-5.78125,18.644685039370078,0.0,0.0,0.0
psi-int,transfer,validation,11,41,17.0,17.0,128,31.859375,22.68873031496063,0.0,0.0,0.0
psi-int,transfer,validation,11,41,17.0,34.0,128,52.4375,23.39763779527559,0.0,0.0,0.0
psi-int,transfer,validation,11,41,18.0,-36.0,128,-32.59375,21.849409448818896,0.0,0.0,0.0
psi-int,transfer,validation,11,41,18.0,-18.0,128,-6.890625,20.602116141732285,0.0,0.0,0.0
psi-int,transfer,validation,11,41,18.0,18.0,128,31.984375,22.172982283464567,0.0,0.0,0.0
psi-int,transfer,validation,11,41,18.0,36.0,128,54.5234375,22.046690452755904,0.0,0.0,0.0
psi-int,transfer,validation,11,41,19.0,-38.0,128,-34.390625,22.94857283464567,0.0,0.0,0.0
psi-int,transfer,validation,11,41,19.0,-19.0,128,-7.25,18.992125984251967,0.0,0.0,0.0
psi-int,transfer,validation,11,41,19.0,19.0,128,33.125,27.165354330708663,0.0,0.0,0.0
psi-int,transfer,validation,11,41,19.0,38.0,128,56.0625,24.688976377952756,0.0,0.0,0.0
psi-int,transfer,validation,11,41,20.0,-40.0,128,-36.25,21.73228346456693,0.0,0.0,0.0
psi-int,transfer,validation,11,41,20.0,-20.0,128,-8.3984375,22.572281003937007,0.0,0.0,0.0
psi-int,transfer,validation,11,41,20.0,20.0,128,34.046875,25.257627952755904,0.0,0.0,0.0
psi-int,transfer,validation,11,41,20.0,40.0,128,58.3359375,29.13822588582677,0.0,0.0,0.0
psi-int,transfer,validation,11,41,21.0,-42.0,128,-37.9765625,22.007320374015748,0.0,0.0,0.0
psi-int,transfer,validation,11,41,21.0,-21.0,128,-9.265625,18.07062007874016,0.0,0.0,0.0
psi-int,transfer,validation,11,41,21.0,21.0,128,34.8203125,26.746985728346456,0.0,0.0,0.0
psi-int,transfer,validation,11,41,21.0,42.0,128,59.5390625,25.163816437007874,0.0,0.0,0.0
psi-int,transfer,validation,11,41,22.0,-44.0,128,-40.0859375,25.15003690944882,0.0,0.0,0.0
psi-int,transfer,validation,11,41,22.0,-22.0,128,-9.7578125,16.625922736220474,0.0,0.0,0.0
psi-int,transfer,validation,11,41,22.0,22.0,128,35.703125,24.934793307086615,0.0,0.0,0.0
psi-int,transfer,validation,11,41,22.0,44.0,128,61.40625,26.211614173228348,0.0,0.0,0.0
psi-int,transfer,validation,11,41,23.0,-46.0,128,-41.5625,23.381889763779526,0.0,0.0,0.0
psi-int,transfer,validation,11,41,23.0,-23.0,128,-10.5625,18.090551181102363,0.0,0.0,0.0
psi-int,transfer,validation,11,41,23.0,23.0,128,35.9765625,27.282910925196852,0.0,0.0,0.0
psi-int,transfer,validation,11,41,23.0,46.0,128,63.1171875,27.521592027559056,0.0,0.0,0.0
psi-int,transfer,validation,11,41,24.0,-48.0,128,-43.515625,20.472194881889763,0.0,0.0,0.0
psi-int,transfer,validation,11,41,24.0,-24.0,128,-11.8125,20.02755905511811,0.0,0.0,0.0
psi-int,transfer,validation,11,41,24.0,24.0,128,36.9140625,22.709092027559056,0.0,0.0,0.0
psi-int,transfer,validation,11,41,24.0,48.0,128,64.8828125,24.434977854330707,0.0,0.0,0.0
psi-int,transfer,validation,11,41,25.0,-50.0,128,-45.2109375,25.018147145669293,0.0,0.0,0.0
psi-int,transfer,validation,11,41,25.0,-25.0,128,-12.4921875,15.936946358267717,0.0,0.0,0.0
psi-int,transfer,validation,11,41,25.0,25.0,128,37.9140625,27.386257381889763,0.0,0.0,0.0
psi-int,transfer,validation,11,41,25.0,50.0,128,66.5546875,26.091473917322833,0.0,0.0,0.0
psi-int,transfer,validation,11,41,26.0,-52.0,128,-47.234375,20.117864173228348,0.0,0.0,0.0
psi-int,transfer,validation,11,41,26.0,-26.0,128,-13.0234375,14.464013287401574,0.0,0.0,0.0
psi-int,transfer,validation,11,41,26.0,26.0,128,38.7890625,24.23074557086614,0.0,0.0,0.0
psi-int,transfer,validation,11,41,26.0,52.0,128,69.0,27.007874015748033,0.0,0.0,0.0
psi-int,transfer,validation,11,41,27.0,-54.0,128,-48.6328125,22.265686515748033,0.0,0.0,0.0
psi-int,transfer,validation,11,41,27.0,-27.0,128,-14.1328125,19.123954232283463,0.0,0.0,0.0
psi-int,transfer,validation,11,41,27.0,27.0,128,39.140625,27.507627952755904,0.0,0.0,0.0
psi-int,transfer,validation,11,41,27.0,54.0,128,70.484375,28.157234251968504,0.0,0.0,0.0
psi-int,transfer,validation,11,41,28.0,-56.0,128,-50.5546875,22.059977854330707,0.0,0.0,0.0
psi-int,transfer,validation,11,41,28.0,-28.0,128,-14.9765625,18.29078494094488,0.0,0.0,0.0
psi-int,transfer,validation,11,41,28.0,28.0,128,40.09375,22.32185039370079,0.0,0.0,0.0
psi-int,transfer,validation,11,41,28.0,56.0,128,71.859375,24.609990157480315,0.0,0.0,0.0
psi-int,transfer,validation,11,41,29.0,-58.0,128,-51.9453125,20.996985728346456,0.0,0.0,0.0
psi-int,transfer,validation,11,41,29.0,-29.0,128,-15.5859375,17.000430610236222,0.0,0.0,0.0
psi-int,transfer,validation,11,41,29.0,29.0,128,40.921875,23.00172244094488,0.0,0.0,0.0
psi-int,transfer,validation,11,41,29.0,58.0,128,73.296875,25.470226377952756,0.0,0.0,0.0
psi-int,transfer,validation,11,41,30.0,-60.0,128,-53.671875,19.56077755905512,0.0,0.0,0.0
psi-int,transfer,validation,11,41,30.0,-30.0,128,-16.578125,17.647391732283463,0.0,0.0,0.0
psi-int,transfer,validation,11,41,30.0,30.0,128,41.7734375,26.066375492125985,0.0,0.0,0.0
psi-int,transfer,validation,11,41,30.0,60.0,128,75.53125,26.109251968503937,0.0,0.0,0.0
psi-int,transfer,validation,11,41,31.0,-62.0,128,-55.4140625,19.9453125,0.0,0.0,0.0
psi-int,transfer,validation,11,41,31.0,-31.0,128,-17.5859375,18.716966043307085,0.0,0.0,0.0
psi-int,transfer,validation,11,41,31.0,31.0,128,42.6953125,23.756828248031496,0.0,0.0,0.0
psi-int,transfer,validation,11,41,31.0,62.0,128,76.953125,28.344242125984252,0.0,0.0,0.0
psi-int,transfer,validation,12,51,0.0,-0.0,128,-0.1953125,1.087536909448819,0.0,0.0,0.0
psi-int,transfer,validation,12,51,0.0,-0.0,128,-0.2109375,0.8291707677165354,0.0,0.0,0.0
psi-int,transfer,validation,12,51,0.0,0.0,128,-0.2890625,1.2307455708661417,0.0,0.0,0.0
psi-int,transfer,validation,12,51,0.0,0.0,128,-0.421875,1.1749507874015748,0.0,0.0,0.0
psi-int,transfer,validation,12,51,1.0,-2.0,128,7.9609375,26.384288877952756,0.0,0.0,0.0
psi-int,transfer,validation,12,51,1.0,-1.0,128,10.6015625,28.58802903543307,0.0,0.0,0.0
psi-int,transfer,validation,12,51,1.0,1.0,128,5.7265625,36.49944635826772,0.0,0.0,0.0
psi-int,transfer,validation,12,51,1.0,2.0,128,7.640625,22.861958661417322,0.0,0.0,0.0
psi-int,transfer,validation,12,51,2.0,-4.0,128,7.59375,26.08562992125984,0.0,0.0,0.0
psi-int,transfer,validation,12,51,2.0,-2.0,128,10.2578125,29.04324557086614,0.0,0.0,0.0
psi-int,transfer,validation,12,51,2.0,2.0,128,5.984375,27.82652559055118,0.0,0.0,0.0
psi-int,transfer,validation,12,51,2.0,4.0,128,7.96875,21.936023622047244,0.0,0.0,0.0
psi-int,transfer,validation,12,51,3.0,-6.0,128,4.1015625,31.58802903543307,0.0,0.0,0.0
psi-int,transfer,validation,12,51,3.0,-3.0,128,9.6328125,26.501906988188978,0.0,0.0,0.0
psi-int,transfer,validation,12,51,3.0,3.0,128,10.78125,41.321850393700785,0.0,0.0,0.0
psi-int,transfer,validation,12,51,3.0,6.0,128,15.796875,23.737942913385826,0.0,0.0,0.0
psi-int,transfer,validation,12,51,4.0,-8.0,128,-2.7421875,24.318836122047244,0.0,0.0,0.0
psi-int,transfer,validation,12,51,4.0,-4.0,128,6.0390625,26.368540846456693,0.0,0.0,0.0
psi-int,transfer,validation,12,51,4.0,4.0,128,12.546875,34.391486220472444,0.0,0.0,0.0
psi-int,transfer,validation,12,51,4.0,8.0,128,20.546875,26.627706692913385,0.0,0.0,0.0
psi-int,transfer,validation,12,51,5.0,-10.0,128,-5.8984375,25.90298966535433,0.0,0.0,0.0
psi-int,transfer,validation,12,51,5.0,-5.0,128,4.96875,23.400590551181104,0.0,0.0,0.0
psi-int,transfer,validation,12,51,5.0,5.0,128,14.078125,32.62376968503937,0.0,0.0,0.0
psi-int,transfer,validation,12,51,5.0,10.0,128,23.6875,20.988188976377952,0.0,0.0,0.0
psi-int,transfer,validation,12,51,6.0,-12.0,128,-8.1796875,24.794229822834644,0.0,0.0,0.0
psi-int,transfer,validation,12,51,6.0,-6.0,128,3.515625,24.519438976377952,0.0,0.0,0.0
psi-int,transfer,validation,12,51,6.0,6.0,128,15.671875,37.4820374015748,0.0,0.0,0.0
psi-int,transfer,validation,12,51,6.0,12.0,128,26.84375,25.156496062992126,0.0,0.0,0.0
psi-int,transfer,validation,12,51,7.0,-14.0,128,-10.859375,27.712352362204726,0.0,0.0,0.0
psi-int,transfer,validation,12,51,7.0,-7.0,128,2.109375,26.759596456692915,0.0,0.0,0.0
psi-int,transfer,validation,12,51,7.0,7.0,128,17.0390625,40.13232037401575,0.0,0.0,0.0
psi-int,transfer,validation,12,51,7.0,14.0,128,29.3828125,23.434977854330707,0.0,0.0,0.0
psi-int,transfer,validation,12,51,8.0,-16.0,128,-13.265625,29.56668307086614,0.0,0.0,0.0
psi-int,transfer,validation,12,51,8.0,-8.0,128,1.296875,28.824557086614174,0.0,0.0,0.0
psi-int,transfer,validation,12,51,8.0,8.0,128,18.3203125,37.68399360236221,0.0,0.0,0.0
psi-int,transfer,validation,12,51,8.0,16.0,128,32.140625,22.562746062992126,0.0,0.0,0.0
psi-int,transfer,validation,12,51,9.0,-18.0,128,-15.3671875,26.864111712598426,0.0,0.0,0.0
psi-int,transfer,validation,12,51,9.0,-9.0,128,0.515625,27.55880905511811,0.0,0.0,0.0
psi-int,transfer,validation,12,51,9.0,9.0,128,19.234375,35.09424212598425,0.0,0.0,0.0
psi-int,transfer,validation,12,51,9.0,18.0,128,34.8203125,23.66037155511811,0.0,0.0,0.0
psi-int,transfer,validation,12,51,10.0,-20.0,128,-18.0546875,25.359190452755904,0.0,0.0,0.0
psi-int,transfer,validation,12,51,10.0,-10.0,128,-0.4609375,27.274052657480315,0.0,0.0,0.0
psi-int,transfer,validation,12,51,10.0,10.0,128,20.9140625,41.08704478346457,0.0,0.0,0.0
psi-int,transfer,validation,12,51,10.0,20.0,128,36.875,27.25984251968504,0.0,0.0,0.0
psi-int,transfer,validation,12,51,11.0,-22.0,128,-20.1328125,23.29718257874016,0.0,0.0,0.0
psi-int,transfer,validation,12,51,11.0,-11.0,128,-1.6171875,27.151513287401574,0.0,0.0,0.0
psi-int,transfer,validation,12,51,11.0,11.0,128,21.5390625,41.368540846456696,0.0,0.0,0.0
psi-int,transfer,validation,12,51,11.0,22.0,128,38.9375,24.043307086614174,0.0,0.0,0.0
psi-int,transfer,validation,12,51,12.0,-24.0,128,-22.71875,25.069881889763778,0.0,0.0,0.0
psi-int,transfer,validation,12,51,12.0,-12.0,128,-2.1875,26.87795275590551,0.0,0.0,0.0
psi-int,transfer,validation,12,51,12.0,12.0,128,22.703125,37.108021653543304,0.0,0.0,0.0
psi-int,transfer,validation,12,51,12.0,24.0,128,41.25,23.070866141732285,0.0,0.0,0.0
psi-int,transfer,validation,12,51,13.0,-26.0,128,-24.5390625,23.431532972440944,0.0,0.0,0.0
psi-int,transfer,validation,12,51,13.0,-13.0,128,-3.1484375,28.12739911417323,0.0,0.0,0.0
psi-int,transfer,validation,12,51,13.0,13.0,128,23.4609375,41.43153297244095,0.0,0.0,0.0
psi-int,transfer,validation,12,51,13.0,26.0,128,43.2578125,24.145607775590552,0.0,0.0,0.0
psi-int,transfer,validation,12,51,14.0,-28.0,128,-26.625,28.0,0.0,0.0,0.0
psi-int,transfer,validation,12,51,14.0,-14.0,128,-4.046875,29.63558070866142,0.0,0.0,0.0
psi-int,transfer,validation,12,51,14.0,14.0,128,24.5390625,40.02995816929134,0.0,0.0,0.0
psi-int,transfer,validation,12,51,14.0,28.0,128,45.421875,21.993848425196852,0.0,0.0,0.0
psi-int,transfer,validation,12,51,15.0,-30.0,128,-28.4296875,27.695804625984252,0.0,0.0,0.0
psi-int,transfer,validation,12,51,15.0,-15.0,128,-4.8125,29.476377952755904,0.0,0.0,0.0
psi-int,transfer,validation,12,51,15.0,15.0,128,25.21875,34.014763779527556,0.0,0.0,0.0
psi-int,transfer,validation,12,51,15.0,30.0,128,47.3515625,20.214013287401574,0.0,0.0,0.0
psi-int,transfer,validation,12,51,16.0,-32.0,128,-30.421875,26.875738188976378,0.0,0.0,0.0
psi-int,transfer,validation,12,51,16.0,-16.0,128,-5.53125,30.644685039370078,0.0,0.0,0.0
psi-int,transfer,validation,12,51,16.0,16.0,128,26.3828125,38.39560777559055,0.0,0.0,0.0
psi-int,transfer,validation,12,51,16.0,32.0,128,49.859375,22.48400590551181,0.0,0.0,0.0
psi-int,transfer,validation,12,51,17.0,-34.0,128,-31.9921875,23.1574187992126,0.0,0.0,0.0
psi-int,transfer,validation,12,51,17.0,-17.0,128,-6.5859375,28.74846210629921,0.0,0.0,0.0
psi-int,transfer,validation,12,51,17.0,17.0,128,27.1796875,40.71548966535433,0.0,0.0,0.0
psi-int,transfer,validation,12,51,17.0,34.0,128,51.1484375,21.591966043307085,0.0,0.0,0.0
psi-int,transfer,validation,12,51,18.0,-36.0,128,-34.0390625,24.14806840551181,0.0,0.0,0.0
psi-int,transfer,validation,12,51,18.0,-18.0,128,-7.828125,28.804872047244096,0.0,0.0,0.0
psi-int,transfer,validation,12,51,18.0,18.0,128,27.984375,35.228100393700785,0.0,0.0,0.0
psi-int,transfer,validation,12,51,18.0,36.0,128,53.84375,25.28248031496063,0.0,0.0,0.0
psi-int,transfer,validation,12,51,19.0,-38.0,128,-36.0859375,22.67759596456693,0.0,0.0,0.0
psi-int,transfer,validation,12,51,19.0,-19.0,128,-8.546875,25.619832677165356,0.0,0.0,0.0
psi-int,transfer,validation,12,51,19.0,19.0,128,29.1171875,40.38773375984252,0.0,0.0,0.0
psi-int,transfer,validation,12,51,19.0,38.0,128,55.3828125,26.773560531496063,0.0,0.0,0.0
psi-int,transfer,validation,12,51,20.0,-40.0,128,-38.0078125,26.05505659448819,0.0,0.0,0.0
psi-int,transfer,validation,12,51,20.0,-20.0,128,-9.2890625,28.726808562992126,0.0,0.0,0.0
psi-int,transfer,validation,12,51,20.0,20.0,128,30.1953125,40.89856053149607,0.0,0.0,0.0
psi-int,transfer,validation,12,51,20.0,40.0,128,57.2265625,24.428580216535433,0.0,0.0,0.0
psi-int,transfer,validation,12,51,21.0,-42.0,128,-39.4921875,22.74009596456693,0.0,0.0,0.0
psi-int,transfer,validation,12,51,21.0,-21.0,128,-10.109375,29.247785433070867,0.0,0.0,0.0
psi-int,transfer,validation,12,51,21.0,21.0,128,31.0,37.52755905511811,0.0,0.0,0.0
psi-int,transfer,validation,12,51,21.0,42.0,128,58.671875,24.867864173228348,0.0,0.0,0.0
psi-int,transfer,validation,12,51,22.0,-44.0,128,-40.828125,23.875738188976378,0.0,0.0,0.0
psi-int,transfer,validation,12,51,22.0,-22.0,128,-11.2421875,30.169229822834644,0.0,0.0,0.0
psi-int,transfer,validation,12,51,22.0,22.0,128,32.046875,42.98991141732284,0.0,0.0,0.0
psi-int,transfer,validation,12,51,22.0,44.0,128,61.0625,22.106299212598426,0.0,0.0,0.0
psi-int,transfer,validation,12,51,23.0,-46.0,128,-42.859375,26.15329724409449,0.0,0.0,0.0
psi-int,transfer,validation,12,51,23.0,-23.0,128,-12.125,36.74015748031496,0.0,0.0,0.0
psi-int,transfer,validation,12,51,23.0,23.0,128,32.625,41.37007874015748,0.0,0.0,0.0
psi-int,transfer,validation,12,51,23.0,46.0,128,62.9296875,22.459584153543307,0.0,0.0,0.0
psi-int,transfer,validation,12,51,24.0,-48.0,128,-44.3828125,31.545214074803148,0.0,0.0,0.0
psi-int,transfer,validation,12,51,24.0,-24.0,128,-13.0078125,31.409387303149607,0.0,0.0,0.0
psi-int,transfer,validation,12,51,24.0,24.0,128,33.4140625,40.73271407480315,0.0,0.0,0.0
psi-int,transfer,validation,12,51,24.0,48.0,128,64.4140625,21.488619586614174,0.0,0.0,0.0
psi-int,transfer,validation,12,51,25.0,-50.0,128,-46.5625,25.46062992125984,0.0,0.0,0.0
psi-int,transfer,validation,12,51,25.0,-25.0,128,-13.921875,30.025344488188978,0.0,0.0,0.0
psi-int,transfer,validation,12,51,25.0,25.0,128,34.5625,37.696850393700785,0.0,0.0,0.0
psi-int,transfer,validation,12,51,25.0,50.0,128,66.453125,19.871801181102363,0.0,0.0,0.0
psi-int,transfer,validation,12,51,26.0,-52.0,128,-48.3046875,27.284387303149607,0.0,0.0,0.0
psi-int,transfer,validation,12,51,26.0,-26.0,128,-14.34375,30.43208661417323,0.0,0.0,0.0
psi-int,transfer,validation,12,51,26.0,26.0,128,35.5390625,38.470903051181104,0.0,0.0,0.0
psi-int,transfer,validation,12,51,26.0,52.0,128,68.34375,23.5501968503937,0.0,0.0,0.0
psi-int,transfer,validation,12,51,27.0,-54.0,128,-50.3203125,23.636749507874015,0.0,0.0,0.0
psi-int,transfer,validation,12,51,27.0,-27.0,128,-15.09375,26.400590551181104,0.0,0.0,0.0
psi-int,transfer,validation,12,51,27.0,27.0,128,36.5546875,33.77651328740158,0.0,0.0,0.0
psi-int,transfer,validation,12,51,27.0,54.0,128,69.96875,23.32185039370079,0.0,0.0,0.0
psi-int,transfer,validation,12,51,28.0,-56.0,128,-52.0859375,21.63822588582677,0.0,0.0,0.0
psi-int,transfer,validation,12,51,28.0,-28.0,128,-16.3046875,27.34737942913386,0.0,0.0,0.0
psi-int,transfer,validation,12,51,28.0,28.0,128,36.9296875,39.38871801181102,0.0,0.0,0.0
psi-int,transfer,validation,12,51,28.0,56.0,128,72.2109375,24.089013287401574,0.0,0.0,0.0
psi-int,transfer,validation,12,51,29.0,-58.0,128,-54.0703125,27.026513287401574,0.0,0.0,0.0
psi-int,transfer,validation,12,51,29.0,-29.0,128,-17.140625,26.184793307086615,0.0,0.0,0.0
psi-int,transfer,validation,12,51,29.0,29.0,128,37.8203125,37.53438730314961,0.0,0.0,0.0
psi-int,transfer,validation,12,51,29.0,58.0,128,73.8828125,23.521592027559056,0.0,0.0,0.0
psi-int,transfer,validation,12,51,30.0,-60.0,128,-55.2734375,25.538816437007874,0.0,0.0,0.0
psi-int,transfer,validation,12,51,30.0,-30.0,128,-17.84375,29.676181102362204,0.0,0.0,0.0
psi-int,transfer,validation,12,51,30.0,30.0,128,39.046875,38.108021653543304,0.0,0.0,0.0
psi-int,transfer,validation,12,51,30.0,60.0,128,76.0546875,22.981237696850393,0.0,0.0,0.0
psi-int,transfer,validation,12,51,31.0,-62.0,128,-56.828125,27.765501968503937,0.0,0.0,0.0
psi-int,transfer,validation,12,51,31.0,-31.0,128,-18.7734375,22.46007627952756,0.0,0.0,0.0
psi-int,transfer,validation,12,51,31.0,31.0,128,40.0703125,42.61706446850393,0.0,0.0,0.0
psi-int,transfer,validation,12,51,31.0,62.0,128,77.8046875,22.93005659448819,0.0,0.0,0.0
psi-int,transfer,validation,13,23,0.0,-0.0,128,0.015625,1.1808562992125984,0.0,0.0,0.0
psi-int,transfer,validation,13,23,0.0,-0.0,128,0.1484375,1.1195250984251968,0.0,0.0,0.0
psi-int,transfer,validation,13,23,0.0,0.0,128,0.21875,1.2273622047244095,0.0,0.0,0.0
psi-int,transfer,validation,13,23,0.0,0.0,128,0.015625,1.3698326771653544,0.0,0.0,0.0
psi-int,transfer,validation,13,23,1.0,-2.0,128,-3.9453125,16.571788877952756,0.0,0.0,0.0
psi-int,transfer,validation,13,23,1.0,-1.0,128,-0.671875,31.371801181102363,0.0,0.0,0.0
psi-int,transfer,validation,13,23,1.0,1.0,128,-2.375,23.79527559055118,0.0,0.0,0.0
psi-int,transfer,validation,13,23,1.0,2.0,128,-0.765625,25.4564468503937,0.0,0.0,0.0
psi-int,transfer,validation,13,23,2.0,-4.0,128,-6.21875,19.195866141732285,0.0,0.0,0.0
psi-int,transfer,validation,13,23,2.0,-2.0,128,-2.328125,30.9308562992126,0.0,0.0,0.0
psi-int,transfer,validation,13,23,2.0,2.0,128,-2.6875,22.137795275590552,0.0,0.0,0.0
psi-int,transfer,validation,13,23,2.0,4.0,128,0.0546875,27.91037155511811,0.0,0.0,0.0
psi-int,transfer,validation,13,23,3.0,-6.0,128,-9.203125,16.572588582677167,0.0,0.0,0.0
psi-int,transfer,validation,13,23,3.0,-3.0,128,-2.8828125,31.01765501968504,0.0,0.0,0.0
psi-int,transfer,validation,13,23,3.0,3.0,128,2.75,19.338582677165356,0.0,0.0,0.0
psi-int,transfer,validation,13,23,3.0,6.0,128,8.921875,31.88361220472441,0.0,0.0,0.0
psi-int,transfer,validation,13,23,4.0,-8.0,128,-11.984375,17.98400590551181,0.0,0.0,0.0
psi-int,transfer,validation,13,23,4.0,-4.0,128,-4.15625,34.18011811023622,0.0,0.0,0.0
psi-int,transfer,validation,13,23,4.0,4.0,128,5.15625,18.08562992125984,0.0,0.0,0.0
psi-int,transfer,validation,13,23,4.0,8.0,128,13.4609375,27.163816437007874,0.0,0.0,0.0
psi-int,transfer,validation,13,23,5.0,-10.0,128,-14.796875,15.753690944881889,0.0,0.0,0.0
psi-int,transfer,validation,13,23,5.0,-5.0,128,-5.0625,35.75984251968504,0.0,0.0,0.0
psi-int,transfer,validation,13,23,5.0,5.0,128,6.453125,19.871801181102363,0.0,0.0,0.0
psi-int,transfer,validation,13,23,5.0,10.0,128,16.6796875,23.44777312992126,0.0,0.0,0.0
psi-int,transfer,validation,13,23,6.0,-12.0,128,-17.2890625,16.90003690944882,0.0,0.0,0.0
psi-int,transfer,validation,13,23,6.0,-6.0,128,-6.2109375,30.608698326771652,0.0,0.0,0.0
psi-int,transfer,validation,13,23,6.0,6.0,128,7.9453125,20.634781003937007,0.0,0.0,0.0
psi-int,transfer,validation,13,23,6.0,12.0,128,19.3125,32.09055118110236,0.0,0.0,0.0
psi-int,transfer,validation,13,23,7.0,-14.0,128,-19.5234375,16.723855807086615,0.0,0.0,0.0
psi-int,transfer,validation,13,23,7.0,-7.0,128,-6.984375,33.87376968503937,0.0,0.0,0.0
psi-int,transfer,validation,13,23,7.0,7.0,128,9.0,20.362204724409448,0.0,0.0,0.0
psi-int,transfer,validation,13,23,7.0,14.0,128,22.3984375,29.926611712598426,0.0,0.0,0.0
psi-int,transfer,validation,13,23,8.0,-16.0,128,-21.6953125,19.819820374015748,0.0,0.0,0.0
psi-int,transfer,validation,13,23,8.0,-8.0,128,-8.09375,31.896653543307085,0.0,0.0,0.0
psi-int,transfer,validation,13,23,8.0,8.0,128,10.4140625,21.661847933070867,0.0,0.0,0.0
psi-int,transfer,validation,13,23,8.0,16.0,128,25.0390625,31.785863681102363,0.0,0.0,0.0
psi-int,transfer,validation,13,23,9.0,-18.0,128,-23.3984375,21.28094242125984,0.0,0.0,0.0
psi-int,transfer,validation,13,23,9.0,-9.0,128,-9.125,34.14173228346457,0.0,0.0,0.0
psi-int,transfer,validation,13,23,9.0,9.0,128,11.421875,20.3560531496063,0.0,0.0,0.0
psi-int,transfer,validation,13,23,9.0,18.0,128,27.296875,31.470226377952756,0.0,0.0,0.0
psi-int,transfer,validation,13,23,10.0,-20.0,128,-25.5390625,17.24255659448819,0.0,0.0,0.0
psi-int,transfer,validation,13,23,10.0,-10.0,128,-9.7578125,34.98812746062992,0.0,0.0,0.0
psi-int,transfer,validation,13,23,10.0,10.0,128,12.2265625,21.184485728346456,0.0,0.0,0.0
psi-int,transfer,validation,13,23,10.0,20.0,128,29.9921875,29.094426673228348,0.0,0.0,0.0
psi-int,transfer,validation,13,23,11.0,-22.0,128,-27.8515625,15.528973917322835,0.0,0.0,0.0
psi-int,transfer,validation,13,23,11.0,-11.0,128,-10.8671875,30.494032972440944,0.0,0.0,0.0
psi-int,transfer,validation,13,23,11.0,11.0,128,13.2421875,22.106237696850393,0.0,0.0,0.0
psi-int,transfer,validation,13,23,11.0,22.0,128,32.1953125,27.008796751968504,0.0,0.0,0.0
psi-int,transfer,validation,13,23,12.0,-24.0,128,-28.9609375,15.313422736220472,0.0,0.0,0.0
psi-int,transfer,validation,13,23,12.0,-12.0,128,-12.0546875,29.768639271653544,0.0,0.0,0.0
psi-int,transfer,validation,13,23,12.0,12.0,128,13.390625,17.232037401574804,0.0,0.0,0.0
psi-int,transfer,validation,13,23,12.0,24.0,128,34.453125,28.958415354330707,0.0,0.0,0.0
psi-int,transfer,validation,13,23,13.0,-26.0,128,-31.0546875,15.579662893700787,0.0,0.0,0.0
psi-int,transfer,validation,13,23,13.0,-13.0,128,-13.203125,33.72219488188976,0.0,0.0,0.0
psi-int,transfer,validation,13,23,13.0,13.0,128,14.6328125,20.67513533464567,0.0,0.0,0.0
psi-int,transfer,validation,13,23,13.0,26.0,128,36.703125,27.186761811023622,0.0,0.0,0.0
psi-int,transfer,validation,13,23,14.0,-28.0,128,-32.671875,14.174950787401574,0.0,0.0,0.0
psi-int,transfer,validation,13,23,14.0,-14.0,128,-13.46875,35.164370078740156,0.0,0.0,0.0
psi-int,transfer,validation,13,23,14.0,14.0,128,15.3515625,20.02503690944882,0.0,0.0,0.0
psi-int,transfer,validation,13,23,14.0,28.0,128,39.0546875,30.461552657480315,0.0,0.0,0.0
psi-int,transfer,validation,13,23,15.0,-30.0,128,-33.8984375,17.43054872047244,0.0,0.0,0.0
psi-int,transfer,validation,13,23,15.0,-15.0,128,-14.625,36.36220472440945,0.0,0.0,0.0
psi-int,transfer,validation,13,23,15.0,15.0,128,15.9140625,27.779958169291337,0.0,0.0,0.0
psi-int,transfer,validation,13,23,15.0,30.0,128,40.765625,27.897391732283463,0.0,0.0,0.0
psi-int,transfer,validation,13,23,16.0,-32.0,128,-35.3671875,20.706631397637796,0.0,0.0,0.0
psi-int,transfer,validation,13,23,16.0,-16.0,128,-15.65625,34.778543307086615,0.0,0.0,0.0
psi-int,transfer,validation,13,23,16.0,16.0,128,17.5625,21.633858267716537,0.0,0.0,0.0
psi-int,transfer,validation,13,23,16.0,32.0,128,43.0234375,27.59787155511811,0.0,0.0,0.0
psi-int,transfer,validation,13,23,17.0,-34.0,128,-37.09375,16.983267716535433,0.0,0.0,0.0
psi-int,transfer,validation,13,23,17.0,-17.0,128,-16.1640625,31.429564468503937,0.0,0.0,0.0
psi-int,transfer,validation,13,23,17.0,17.0,128,17.765625,22.33833661417323,0.0,0.0,0.0
psi-int,transfer,validation,13,23,17.0,34.0,128,44.125,24.299212598425196,0.0,0.0,0.0
psi-int,transfer,validation,13,23,18.0,-36.0,128,-38.875,17.95275590551181,0.0,0.0,0.0
psi-int,transfer,validation,13,23,18.0,-18.0,128,-17.2578125,25.61017470472441,0.0,0.0,0.0
psi-int,transfer,validation,13,23,18.0,18.0,128,19.15625,20.684055118110237,0.0,0.0,0.0
psi-int,transfer,validation,13,23,18.0,36.0,128,46.1796875,28.920214074803148,0.0,0.0,0.0
psi-int,transfer,validation,13,23,19.0,-38.0,128,-40.1875,15.255905511811024,0.0,0.0,0.0
psi-int,transfer,validation,13,23,19.0,-19.0,128,-18.0859375,28.551611712598426,0.0,0.0,0.0
psi-int,transfer,validation,13,23,19.0,19.0,128,19.8203125,22.51076525590551,0.0,0.0,0.0
psi-int,transfer,validation,13,23,19.0,38.0,128,48.2109375,26.781926673228348,0.0,0.0,0.0
psi-int,transfer,validation,13,23,20.0,-40.0,128,-41.3984375,14.540784940944881,0.0,0.0,0.0
psi-int,transfer,validation,13,23,20.0,-20.0,128,-18.5625,29.224409448818896,0.0,0.0,0.0
psi-int,transfer,validation,13,23,20.0,20.0,128,20.90625,21.739173228346456,0.0,0.0,0.0
psi-int,transfer,validation,13,23,20.0,40.0,128,50.4140625,31.126414862204726,0.0,0.0,0.0
psi-int,transfer,validation,13,23,21.0,-42.0,128,-42.96875,13.274606299212598,0.0,0.0,0.0
psi-int,transfer,validation,13,23,21.0,-21.0,128,-19.1953125,30.4576156496063,0.0,0.0,0.0
psi-int,transfer,validation,13,23,21.0,21.0,128,21.5390625,21.77798966535433,0.0,0.0,0.0
psi-int,transfer,validation,13,23,21.0,42.0,128,51.953125,27.714320866141733,0.0,0.0,0.0
psi-int,transfer,validation,13,23,22.0,-44.0,128,-44.7265625,13.129367618110237,0.0,0.0,0.0
psi-int,transfer,validation,13,23,22.0,-22.0,128,-20.0703125,28.239111712598426,0.0,0.0,0.0
psi-int,transfer,validation,13,23,22.0,22.0,128,21.9921875,24.65348179133858,0.0,0.0,0.0
psi-int,transfer,validation,13,23,22.0,44.0,128,53.671875,29.812746062992126,0.0,0.0,0.0
psi-int,transfer,validation,13,23,23.0,-46.0,128,-45.7109375,16.884288877952756,0.0,0.0,0.0
psi-int,transfer,validation,13,23,23.0,-23.0,128,-21.3359375,31.012241633858267,0.0,0.0,0.0
psi-int,transfer,validation,13,23,23.0,23.0,128,22.953125,22.12376968503937,0.0,0.0,0.0
psi-int,transfer,validation,13,23,23.0,46.0,128,55.796875,34.96628937007874,0.0,0.0,0.0
psi-int,transfer,validation,13,23,24.0,-48.0,128,-48.0234375,14.511257381889763,0.0,0.0,0.0
psi-int,transfer,validation,13,23,24.0,-24.0,128,-21.8984375,26.343934547244096,0.0,0.0,0.0
psi-int,transfer,validation,13,23,24.0,24.0,128,24.0859375,21.764210137795274,0.0,0.0,0.0
psi-int,transfer,validation,13,23,24.0,48.0,128,58.0859375,27.779958169291337,0.0,0.0,0.0
psi-int,transfer,validation,13,23,25.0,-50.0,128,-49.546875,15.745816929133857,0.0,0.0,0.0
psi-int,transfer,validation,13,23,25.0,-25.0,128,-22.6015625,30.462044783464567,0.0,0.0,0.0
psi-int,transfer,validation,13,23,25.0,25.0,128,24.4453125,23.445804625984252,0.0,0.0,0.0
psi-int,transfer,validation,13,23,25.0,50.0,128,60.1796875,30.054072342519685,0.0,0.0,0.0
psi-int,transfer,validation,13,23,26.0,-52.0,128,-50.9453125,13.9576156496063,0.0,0.0,0.0
psi-int,transfer,validation,13,23,26.0,-26.0,128,-22.9140625,26.56735974409449,0.0,0.0,0.0
psi-int,transfer,validation,13,23,26.0,26.0,128,25.4609375,22.581139271653544,0.0,0.0,0.0
psi-int,transfer,validation,13,23,26.0,52.0,128,62.1171875,29.3326156496063,0.0,0.0,0.0
psi-int,transfer,validation,13,23,27.0,-54.0,128,-52.625,13.984251968503937,0.0,0.0,0.0
psi-int,transfer,validation,13,23,27.0,-27.0,128,-24.1875,25.523622047244096,0.0,0.0,0.0
psi-int,transfer,validation,13,23,27.0,27.0,128,26.0703125,23.10525344488189,0.0,0.0,0.0
psi-int,transfer,validation,13,23,27.0,54.0,128,63.9375,30.76771653543307,0.0,0.0,0.0
psi-int,transfer,validation,13,23,28.0,-56.0,128,-54.4375,15.964566929133857,0.0,0.0,0.0
psi-int,transfer,validation,13,23,28.0,-28.0,128,-25.1484375,31.02503690944882,0.0,0.0,0.0
psi-int,transfer,validation,13,23,28.0,28.0,128,27.1484375,23.607714074803148,0.0,0.0,0.0
psi-int,transfer,validation,13,23,28.0,56.0,128,65.578125,29.836368110236222,0.0,0.0,0.0
psi-int,transfer,validation,13,23,29.0,-58.0,128,-55.5390625,14.581139271653543,0.0,0.0,0.0
psi-int,transfer,validation,13,23,29.0,-29.0,128,-25.5390625,26.45515501968504,0.0,0.0,0.0
psi-int,transfer,validation,13,23,29.0,29.0,128,27.7578125,21.77552903543307,0.0,0.0,0.0
psi-int,transfer,validation,13,23,29.0,58.0,128,67.40625,34.11712598425197,0.0,0.0,0.0
psi-int,transfer,validation,13,23,30.0,-60.0,128,-57.109375,14.617864173228346,0.0,0.0,0.0
psi-int,transfer,validation,13,23,30.0,-30.0,128,-27.2890625,23.8449187992126,0.0,0.0,0.0
psi-int,transfer,validation,13,23,30.0,30.0,128,28.2421875,22.751906988188978,0.0,0.0,0.0
psi-int,transfer,validation,13,23,30.0,60.0,128,69.3671875,31.226316437007874,0.0,0.0,0.0
psi-int,transfer,validation,13,23,31.0,-62.0,128,-58.625,11.968503937007874,0.0,0.0,0.0
psi-int,transfer,validation,13,23,31.0,-31.0,128,-27.6171875,27.734190452755904,0.0,0.0,0.0
psi-int,transfer,validation,13,23,31.0,31.0,128,29.6796875,21.211552657480315,0.0,0.0,0.0
psi-int,transfer,validation,13,23,31.0,62.0,128,71.125,22.881889763779526,0.0,0.0,0.0
psi-int,transfer,validation,14,93,0.0,-0.0,128,-0.140625,0.7832185039370079,0.0,0.0,0.0
psi-int,transfer,validation,14,93,0.0,-0.0,128,-0.109375,0.7753444881889764,0.0,0.0,0.0
psi-int,transfer,validation,14,93,0.0,0.0,128,-0.109375,0.9643208661417323,0.0,0.0,0.0
psi-int,transfer,validation,14,93,0.0,0.0,128,-0.1796875,0.8572219488188977,0.0,0.0,0.0
psi-int,transfer,validation,14,93,1.0,-2.0,128,6.53125,26.581692913385826,0.0,0.0,0.0
psi-int,transfer,validation,14,93,1.0,-1.0,128,6.84375,29.030511811023622,0.0,0.0,0.0
psi-int,transfer,validation,14,93,1.0,1.0,128,6.65625,24.999015748031496,0.0,0.0,0.0
psi-int,transfer,validation,14,93,1.0,2.0,128,5.6953125,27.016670767716537,0.0,0.0,0.0
psi-int,transfer,validation,14,93,2.0,-4.0,128,6.75,25.606299212598426,0.0,0.0,0.0
psi-int,transfer,validation,14,93,2.0,-2.0,128,6.75,35.118110236220474,0.0,0.0,0.0
psi-int,transfer,validation,14,93,2.0,2.0,128,6.359375,32.84621062992126,0.0,0.0,0.0
psi-int,transfer,validation,14,93,2.0,4.0,128,5.5,31.448818897637796,0.0,0.0,0.0
psi-int,transfer,validation,14,93,3.0,-6.0,128,3.640625,26.515501968503937,0.0,0.0,0.0
psi-int,transfer,validation,14,93,3.0,-3.0,128,4.96875,29.400590551181104,0.0,0.0,0.0
psi-int,transfer,validation,14,93,3.0,3.0,128,6.265625,28.464320866141733,0.0,0.0,0.0
psi-int,transfer,validation,14,93,3.0,6.0,128,6.1171875,31.37985974409449,0.0,0.0,0.0
psi-int,transfer,validation,14,93,4.0,-8.0,128,-1.671875,25.387549212598426,0.0,0.0,0.0
psi-int,transfer,validation,14,93,4.0,-4.0,128,3.65625,28.38484251968504,0.0,0.0,0.0
psi-int,transfer,validation,14,93,4.0,4.0,128,14.15625,27.5501968503937,0.0,0.0,0.0
psi-int,transfer,validation,14,93,4.0,8.0,128,17.921875,30.04109251968504,0.0,0.0,0.0
psi-int,transfer,validation,14,93,5.0,-10.0,128,-5.625,25.212598425196852,0.0,0.0,0.0
psi-int,transfer,validation,14,93,5.0,-5.0,128,2.3125,34.7992125984252,0.0,0.0,0.0
psi-int,transfer,validation,14,93,5.0,5.0,128,16.7578125,33.66529281496063,0.0,0.0,0.0
psi-int,transfer,validation,14,93,5.0,10.0,128,22.53125,28.534448818897637,0.0,0.0,0.0
psi-int,transfer,validation,14,93,6.0,-12.0,128,-8.4765625,28.708107775590552,0.0,0.0,0.0
psi-int,transfer,validation,14,93,6.0,-6.0,128,0.625,32.75590551181102,0.0,0.0,0.0
psi-int,transfer,validation,14,93,6.0,6.0,128,17.515625,30.424950787401574,0.0,0.0,0.0
psi-int,transfer,validation,14,93,6.0,12.0,128,25.90625,32.81003937007874,0.0,0.0,0.0
psi-int,transfer,validation,14,93,7.0,-14.0,128,-11.125,23.748031496062993,0.0,0.0,0.0
psi-int,transfer,validation,14,93,7.0,-7.0,128,-1.0625,33.27165354330709,0.0,0.0,0.0
psi-int,transfer,validation,14,93,7.0,7.0,128,19.125,28.0,0.0,0.0,0.0
psi-int,transfer,validation,14,93,7.0,14.0,128,28.703125,27.627706692913385,0.0,0.0,0.0
psi-int,transfer,validation,14,93,8.0,-16.0,128,-12.9765625,22.747477854330707,0.0,0.0,0.0
psi-int,transfer,validation,14,93,8.0,-8.0,128,-2.3671875,29.588521161417322,0.0,0.0,0.0
psi-int,transfer,validation,14,93,8.0,8.0,128,21.1328125,29.62789124015748,0.0,0.0,0.0
psi-int,transfer,validation,14,93,8.0,16.0,128,30.8515625,26.71007627952756,0.0,0.0,0.0
psi-int,transfer,validation,14,93,9.0,-18.0,128,-15.5703125,23.884781003937007,0.0,0.0,0.0
psi-int,transfer,validation,14,93,9.0,-9.0,128,-3.234375,26.13361220472441,0.0,0.0,0.0
psi-int,transfer,validation,14,93,9.0,9.0,128,22.234375,32.1808562992126,0.0,0.0,0.0
psi-int,transfer,validation,14,93,9.0,18.0,128,33.4765625,28.2199187992126,0.0,0.0,0.0
psi-int,transfer,validation,14,93,10.0,-20.0,128,-17.84375,27.361220472440944,0.0,0.0,0.0
psi-int,transfer,validation,14,93,10.0,-10.0,128,-4.3203125,28.32966289370079,0.0,0.0,0.0
psi-int,transfer,validation,14,93,10.0,10.0,128,23.1328125,31.06096210629921,0.0,0.0,0.0
psi-int,transfer,validation,14,93,10.0,20.0,128,35.8046875,22.67808809055118,0.0,0.0,0.0
psi-int,transfer,validation,14,93,11.0,-22.0,128,-19.8203125,26.746985728346456,0.0,0.0,0.0
psi-int,transfer,validation,14,93,11.0,-11.0,128,-5.9140625,27.559485728346456,0.0,0.0,0.0
psi-int,transfer,validation,14,93,11.0,11.0,128,24.1171875,30.371985728346456,0.0,0.0,0.0
psi-int,transfer,validation,14,93,11.0,22.0,128,37.703125,29.422982283464567,0.0,0.0,0.0
psi-int,transfer,validation,14,93,12.0,-24.0,128,-21.875,31.559055118110237,0.0,0.0,0.0
psi-int,transfer,validation,14,93,12.0,-12.0,128,-6.8046875,31.890686515748033,0.0,0.0,0.0
psi-int,transfer,validation,14,93,12.0,12.0,128,25.078125,34.00959645669291,0.0,0.0,0.0
psi-int,transfer,validation,14,93,12.0,24.0,128,40.0234375,22.87346210629921,0.0,0.0,0.0
psi-int,transfer,validation,14,93,13.0,-26.0,128,-23.9296875,19.042261318897637,0.0,0.0,0.0
psi-int,transfer,validation,14,93,13.0,-13.0,128,-7.515625,29.149360236220474,0.0,0.0,0.0
psi-int,transfer,validation,14,93,13.0,13.0,128,26.5703125,33.806040846456696,0.0,0.0,0.0
psi-int,transfer,validation,14,93,13.0,26.0,128,42.109375,27.814714566929133,0.0,0.0,0.0
psi-int,transfer,validation,14,93,14.0,-28.0,128,-26.3046875,25.378875492125985,0.0,0.0,0.0
psi-int,transfer,validation,14,93,14.0,-14.0,128,-8.7109375,32.25436761811024,0.0,0.0,0.0
psi-int,transfer,validation,14,93,14.0,14.0,128,27.7265625,32.373462106299215,0.0,0.0,0.0
psi-int,transfer,validation,14,93,14.0,28.0,128,44.265625,27.787155511811022,0.0,0.0,0.0
psi-int,transfer,validation,14,93,15.0,-30.0,128,-27.984375,20.582431102362204,0.0,0.0,0.0
psi-int,transfer,validation,14,93,15.0,-15.0,128,-9.765625,28.574557086614174,0.0,0.0,0.0
psi-int,transfer,validation,14,93,15.0,15.0,128,28.4921875,29.05505659448819,0.0,0.0,0.0
psi-int,transfer,validation,14,93,15.0,30.0,128,46.1484375,26.97779281496063,0.0,0.0,0.0
psi-int,transfer,validation,14,93,16.0,-32.0,128,-30.046875,22.737942913385826,0.0,0.0,0.0
psi-int,transfer,validation,14,93,16.0,-16.0,128,-10.9609375,29.911847933070867,0.0,0.0,0.0
psi-int,transfer,validation,14,93,16.0,16.0,128,29.3203125,34.42415108267716,0.0,0.0,0.0
psi-int,transfer,validation,14,93,16.0,32.0,128,47.9765625,27.093934547244096,0.0,0.0,0.0
psi-int,transfer,validation,14,93,17.0,-34.0,128,-31.65625,21.50295275590551,0.0,0.0,0.0
psi-int,transfer,validation,14,93,17.0,-17.0,128,-11.2734375,27.743540846456693,0.0,0.0,0.0
psi-int,transfer,validation,14,93,17.0,17.0,128,30.046875,33.4308562992126,0.0,0.0,0.0
psi-int,transfer,validation,14,93,17.0,34.0,128,49.3203125,31.809977854330707,0.0,0.0,0.0
psi-int,transfer,validation,14,93,18.0,-36.0,128,-33.7890625,21.726808562992126,0.0,0.0,0.0
psi-int,transfer,validation,14,93,18.0,-18.0,128,-12.203125,33.108021653543304,0.0,0.0,0.0
psi-int,transfer,validation,14,93,18.0,18.0,128,31.0859375,30.488619586614174,0.0,0.0,0.0
psi-int,transfer,validation,14,93,18.0,36.0,128,51.1953125,32.81982037401575,0.0,0.0,0.0
psi-int,transfer,validation,14,93,19.0,-38.0,128,-35.8984375,22.910863681102363,0.0,0.0,0.0
psi-int,transfer,validation,14,93,19.0,-19.0,128,-13.0703125,25.703678641732285,0.0,0.0,0.0
psi-int,transfer,validation,14,93,19.0,19.0,128,31.984375,27.98400590551181,0.0,0.0,0.0
psi-int,transfer,validation,14,93,19.0,38.0,128,53.1796875,31.061946358267715,0.0,0.0,0.0
psi-int,transfer,validation,14,93,20.0,-40.0,128,-37.7421875,24.870017224409448,0.0,0.0,0.0
psi-int,transfer,validation,14,93,20.0,-20.0,128,-14.453125,31.32062007874016,0.0,0.0,0.0
psi-int,transfer,validation,14,93,20.0,20.0,128,33.265625,31.14148622047244,0.0,0.0,0.0
psi-int,transfer,validation,14,93,20.0,40.0,128,54.9453125,29.516670767716537,0.0,0.0,0.0
psi-int,transfer,validation,14,93,21.0,-42.0,128,-39.2734375,21.88527312992126,0.0,0.0,0.0
psi-int,transfer,validation,14,93,21.0,-21.0,128,-15.046875,27.068651574803148,0.0,0.0,0.0
psi-int,transfer,validation,14,93,21.0,21.0,128,33.875,25.653543307086615,0.0,0.0,0.0
psi-int,transfer,validation,14,93,21.0,42.0,128,56.6484375,30.56046998031496,0.0,0.0,0.0
psi-int,transfer,validation,14,93,22.0,-44.0,128,-41.109375,23.814714566929133,0.0,0.0,0.0
psi-int,transfer,validation,14,93,22.0,-22.0,128,-15.703125,27.045029527559056,0.0,0.0,0.0
psi-int,transfer,validation,14,93,22.0,22.0,128,34.6796875,29.76273375984252,0.0,0.0,0.0
psi-int,transfer,validation,14,93,22.0,44.0,128,58.609375,27.1060531496063,0.0,0.0,0.0
psi-int,transfer,validation,14,93,23.0,-46.0,128,-43.1015625,22.958107775590552,0.0,0.0,0.0
psi-int,transfer,validation,14,93,23.0,-23.0,128,-16.8203125,26.274544783464567,0.0,0.0,0.0
psi-int,transfer,validation,14,93,23.0,23.0,128,36.015625,28.8816437007874,0.0,0.0,0.0
psi-int,transfer,validation,14,93,23.0,46.0,128,60.453125,28.517470472440944,0.0,0.0,0.0
psi-int,transfer,validation,14,93,24.0,-48.0,128,-44.9453125,24.367064468503937,0.0,0.0,0.0
psi-int,transfer,validation,14,93,24.0,-24.0,128,-18.1953125,29.119032972440944,0.0,0.0,0.0
psi-int,transfer,validation,14,93,24.0,24.0,128,36.2421875,34.67316683070866,0.0,0.0,0.0
psi-int,transfer,validation,14,93,24.0,48.0,128,62.4765625,29.731729822834644,0.0,0.0,0.0
psi-int,transfer,validation,14,93,25.0,-50.0,128,-46.9296875,23.10525344488189,0.0,0.0,0.0
psi-int,transfer,validation,14,93,25.0,-25.0,128,-19.0859375,26.67759596456693,0.0,0.0,0.0
psi-int,transfer,validation,14,93,25.0,25.0,128,37.234375,29.157234251968504,0.0,0.0,0.0
psi-int,transfer,validation,14,93,25.0,50.0,128,64.859375,27.869832677165356,0.0,0.0,0.0
psi-int,transfer,validation,14,93,26.0,-52.0,128,-48.25,23.228346456692915,0.0,0.0,0.0
psi-int,transfer,validation,14,93,26.0,-26.0,128,-19.9296875,22.36509596456693,0.0,0.0,0.0
psi-int,transfer,validation,14,93,26.0,26.0,128,38.0703125,29.27848179133858,0.0,0.0,0.0
psi-int,transfer,validation,14,93,26.0,52.0,128,66.3984375,28.682517224409448,0.0,0.0,0.0
psi-int,transfer,validation,14,93,27.0,-54.0,128,-50.3359375,18.13035187007874,0.0,0.0,0.0
psi-int,transfer,validation,14,93,27.0,-27.0,128,-21.203125,24.415108267716537,0.0,0.0,0.0
psi-int,transfer,validation,14,93,27.0,27.0,128,38.6171875,27.151513287401574,0.0,0.0,0.0
psi-int,transfer,validation,14,93,27.0,54.0,128,68.328125,24.852116141732285,0.0,0.0,0.0
psi-int,transfer,validation,14,93,28.0,-56.0,128,-51.7578125,22.31096210629921,0.0,0.0,0.0
psi-int,transfer,validation,14,93,28.0,-28.0,128,-21.78125,24.487204724409448,0.0,0.0,0.0
psi-int,transfer,validation,14,93,28.0,28.0,128,39.796875,31.722194881889763,0.0,0.0,0.0
psi-int,transfer,validation,14,93,28.0,56.0,128,70.28125,28.313976377952756,0.0,0.0,0.0
psi-int,transfer,validation,14,93,29.0,-58.0,128,-53.1796875,25.991080216535433,0.0,0.0,0.0
psi-int,transfer,validation,14,93,29.0,-29.0,128,-22.5390625,27.384288877952756,0.0,0.0,0.0
psi-int,transfer,validation,14,93,29.0,29.0,128,40.890625,29.405265748031496,0.0,0.0,0.0
psi-int,transfer,validation,14,93,29.0,58.0,128,71.9375,30.783464566929133,0.0,0.0,0.0
psi-int,transfer,validation,14,93,30.0,-60.0,128,-55.171875,23.182824803149607,0.0,0.0,0.0
psi-int,transfer,validation,14,93,30.0,-30.0,128,-23.5078125,23.401513287401574,0.0,0.0,0.0
psi-int,transfer,validation,14,93,30.0,30.0,128,41.6171875,30.06489911417323,0.0,0.0,0.0
psi-int,transfer,validation,14,93,30.0,60.0,128,74.0078125,29.89757627952756,0.0,0.0,0.0
psi-int,transfer,validation,14,93,31.0,-62.0,128,-57.09375,19.70767716535433,0.0,0.0,0.0
psi-int,transfer,validation,14,93,31.0,-31.0,128,-24.46875,30.109251968503937,0.0,0.0,0.0
psi-int,transfer,validation,14,93,31.0,31.0,128,42.4921875,30.488127460629922,0.0,0.0,0.0
psi-int,transfer,validation,14,93,31.0,62.0,128,76.1328125,31.281434547244096,0.0,0.0,0.0
psi-int,transfer,validation,15,17,0.0,-0.0,128,-0.0078125,0.9211983267716536,0.0,0.0,0.0
psi-int,transfer,validation,15,17,0.0,-0.0,128,-0.0390625,0.7464936023622047,0.0,0.0,0.0
psi-int,transfer,validation,15,17,0.0,0.0,128,-0.0703125,0.8847810039370079,0.0,0.0,0.0
psi-int,transfer,validation,15,17,0.0,0.0,128,-0.1796875,0.7942298228346457,0.0,0.0,0.0
psi-int,transfer,validation,15,17,1.0,-2.0,128,2.453125,13.997785433070867,0.0,0.0,0.0
psi-int,transfer,validation,15,17,1.0,-1.0,128,2.3203125,18.691867618110237,0.0,0.0,0.0
psi-int,transfer,validation,15,17,1.0,1.0,128,0.109375,18.964320866141733,0.0,0.0,0.0
psi-int,transfer,validation,15,17,1.0,2.0,128,-0.0234375,18.29078494094488,0.0,0.0,0.0
psi-int,transfer,validation,15,17,2.0,-4.0,128,2.5234375,16.739603838582678,0.0,0.0,0.0
psi-int,transfer,validation,15,17,2.0,-2.0,128,1.5703125,23.333599901574804,0.0,0.0,0.0
psi-int,transfer,validation,15,17,2.0,2.0,128,-0.0078125,19.47237942913386,0.0,0.0,0.0
psi-int,transfer,validation,15,17,2.0,4.0,128,0.015625,19.33833661417323,0.0,0.0,0.0
psi-int,transfer,validation,15,17,3.0,-6.0,128,-4.2578125,14.870017224409448,0.0,0.0,0.0
psi-int,transfer,validation,15,17,3.0,-3.0,128,-3.3515625,15.111651082677165,0.0,0.0,0.0
psi-int,transfer,validation,15,17,3.0,3.0,128,0.1796875,21.014702263779526,0.0,0.0,0.0
psi-int,transfer,validation,15,17,3.0,6.0,128,2.3359375,20.65003690944882,0.0,0.0,0.0
psi-int,transfer,validation,15,17,4.0,-8.0,128,-4.203125,18.950541338582678,0.0,0.0,0.0
psi-int,transfer,validation,15,17,4.0,-4.0,128,-0.8515625,14.97779281496063,0.0,0.0,0.0
psi-int,transfer,validation,15,17,4.0,4.0,128,7.546875,18.48597440944882,0.0,0.0,0.0
psi-int,transfer,validation,15,17,4.0,8.0,128,12.78125,16.81791338582677,0.0,0.0,0.0
psi-int,transfer,validation,15,17,5.0,-10.0,128,-6.7578125,19.413324311023622,0.0,0.0,0.0
psi-int,transfer,validation,15,17,5.0,-5.0,128,-1.9921875,15.11017470472441,0.0,0.0,0.0
psi-int,transfer,validation,15,17,5.0,5.0,128,9.5859375,20.57523375984252,0.0,0.0,0.0
psi-int,transfer,validation,15,17,5.0,10.0,128,15.703125,20.714320866141733,0.0,0.0,0.0
psi-int,transfer,validation,15,17,6.0,-12.0,128,-9.0078125,21.125922736220474,0.0,0.0,0.0
psi-int,transfer,validation,15,17,6.0,-6.0,128,-2.953125,15.572588582677165,0.0,0.0,0.0
psi-int,transfer,validation,15,17,6.0,6.0,128,11.2265625,19.92464320866142,0.0,0.0,0.0
psi-int,transfer,validation,15,17,6.0,12.0,128,18.8046875,17.953678641732285,0.0,0.0,0.0
psi-int,transfer,validation,15,17,7.0,-14.0,128,-11.1015625,18.564406988188978,0.0,0.0,0.0
psi-int,transfer,validation,15,17,7.0,-7.0,128,-4.140625,18.625738188976378,0.0,0.0,0.0
psi-int,transfer,validation,15,17,7.0,7.0,128,12.578125,17.489911417322833,0.0,0.0,0.0
psi-int,transfer,validation,15,17,7.0,14.0,128,21.1328125,18.242064468503937,0.0,0.0,0.0
psi-int,transfer,validation,15,17,8.0,-16.0,128,-13.421875,17.710383858267715,0.0,0.0,0.0
psi-int,transfer,validation,15,17,8.0,-8.0,128,-5.4921875,19.086552657480315,0.0,0.0,0.0
psi-int,transfer,validation,15,17,8.0,8.0,128,14.09375,15.660433070866143,0.0,0.0,0.0
psi-int,transfer,validation,15,17,8.0,16.0,128,23.90625,17.81791338582677,0.0,0.0,0.0
psi-int,transfer,validation,15,17,9.0,-18.0,128,-15.390625,16.6808562992126,0.0,0.0,0.0
psi-int,transfer,validation,15,17,9.0,-9.0,128,-6.078125,18.78125,0.0,0.0,0.0
psi-int,transfer,validation,15,17,9.0,9.0,128,15.0625,18.830708661417322,0.0,0.0,0.0
psi-int,transfer,validation,15,17,9.0,18.0,128,26.015625,16.015501968503937,0.0,0.0,0.0
psi-int,transfer,validation,15,17,10.0,-20.0,128,-16.8125,16.5,0.0,0.0,0.0
psi-int,transfer,validation,15,17,10.0,-10.0,128,-7.40625,19.786417322834644,0.0,0.0,0.0
psi-int,transfer,validation,15,17,10.0,10.0,128,16.4296875,20.546198326771652,0.0,0.0,0.0
psi-int,transfer,validation,15,17,10.0,20.0,128,28.359375,16.940698818897637,0.0,0.0,0.0
psi-int,transfer,validation,15,17,11.0,-22.0,128,-18.671875,17.655265748031496,0.0,0.0,0.0
psi-int,transfer,validation,15,17,11.0,-11.0,128,-7.8984375,16.832123523622048,0.0,0.0,0.0
psi-int,transfer,validation,15,17,11.0,11.0,128,18.03125,18.07775590551181,0.0,0.0,0.0
psi-int,transfer,validation,15,17,11.0,22.0,128,30.6640625,19.07523375984252,0.0,0.0,0.0
psi-int,transfer,validation,15,17,12.0,-24.0,128,-20.40625,16.195866141732285,0.0,0.0,0.0
psi-int,transfer,validation,15,17,12.0,-12.0,128,-8.6640625,17.86263533464567,0.0,0.0,0.0
psi-int,transfer,validation,15,17,12.0,12.0,128,19.0234375,19.188422736220474,0.0,0.0,0.0
psi-int,transfer,validation,15,17,12.0,24.0,128,32.7265625,17.79078494094488,0.0,0.0,0.0
psi-int,transfer,validation,15,17,13.0,-26.0,128,-22.0703125,17.876906988188978,0.0,0.0,0.0
psi-int,transfer,validation,15,17,13.0,-13.0,128,-9.84375,19.203740157480315,0.0,0.0,0.0
psi-int,transfer,validation,15,17,13.0,13.0,128,19.953125,16.91117125984252,0.0,0.0,0.0
psi-int,transfer,validation,15,17,13.0,26.0,128,34.8125,18.18503937007874,0.0,0.0,0.0
psi-int,transfer,validation,15,17,14.0,-28.0,128,-23.8828125,15.427103838582678,0.0,0.0,0.0
psi-int,transfer,validation,15,17,14.0,-14.0,128,-10.25,18.89763779527559,0.0,0.0,0.0
psi-int,transfer,validation,15,17,14.0,14.0,128,21.734375,16.55880905511811,0.0,0.0,0.0
psi-int,transfer,validation,15,17,14.0,28.0,128,36.453125,17.80880905511811,0.0,0.0,0.0
psi-int,transfer,validation,15,17,15.0,-30.0,128,-25.6328125,15.919229822834646,0.0,0.0,0.0
psi-int,transfer,validation,15,17,15.0,-15.0,128,-10.7265625,19.397084153543307,0.0,0.0,0.0
psi-int,transfer,validation,15,17,15.0,15.0,128,22.2578125,15.578678641732283,0.0,0.0,0.0
psi-int,transfer,validation,15,17,15.0,30.0,128,38.859375,15.63361220472441,0.0,0.0,0.0
psi-int,transfer,validation,15,17,16.0,-32.0,128,-27.21875,17.47933070866142,0.0,0.0,0.0
psi-int,transfer,validation,15,17,16.0,-16.0,128,-11.6875,18.200787401574804,0.0,0.0,0.0
psi-int,transfer,validation,15,17,16.0,16.0,128,23.5703125,20.98714320866142,0.0,0.0,0.0
psi-int,transfer,validation,15,17,16.0,32.0,128,40.4140625,17.283895177165356,0.0,0.0,0.0
psi-int,transfer,validation,15,17,17.0,-34.0,128,-28.2890625,15.230745570866143,0.0,0.0,0.0
psi-int,transfer,validation,15,17,17.0,-17.0,128,-12.3515625,18.308501476377952,0.0,0.0,0.0
psi-int,transfer,validation,15,17,17.0,17.0,128,24.5234375,17.322281003937007,0.0,0.0,0.0
psi-int,transfer,validation,15,17,17.0,34.0,128,42.046875,17.273375984251967,0.0,0.0,0.0
psi-int,transfer,validation,15,17,18.0,-36.0,128,-29.9140625,16.441375492125985,0.0,0.0,0.0
psi-int,transfer,validation,15,17,18.0,-18.0,128,-12.9765625,17.86558809055118,0.0,0.0,0.0
psi-int,transfer,validation,15,17,18.0,18.0,128,24.7578125,17.177103838582678,0.0,0.0,0.0
psi-int,transfer,validation,15,17,18.0,36.0,128,43.828125,19.78125,0.0,0.0,0.0
psi-int,transfer,validation,15,17,19.0,-38.0,128,-31.640625,17.712352362204726,0.0,0.0,0.0
psi-int,transfer,validation,15,17,19.0,-19.0,128,-13.9609375,19.061454232283463,0.0,0.0,0.0
psi-int,transfer,validation,15,17,19.0,19.0,128,25.828125,18.442667322834644,0.0,0.0,0.0
psi-int,transfer,validation,15,17,19.0,38.0,128,45.5625,22.043307086614174,0.0,0.0,0.0
psi-int,transfer,validation,15,17,20.0,-40.0,128,-33.0078125,16.8582062007874,0.0,0.0,0.0
psi-int,transfer,validation,15,17,20.0,-20.0,128,-14.65625,14.668307086614174,0.0,0.0,0.0
psi-int,transfer,validation,15,17,20.0,20.0,128,26.953125,17.052903543307085,0.0,0.0,0.0
psi-int,transfer,validation,15,17,20.0,40.0,128,47.265625,23.03125,0.0,0.0,0.0
psi-int,transfer,validation,15,17,21.0,-42.0,128,-34.3359375,17.75239911417323,0.0,0.0,0.0
psi-int,transfer,validation,15,17,21.0,-21.0,128,-15.625,19.653543307086615,0.0,0.0,0.0
psi-int,transfer,validation,15,17,21.0,21.0,128,27.71875,19.2746062992126,0.0,0.0,0.0
psi-int,transfer,validation,15,17,21.0,42.0,128,48.65625,24.02263779527559,0.0,0.0,0.0
psi-int,transfer,validation,15,17,22.0,-44.0,128,-36.1015625,18.454170767716537,0.0,0.0,0.0
psi-int,transfer,validation,15,17,22.0,-22.0,128,-16.609375,21.26353346456693,0.0,0.0,0.0
psi-int,transfer,validation,15,17,22.0,22.0,128,29.0546875,19.296198326771652,0.0,0.0,0.0
psi-int,transfer,validation,15,17,22.0,44.0,128,50.2734375,26.782910925196852,0.0,0.0,0.0
psi-int,transfer,validation,15,17,23.0,-46.0,128,-37.3515625,16.13527312992126,0.0,0.0,0.0
psi-int,transfer,validation,15,17,23.0,-23.0,128,-17.40625,15.030511811023622,0.0,0.0,0.0
psi-int,transfer,validation,15,17,23.0,23.0,128,29.546875,17.887549212598426,0.0,0.0,0.0
psi-int,transfer,validation,15,17,23.0,46.0,128,51.8828125,24.56096210629921,0.0,0.0,0.0
psi-int,transfer,validation,15,17,24.0,-48.0,128,-39.0078125,17.141670767716537,0.0,0.0,0.0
psi-int,transfer,validation,15,17,24.0,-24.0,128,-18.0390625,18.116572342519685,0.0,0.0,0.0
psi-int,transfer,validation,15,17,24.0,24.0,128,30.203125,16.604084645669293,0.0,0.0,0.0
psi-int,transfer,validation,15,17,24.0,48.0,128,53.5,23.77952755905512,0.0,0.0,0.0
psi-int,transfer,validation,15,17,25.0,-50.0,128,-40.3671875,16.816867618110237,0.0,0.0,0.0
psi-int,transfer,validation,15,17,25.0,-25.0,128,-18.6328125,17.226316437007874,0.0,0.0,0.0
psi-int,transfer,validation,15,17,25.0,25.0,128,31.5625,23.633858267716537,0.0,0.0,0.0
psi-int,transfer,validation,15,17,25.0,50.0,128,55.7265625,21.853777066929133,0.0,0.0,0.0
psi-int,transfer,validation,15,17,26.0,-52.0,128,-42.0234375,15.298658956692913,0.0,0.0,0.0
psi-int,transfer,validation,15,17,26.0,-26.0,128,-19.6484375,18.119525098425196,0.0,0.0,0.0
psi-int,transfer,validation,15,17,26.0,26.0,128,32.375,21.03937007874016,0.0,0.0,0.0
psi-int,transfer,validation,15,17,26.0,52.0,128,57.40625,24.526574803149607,0.0,0.0,0.0
psi-int,transfer,validation,15,17,27.0,-54.0,128,-43.765625,13.850147637795276,0.0,0.0,0.0
psi-int,transfer,validation,15,17,27.0,-27.0,128,-20.453125,17.667076771653544,0.0,0.0,0.0
psi-int,transfer,validation,15,17,27.0,27.0,128,33.15625,22.32185039370079,0.0,0.0,0.0
psi-int,transfer,validation,15,17,27.0,54.0,128,58.8359375,24.783895177165356,0.0,0.0,0.0
psi-int,transfer,validation,15,17,28.0,-56.0,128,-45.625,14.976377952755906,0.0,0.0,0.0
psi-int,transfer,validation,15,17,28.0,-28.0,128,-21.140625,17.17691929133858,0.0,0.0,0.0
psi-int,transfer,validation,15,17,28.0,28.0,128,34.2421875,19.114111712598426,0.0,0.0,0.0
psi-int,transfer,validation,15,17,28.0,56.0,128,60.90625,24.211614173228348,0.0,0.0,0.0
psi-int,transfer,validation,15,17,29.0,-58.0,128,-46.546875,15.808809055118111,0.0,0.0,0.0
psi-int,transfer,validation,15,17,29.0,-29.0,128,-21.5078125,16.409387303149607,0.0,0.0,0.0
psi-int,transfer,validation,15,17,29.0,29.0,128,35.3515625,21.678580216535433,0.0,0.0,0.0
psi-int,transfer,validation,15,17,29.0,58.0,128,62.3203125,23.809977854330707,0.0,0.0,0.0
psi-int,transfer,validation,15,17,30.0,-60.0,128,-47.765625,15.97613188976378,0.0,0.0,0.0
psi-int,transfer,validation,15,17,30.0,-30.0,128,-22.9140625,16.56735974409449,0.0,0.0,0.0
psi-int,transfer,validation,15,17,30.0,30.0,128,35.8828125,20.07277312992126,0.0,0.0,0.0
psi-int,transfer,validation,15,17,30.0,60.0,128,64.3203125,22.628875492125985,0.0,0.0,0.0
psi-int,transfer,validation,15,17,31.0,-62.0,128,-49.71875,13.652559055118111,0.0,0.0,0.0
psi-int,transfer,validation,15,17,31.0,-31.0,128,-23.8359375,16.673658956692915,0.0,0.0,0.0
psi-int,transfer,validation,15,17,31.0,31.0,128,37.3125,22.38976377952756,0.0,0.0,0.0
psi-int,transfer,validation,15,17,31.0,62.0,128,65.4609375,23.053580216535433,0.0,0.0,0.0
psi-ne,transfer,calibration,0,0,5.000000000000001,5e-06,128,7.945433154702187,1.2883279870899063,0.0,0.0,0.0
psi-ne,transfer,calibration,0,0,6.0,6e-06,128,8.307187512516975,1.2088820112209109,0.0,0.0,0.0
psi-ne,transfer,calibration,0,0,7.000000000000001,7.000000000000001e-06,128,8.923508897423744,1.296856290670589,0.0,0.0,0.0
psi-ne,transfer,calibration,0,0,8.000000000000002,8.000000000000001e-06,128,9.770158872008324,0.8448592274693223,0.0,0.0,0.0
psi-ne,transfer,calibration,0,0,9.000000000000002,9.000000000000002e-06,128,10.419996961951256,1.2312421316447497,0.0,0.0,0.0
psi-ne,transfer,calibration,0,0,10.000000000000002,1e-05,128,11.360790058970451,1.0175838940858741,0.0,0.0,0.0
psi-ne,transfer,calibration,0,0,11.000000000000002,1.1000000000000001e-05,128,11.960853278636932,1.3135639119410685,0.0,0.0,0.0
psi-ne,transfer,calibration,0,0,12.000000000000002,1.2000000000000002e-05,128,13.022643759846687,1.0995240296676325,0.0,0.0,0.0
psi-ne,transfer,calibration,0,0,13.000000000000002,1.3000000000000001e-05,128,13.97568529844284,1.0723103299205772,0.0,0.0,0.0
psi-ne,transfer,calibration,0,0,14.000000000000002,1.4000000000000001e-05,128,14.996677964925766,0.8707077995630501,0.0,0.0,0.0
psi-ne,transfer,calibration,0,0,15.0,1.4999999999999999e-05,128,15.886260360479355,1.3142965379175524,0.0,0.0,0.0
psi-ne,transfer,calibration,0,0,16.0,1.6e-05,128,17.045043036341667,1.3181531105906503,0.0,0.0,0.0
psi-ne,transfer,calibration,0,0,17.0,1.7e-05,128,18.039186283946037,1.3163716247561619,0.0,0.0,0.0
psi-ne,transfer,calibration,0,0,18.0,1.8e-05,128,19.230505287647247,1.059149847745491,0.0,0.0,0.0
psi-ne,transfer,calibration,0,0,19.000000000000004,1.9e-05,128,20.388912230730057,1.161385455175027,0.0,0.0,0.0
psi-ne,transfer,calibration,0,0,20.000000000000004,2e-05,128,21.639102026820183,1.271618610739695,0.0,0.0,0.0
psi-ne,transfer,calibration,0,0,21.000000000000004,2.1000000000000002e-05,128,22.45043496787548,1.2240580135509205,0.0,0.0,0.0
psi-ne,transfer,calibration,0,0,22.0,2.2e-05,128,23.863623663783073,1.4564942008644144,0.0,0.0,0.0
psi-ne,transfer,calibration,0,0,23.0,2.3e-05,128,25.048081323504448,1.3249770570452915,0.0,0.0,0.0
psi-ne,transfer,calibration,0,0,24.0,2.4e-05,128,26.115000531077385,1.454224107339876,0.0,0.0,0.0
psi-ne,transfer,calibration,0,0,25.000000000000004,2.5e-05,128,27.033014819025993,0.9116890676764201,0.0,0.0,0.0
psi-ne,transfer,calibration,1,1,5.000000000000001,5e-06,128,7.414550274610519,0.9534769776607166,0.0,0.0,0.0
psi-ne,transfer,calibration,1,1,6.0,6e-06,128,7.97461810708046,0.8855324520646894,0.0,0.0,0.0
psi-ne,transfer,calibration,1,1,7.000000000000001,7.000000000000001e-06,128,8.61321759223938,1.114537447590991,0.0,0.0,0.0
psi-ne,transfer,calibration,1,1,8.000000000000002,8.000000000000001e-06,128,9.250559002161026,1.0200721071446195,0.0,0.0,0.0
psi-ne,transfer,calibration,1,1,9.000000000000002,9.000000000000002e-06,128,9.953989058732986,0.9239862960807717,0.0,0.0,0.0
psi-ne,transfer,calibration,1,1,10.000000000000002,1e-05,128,10.928943574428558,1.0493183706345717,0.0,0.0,0.0
psi-ne,transfer,calibration,1,1,11.000000000000002,1.1000000000000001e-05,128,11.5346177816391,0.9208295799650276,0.0,0.0,0.0
psi-ne,transfer,calibration,1,1,12.000000000000002,1.2000000000000002e-05,128,12.43394336104393,0.8264267530752427,0.0,0.0,0.0
psi-ne,transfer,calibration,1,1,13.000000000000002,1.3000000000000001e-05,128,13.425637871026993,0.8508097541986769,0.0,0.0,0.0
psi-ne,transfer,calibration,1,1,14.000000000000002,1.4000000000000001e-05,128,14.233981847763062,1.0640728143886566,0.0,0.0,0.0
psi-ne,transfer,calibration,1,1,15.0,1.4999999999999999e-05,128,15.272282987833023,1.0746839693987156,0.0,0.0,0.0
psi-ne,transfer,calibration,1,1,16.0,1.6e-05,128,16.542263597249985,0.9106095532649052,0.0,0.0,0.0
psi-ne,transfer,calibration,1,1,17.0,1.7e-05,128,17.4742002338171,1.1207129930017816,0.0,0.0,0.0
psi-ne,transfer,calibration,1,1,18.0,1.8e-05,128,18.55636215209961,0.9674290989731978,0.0,0.0,0.0
psi-ne,transfer,calibration,1,1,19.000000000000004,1.9e-05,128,19.701252326369286,1.18097501846087,0.0,0.0,0.0
psi-ne,transfer,calibration,1,1,20.000000000000004,2e-05,128,21.041598722338676,1.0732913109371174,0.0,0.0,0.0
psi-ne,transfer,calibration,1,1,21.000000000000004,2.1000000000000002e-05,128,22.020986109972,1.265863517115532,0.0,0.0,0.0
psi-ne,transfer,calibration,1,1,22.0,2.2e-05,128,23.1900644749403,0.9664145479042087,0.0,0.0,0.0
psi-ne,transfer,calibration,1,1,23.0,2.3e-05,128,24.320226103067398,0.9940658535030654,0.0,0.0,0.0
psi-ne,transfer,calibration,1,1,24.0,2.4e-05,128,25.273756369948387,0.812011360937736,0.0,0.0,0.0
psi-ne,transfer,calibration,1,1,25.000000000000004,2.5e-05,128,26.321706146001816,0.9689656843272222,0.0,0.0,0.0
psi-ne,transfer,calibration,2,3,5.000000000000001,5e-06,128,7.795798301696777,1.1607379666142308,0.0,0.0,0.0
psi-ne,transfer,calibration,2,3,6.0,6e-06,128,8.337432295084,1.0249949570745003,0.0,0.0,0.0
psi-ne,transfer,calibration,2,3,7.000000000000001,7.000000000000001e-06,128,8.966767966747284,0.8486965344477657,0.0,0.0,0.0
psi-ne,transfer,calibration,2,3,8.000000000000002,8.000000000000001e-06,128,9.533358573913574,0.7277595389847035,0.0,0.0,0.0
psi-ne,transfer,calibration,2,3,9.000000000000002,9.000000000000002e-06,128,10.433424204587936,0.9268031555530444,0.0,0.0,0.0
psi-ne,transfer,calibration,2,3,10.000000000000002,1e-05,128,11.041208773851395,0.8966631615643204,0.0,0.0,0.0
psi-ne,transfer,calibration,2,3,11.000000000000002,1.1000000000000001e-05,128,11.925387024879456,0.8121861891286244,0.0,0.0,0.0
psi-ne,transfer,calibration,2,3,12.000000000000002,1.2000000000000002e-05,128,12.599224716424942,1.0936658664903494,0.0,0.0,0.0
psi-ne,transfer,calibration,2,3,13.000000000000002,1.3000000000000001e-05,128,13.615621775388718,1.0062814335689862,0.0,0.0,0.0
psi-ne,transfer,calibration,2,3,14.000000000000002,1.4000000000000001e-05,128,14.403151124715805,1.0399594604945197,0.0,0.0,0.0
psi-ne,transfer,calibration,2,3,15.0,1.4999999999999999e-05,128,15.593734472990036,0.8103370017342235,0.0,0.0,0.0
psi-ne,transfer,calibration,2,3,16.0,1.6e-05,128,16.59725445508957,1.0508242154278855,0.0,0.0,0.0
psi-ne,transfer,calibration,2,3,17.0,1.7e-05,128,17.62570272386074,1.098232763497289,0.0,0.0,0.0
psi-ne,transfer,calibration,2,3,18.0,1.8e-05,128,18.764706149697304,0.7509517690125033,0.0,0.0,0.0
psi-ne,transfer,calibration,2,3,19.000000000000004,1.9e-05,128,19.88286578655243,0.7608153858293194,0.0,0.0,0.0
psi-ne,transfer,calibration,2,3,20.000000000000004,2e-05,128,20.843625843524933,1.131723428692604,0.0,0.0,0.0
psi-ne,transfer,calibration,2,3,21.000000000000004,2.1000000000000002e-05,128,21.980415299534798,0.8759673679830747,0.0,0.0,0.0
psi-ne,transfer,calibration,2,3,22.0,2.2e-05,128,23.272572800517082,0.8654002433911334,0.0,0.0,0.0
psi-ne,transfer,calibration,2,3,23.0,2.3e-05,128,24.177594855427742,1.0395675467684928,0.0,0.0,0.0
psi-ne,transfer,calibration,2,3,24.0,2.4e-05,128,25.185543939471245,1.0020746512618708,0.0,0.0,0.0
psi-ne,transfer,calibration,2,3,25.000000000000004,2.5e-05,128,26.203217834234238,0.9590887114864401,0.0,0.0,0.0
psi-ne,transfer,calibration,3,4,5.000000000000001,5e-06,128,10.24796399474144,1.3882004612273298,0.0,0.0,0.0
psi-ne,transfer,calibration,3,4,6.0,6e-06,128,11.20469519495964,1.2223915729974941,0.0,0.0,0.0
psi-ne,transfer,calibration,3,4,7.000000000000001,7.000000000000001e-06,128,12.0250094383955,1.345943008810251,0.0,0.0,0.0
psi-ne,transfer,calibration,3,4,8.000000000000002,8.000000000000001e-06,128,12.890372425317764,1.6503629666778932,0.0,0.0,0.0
psi-ne,transfer,calibration,3,4,9.000000000000002,9.000000000000002e-06,128,13.994005650281906,1.5847117677118117,0.0,0.0,0.0
psi-ne,transfer,calibration,3,4,10.000000000000002,1e-05,128,14.82135683298111,1.4675250355886735,0.0,0.0,0.0
psi-ne,transfer,calibration,3,4,11.000000000000002,1.1000000000000001e-05,128,16.180116221308708,1.4928065994590176,0.0,0.0,0.0
psi-ne,transfer,calibration,3,4,12.000000000000002,1.2000000000000002e-05,128,17.177359476685524,1.408941536353178,0.0,0.0,0.0
psi-ne,transfer,calibration,3,4,13.000000000000002,1.3000000000000001e-05,128,18.463995292782784,1.2102679591304397,0.0,0.0,0.0
psi-ne,transfer,calibration,3,4,14.000000000000002,1.4000000000000001e-05,128,19.702549934387207,1.6942685007755451,0.0,0.0,0.0
psi-ne,transfer,calibration,3,4,15.0,1.4999999999999999e-05,128,21.107317343354225,1.2265170898308484,0.0,0.0,0.0
psi-ne,transfer,calibration,3,4,16.0,1.6e-05,128,22.626741260290146,1.1657598269316538,0.0,0.0,0.0
psi-ne,transfer,calibration,3,4,17.0,1.7e-05,128,23.869532629847527,1.494277152701864,0.0,0.0,0.0
psi-ne,transfer,calibration,3,4,18.0,1.8e-05,128,25.429502978920937,1.427149296055887,0.0,0.0,0.0
psi-ne,transfer,calibration,3,4,19.000000000000004,1.9e-05,128,27.102203711867332,1.2392046156155792,0.0,0.0,0.0
psi-ne,transfer,calibration,3,4,20.000000000000004,2e-05,128,28.644965335726738,1.653898317604857,0.0,0.0,0.0
psi-ne,transfer,calibration,3,4,21.000000000000004,2.1000000000000002e-05,128,29.912183418869972,1.5496229879333252,0.0,0.0,0.0
psi-ne,transfer,calibration,3,4,22.0,2.2e-05,128,31.61959807574749,1.5427487467454681,0.0,0.0,0.0
psi-ne,transfer,calibration,3,4,23.0,2.3e-05,128,32.96051765233278,1.4650397529787387,0.0,0.0,0.0
psi-ne,transfer,calibration,3,4,24.0,2.4e-05,128,34.652747720479965,1.6107861537850852,0.0,0.0,0.0
psi-ne,transfer,calibration,3,4,25.000000000000004,2.5e-05,128,35.920190028846264,1.4512455965662556,0.0,0.0,0.0
psi-ne,transfer,calibration,4,128,5.000000000000001,5e-06,128,8.369811862707138,2.0054393027567237,0.0,0.0,0.0
psi-ne,transfer,calibration,4,128,6.0,6e-06,128,9.101030975580215,2.5165969140495594,0.0,0.0,0.0
psi-ne,transfer,calibration,4,128,7.000000000000001,7.000000000000001e-06,128,9.40207490324974,2.668317078359277,0.0,0.0,0.0
psi-ne,transfer,calibration,4,128,8.000000000000002,8.000000000000001e-06,128,10.333939224481583,2.5295559033562194,0.0,0.0,0.0
psi-ne,transfer,calibration,4,128,9.000000000000002,9.000000000000002e-06,128,10.947963774204254,2.742744951713347,0.0,0.0,0.0
psi-ne,transfer,calibration,4,128,10.000000000000002,1e-05,128,11.636828184127808,2.114756555094988,0.0,0.0,0.0
psi-ne,transfer,calibration,4,128,11.000000000000002,1.1000000000000001e-05,128,12.648102760314941,2.6067410245004723,0.0,0.0,0.0
psi-ne,transfer,calibration,4,128,12.000000000000002,1.2000000000000002e-05,128,13.581033438444138,2.32587809312241,0.0,0.0,0.0
psi-ne,transfer,calibration,4,128,13.000000000000002,1.3000000000000001e-05,128,14.477286353707314,2.289166680944104,0.0,0.0,0.0
psi-ne,transfer,calibration,4,128,14.000000000000002,1.4000000000000001e-05,128,15.60917167365551,2.61847695814345,0.0,0.0,0.0
psi-ne,transfer,calibration,4,128,15.0,1.4999999999999999e-05,128,16.409867137670517,1.9469337888283191,0.0,0.0,0.0
psi-ne,transfer,calibration,4,128,16.0,1.6e-05,128,17.51289138197899,1.8836843907520704,0.0,0.0,0.0
psi-ne,transfer,calibration,4,128,17.0,1.7e-05,128,18.413695335388184,2.2259873152442604,0.0,0.0,0.0
psi-ne,transfer,calibration,4,128,18.0,1.8e-05,128,19.67714859545231,2.3676700787223286,0.0,0.0,0.0
psi-ne,transfer,calibration,4,128,19.000000000000004,1.9e-05,128,21.07335491478443,2.4100202977207257,0.0,0.0,0.0
psi-ne,transfer,calibration,4,128,20.000000000000004,2e-05,128,22.156164273619652,2.9737918191521584,0.0,0.0,0.0
psi-ne,transfer,calibration,4,128,21.000000000000004,2.1000000000000002e-05,128,23.102275505661964,2.1393487459267937,0.0,0.0,0.0
psi-ne,transfer,calibration,4,128,22.0,2.2e-05,128,24.005783051252365,2.8502062001186736,0.0,0.0,0.0
psi-ne,transfer,calibration,4,128,23.0,2.3e-05,128,25.24463202059269,2.403527396327,0.0,0.0,0.0
psi-ne,transfer,calibration,4,128,24.0,2.4e-05,128,26.682037264108658,2.770742326440274,0.0,0.0,0.0
psi-ne,transfer,calibration,4,128,25.000000000000004,2.5e-05,128,27.370561853051186,2.502244129568147,0.0,0.0,0.0
psi-ne,transfer,calibration,5,129,5.000000000000001,5e-06,128,7.986639142036438,1.5184595738113464,0.0,0.0,0.0
psi-ne,transfer,calibration,5,129,6.0,6e-06,128,8.702125310897827,1.5504423639785538,0.0,0.0,0.0
psi-ne,transfer,calibration,5,129,7.000000000000001,7.000000000000001e-06,128,9.191177904605865,1.4229053656790434,0.0,0.0,0.0
psi-ne,transfer,calibration,5,129,8.000000000000002,8.000000000000001e-06,128,9.84696102142334,1.5453548147127685,0.0,0.0,0.0
psi-ne,transfer,calibration,5,129,9.000000000000002,9.000000000000002e-06,128,10.600519984960556,1.3749432584940837,0.0,0.0,0.0
psi-ne,transfer,calibration,5,129,10.000000000000002,1e-05,128,11.479861319065094,1.4743362402273639,0.0,0.0,0.0
psi-ne,transfer,calibration,5,129,11.000000000000002,1.1000000000000001e-05,128,12.541969239711761,1.4932121432988517,0.0,0.0,0.0
psi-ne,transfer,calibration,5,129,12.000000000000002,1.2000000000000002e-05,128,13.535092025995255,1.557054227961163,0.0,0.0,0.0
psi-ne,transfer,calibration,5,129,13.000000000000002,1.3000000000000001e-05,128,14.363537788391113,1.634652921028195,0.0,0.0,0.0
psi-ne,transfer,calibration,5,129,14.000000000000002,1.4000000000000001e-05,128,15.175418943166733,1.3192420613079467,0.0,0.0,0.0
psi-ne,transfer,calibration,5,129,15.0,1.4999999999999999e-05,128,16.1863751411438,1.5329929410148133,0.0,0.0,0.0
psi-ne,transfer,calibration,5,129,16.0,1.6e-05,128,17.531084895133972,1.2205083463982487,0.0,0.0,0.0
psi-ne,transfer,calibration,5,129,17.0,1.7e-05,128,18.448413506150246,1.8623477145537566,0.0,0.0,0.0
psi-ne,transfer,calibration,5,129,18.0,1.8e-05,128,19.549071490764618,1.393926399295856,0.0,0.0,0.0
psi-ne,transfer,calibration,5,129,19.000000000000004,1.9e-05,128,20.734737396240234,1.6110963866122179,0.0,0.0,0.0
psi-ne,transfer,calibration,5,129,20.000000000000004,2e-05,128,21.92250318825245,1.511638256736017,0.0,0.0,0.0
psi-ne,transfer,calibration,5,129,21.000000000000004,2.1000000000000002e-05,128,23.095068633556366,1.692596176036577,0.0,0.0,0.0
psi-ne,transfer,calibration,5,129,22.0,2.2e-05,128,23.997050791978836,1.3907071039619197,0.0,0.0,0.0
psi-ne,transfer,calibration,5,129,23.0,2.3e-05,128,25.099934935569763,1.6584086495974628,0.0,0.0,0.0
psi-ne,transfer,calibration,5,129,24.0,2.4e-05,128,26.36694473028183,1.6410345616921653,0.0,0.0,0.0
psi-ne,transfer,calibration,5,129,25.000000000000004,2.5e-05,128,27.524390816688538,1.7071374431824615,0.0,0.0,0.0
psi-ne,transfer,calibration,6,130,5.000000000000001,5e-06,128,8.166313916444778,0.9801156740261306,0.0,0.0,0.0
psi-ne,transfer,calibration,6,130,6.0,6e-06,128,8.862617582082748,0.8664757466379268,0.0,0.0,0.0
psi-ne,transfer,calibration,6,130,7.000000000000001,7.000000000000001e-06,128,9.511739864945412,0.8221049428184593,0.0,0.0,0.0
psi-ne,transfer,calibration,6,130,8.000000000000002,8.000000000000001e-06,128,10.206118747591972,0.8929735865686828,0.0,0.0,0.0
psi-ne,transfer,calibration,6,130,9.000000000000002,9.000000000000002e-06,128,11.197706192731857,0.9825799476528202,0.0,0.0,0.0
psi-ne,transfer,calibration,6,130,10.000000000000002,1e-05,128,11.926019877195358,0.9842762409717083,0.0,0.0,0.0
psi-ne,transfer,calibration,6,130,11.000000000000002,1.1000000000000001e-05,128,12.679411068558693,0.896392890674474,0.0,0.0,0.0
psi-ne,transfer,calibration,6,130,12.000000000000002,1.2000000000000002e-05,128,13.606291323900223,1.0047121601541362,0.0,0.0,0.0
psi-ne,transfer,calibration,6,130,13.000000000000002,1.3000000000000001e-05,128,14.526519298553467,0.9901483903682445,0.0,0.0,0.0
psi-ne,transfer,calibration,6,130,14.000000000000002,1.4000000000000001e-05,128,15.65322995185852,1.0409876397222726,0.0,0.0,0.0
psi-ne,transfer,calibration,6,130,15.0,1.4999999999999999e-05,128,16.591083079576492,0.7853726215633228,0.0,0.0,0.0
psi-ne,transfer,calibration,6,130,16.0,1.6e-05,128,17.78505003452301,0.9403404086172336,0.0,0.0,0.0
psi-ne,transfer,calibration,6,130,17.0,1.7e-05,128,18.667981296777725,0.8477085757293215,0.0,0.0,0.0
psi-ne,transfer,calibration,6,130,18.0,1.8e-05,128,19.962953820824623,0.9990139511455022,0.0,0.0,0.0
psi-ne,transfer,calibration,6,130,19.000000000000004,1.9e-05,128,21.12127546966076,1.079059807858956,0.0,0.0,0.0
psi-ne,transfer,calibration,6,130,20.000000000000004,2e-05,128,22.32431109249592,0.9429976058244542,0.0,0.0,0.0
psi-ne,transfer,calibration,6,130,21.000000000000004,2.1000000000000002e-05,128,23.445962324738503,0.9092105829366279,0.0,0.0,0.0
psi-ne,transfer,calibration,6,130,22.0,2.2e-05,128,24.84716610610485,1.0943498815302153,0.0,0.0,0.0
psi-ne,transfer,calibration,6,130,23.0,2.3e-05,128,25.83398661017418,1.02351022384633,0.0,0.0,0.0
psi-ne,transfer,calibration,6,130,24.0,2.4e-05,128,26.813974104821682,0.9519587449687226,0.0,0.0,0.0
psi-ne,transfer,calibration,6,130,25.000000000000004,2.5e-05,128,27.81894987076521,0.9842703478436189,0.0,0.0,0.0
psi-ne,transfer,calibration,7,131,5.000000000000001,5e-06,128,8.155902862548828,0.9120177100121509,0.0,0.0,0.0
psi-ne,transfer,calibration,7,131,6.0,6e-06,128,8.75763389468193,1.0931723208954138,0.0,0.0,0.0
psi-ne,transfer,calibration,7,131,7.000000000000001,7.000000000000001e-06,128,9.470001131296158,1.0372457471917884,0.0,0.0,0.0
psi-ne,transfer,calibration,7,131,8.000000000000002,8.000000000000001e-06,128,10.30351310968399,1.1833099270551415,0.0,0.0,0.0
psi-ne,transfer,calibration,7,131,9.000000000000002,9.000000000000002e-06,128,10.882167935371399,0.9120468622530341,0.0,0.0,0.0
psi-ne,transfer,calibration,7,131,10.000000000000002,1e-05,128,11.902214109897614,1.3217836971136614,0.0,0.0,0.0
psi-ne,transfer,calibration,7,131,11.000000000000002,1.1000000000000001e-05,128,12.658813670277596,1.1397690896453954,0.0,0.0,0.0
psi-ne,transfer,calibration,7,131,12.000000000000002,1.2000000000000002e-05,128,13.444289699196815,0.9809884874571786,0.0,0.0,0.0
psi-ne,transfer,calibration,7,131,13.000000000000002,1.3000000000000001e-05,128,14.3935656696558,1.124170109173582,0.0,0.0,0.0
psi-ne,transfer,calibration,7,131,14.000000000000002,1.4000000000000001e-05,128,15.404523357748985,1.2648774527263713,0.0,0.0,0.0
psi-ne,transfer,calibration,7,131,15.0,1.4999999999999999e-05,128,16.50841462612152,1.125981989370938,0.0,0.0,0.0
psi-ne,transfer,calibration,7,131,16.0,1.6e-05,128,17.63832053542137,1.255502268643365,0.0,0.0,0.0
psi-ne,transfer,calibration,7,131,17.0,1.7e-05,128,18.59228126704693,1.0160360709047214,0.0,0.0,0.0
psi-ne,transfer,calibration,7,131,18.0,1.8e-05,128,19.77230417728424,1.2765762400957035,0.0,0.0,0.0
psi-ne,transfer,calibration,7,131,19.000000000000004,1.9e-05,128,20.858467757701874,1.0247321037806025,0.0,0.0,0.0
psi-ne,transfer,calibration,7,131,20.000000000000004,2e-05,128,22.17501077055931,1.2398734785365153,0.0,0.0,0.0
psi-ne,transfer,calibration,7,131,21.000000000000004,2.1000000000000002e-05,128,23.198171764612198,1.1410490492658587,0.0,0.0,0.0
psi-ne,transfer,calibration,7,131,22.0,2.2e-05,128,24.27868840098381,1.2582039810444612,0.0,0.0,0.0
psi-ne,transfer,calibration,7,131,23.0,2.3e-05,128,25.57918970286846,1.507874230079678,0.0,0.0,0.0
psi-ne,transfer,calibration,7,131,24.0,2.4e-05,128,26.763774529099464,1.2102213800528316,0.0,0.0,0.0
psi-ne,transfer,calibration,7,131,25.000000000000004,2.5e-05,128,27.51943300664425,1.0155854246013185,0.0,0.0,0.0
psi-ne,transfer,calibration,8,256,5.000000000000001,5e-06,128,8.390021234750748,0.9130711823040778,0.0,0.0,0.0
psi-ne,transfer,calibration,8,256,6.0,6e-06,128,9.04252603650093,0.8774044103123668,0.0,0.0,0.0
psi-ne,transfer,calibration,8,256,7.000000000000001,7.000000000000001e-06,128,9.736590564250946,1.0217814609669507,0.0,0.0,0.0
psi-ne,transfer,calibration,8,256,8.000000000000002,8.000000000000001e-06,128,10.411286294460297,0.9600633436227917,0.0,0.0,0.0
psi-ne,transfer,calibration,8,256,9.000000000000002,9.000000000000002e-06,128,11.263302773237228,0.9587040195320271,0.0,0.0,0.0
psi-ne,transfer,calibration,8,256,10.000000000000002,1e-05,128,11.961721152067184,1.1334229520659755,0.0,0.0,0.0
psi-ne,transfer,calibration,8,256,11.000000000000002,1.1000000000000001e-05,128,12.82456448674202,0.9855435518233635,0.0,0.0,0.0
psi-ne,transfer,calibration,8,256,12.000000000000002,1.2000000000000002e-05,128,13.70693002641201,1.166494834944986,0.0,0.0,0.0
psi-ne,transfer,calibration,8,256,13.000000000000002,1.3000000000000001e-05,128,14.542675226926804,1.1896450629907258,0.0,0.0,0.0
psi-ne,transfer,calibration,8,256,14.000000000000002,1.4000000000000001e-05,128,15.64666710793972,1.0424828366492818,0.0,0.0,0.0
psi-ne,transfer,calibration,8,256,15.0,1.4999999999999999e-05,128,16.649932324886322,1.0518289513371555,0.0,0.0,0.0
psi-ne,transfer,calibration,8,256,16.0,1.6e-05,128,17.4534814953804,0.8500336962965394,0.0,0.0,0.0
psi-ne,transfer,calibration,8,256,17.0,1.7e-05,128,18.711855694651604,1.0908771534144621,0.0,0.0,0.0
psi-ne,transfer,calibration,8,256,18.0,1.8e-05,128,19.83406274020672,0.9332944977293293,0.0,0.0,0.0
psi-ne,transfer,calibration,8,256,19.000000000000004,1.9e-05,128,20.96992215514183,0.9748828357269889,0.0,0.0,0.0
psi-ne,transfer,calibration,8,256,20.000000000000004,2e-05,128,21.926104336977005,0.9452329994973259,0.0,0.0,0.0
psi-ne,transfer,calibration,8,256,21.000000000000004,2.1000000000000002e-05,128,23.01207984983921,1.1312856427099325,0.0,0.0,0.0
psi-ne,transfer,calibration,8,256,22.0,2.2e-05,128,24.01809225976467,0.9273370262479379,0.0,0.0,0.0
psi-ne,transfer,calibration,8,256,23.0,2.3e-05,128,25.001762226223946,1.0245466136195318,0.0,0.0,0.0
psi-ne,transfer,calibration,8,256,24.0,2.4e-05,128,26.040472835302353,1.0033706772687176,0.0,0.0,0.0
psi-ne,transfer,calibration,8,256,25.000000000000004,2.5e-05,128,26.99594783782959,0.9345032001145328,0.0,0.0,0.0
psi-ne,transfer,calibration,9,261,5.000000000000001,5e-06,128,8.787836521863937,1.0778923823359128,0.0,0.0,0.0
psi-ne,transfer,calibration,9,261,6.0,6e-06,128,9.553187638521194,1.4259477682274289,0.0,0.0,0.0
psi-ne,transfer,calibration,9,261,7.000000000000001,7.000000000000001e-06,128,10.26490443944931,1.3294529629386849,0.0,0.0,0.0
psi-ne,transfer,calibration,9,261,8.000000000000002,8.000000000000001e-06,128,11.079527109861374,1.098336801480543,0.0,0.0,0.0
psi-ne,transfer,calibration,9,261,9.000000000000002,9.000000000000002e-06,128,11.85067531466484,1.3515147017843696,0.0,0.0,0.0
psi-ne,transfer,calibration,9,261,10.000000000000002,1e-05,128,12.684209018945694,1.1960457018405066,0.0,0.0,0.0
psi-ne,transfer,calibration,9,261,11.000000000000002,1.1000000000000001e-05,128,13.610054016113281,1.507656597504603,0.0,0.0,0.0
psi-ne,transfer,calibration,9,261,12.000000000000002,1.2000000000000002e-05,128,14.63153000175953,1.1452046316075437,0.0,0.0,0.0
psi-ne,transfer,calibration,9,261,13.000000000000002,1.3000000000000001e-05,128,15.635502055287361,1.368580180536315,0.0,0.0,0.0
psi-ne,transfer,calibration,9,261,14.000000000000002,1.4000000000000001e-05,128,16.7014449685812,1.6850942005763931,0.0,0.0,0.0
psi-ne,transfer,calibration,9,261,15.0,1.4999999999999999e-05,128,17.805343702435493,1.2172131194761584,0.0,0.0,0.0
psi-ne,transfer,calibration,9,261,16.0,1.6e-05,128,18.927349358797073,1.49166266941595,0.0,0.0,0.0
psi-ne,transfer,calibration,9,261,17.0,1.7e-05,128,19.940295681357384,1.1620675806157603,0.0,0.0,0.0
psi-ne,transfer,calibration,9,261,18.0,1.8e-05,128,21.37568238377571,1.4714251646210157,0.0,0.0,0.0
psi-ne,transfer,calibration,9,261,19.000000000000004,1.9e-05,128,22.454769179224968,0.983924612356306,0.0,0.0,0.0
psi-ne,transfer,calibration,9,261,20.000000000000004,2e-05,128,23.72269096970558,1.3848194145530348,0.0,0.0,0.0
psi-ne,transfer,calibration,9,261,21.000000000000004,2.1000000000000002e-05,128,24.86385327577591,1.312727620580676,0.0,0.0,0.0
psi-ne,transfer,calibration,9,261,22.0,2.2e-05,128,26.378580674529076,1.4308015388620523,0.0,0.0,0.0
psi-ne,transfer,calibration,9,261,23.0,2.3e-05,128,27.32067759335041,1.5547856697183937,0.0,0.0,0.0
psi-ne,transfer,calibration,9,261,24.0,2.4e-05,128,28.591511845588684,1.2997941012033132,0.0,0.0,0.0
psi-ne,transfer,calibration,9,261,25.000000000000004,2.5e-05,128,29.59328279644251,1.3500074442086931,0.0,0.0,0.0
psi-ne,transfer,calibration,10,262,5.000000000000001,5e-06,128,8.77440157532692,1.203002659291768,0.0,0.0,0.0
psi-ne,transfer,calibration,10,262,6.0,6e-06,128,9.37967824935913,1.1132590226479806,0.0,0.0,0.0
psi-ne,transfer,calibration,10,262,7.000000000000001,7.000000000000001e-06,128,10.119884192943573,0.94164476812763,0.0,0.0,0.0
psi-ne,transfer,calibration,10,262,8.000000000000002,8.000000000000001e-06,128,10.613028198480606,1.0512004114182116,0.0,0.0,0.0
psi-ne,transfer,calibration,10,262,9.000000000000002,9.000000000000002e-06,128,11.590560585260391,1.1614020871932786,0.0,0.0,0.0
psi-ne,transfer,calibration,10,262,10.000000000000002,1e-05,128,12.322378873825073,1.1366342587917737,0.0,0.0,0.0
psi-ne,transfer,calibration,10,262,11.000000000000002,1.1000000000000001e-05,128,13.161068752408028,1.2401590270357128,0.0,0.0,0.0
psi-ne,transfer,calibration,10,262,12.000000000000002,1.2000000000000002e-05,128,13.986715629696846,1.2995813755537458,0.0,0.0,0.0
psi-ne,transfer,calibration,10,262,13.000000000000002,1.3000000000000001e-05,128,15.032448142766953,1.405121993681991,0.0,0.0,0.0
psi-ne,transfer,calibration,10,262,14.000000000000002,1.4000000000000001e-05,128,16.077133804559708,1.1158113258064877,0.0,0.0,0.0
psi-ne,transfer,calibration,10,262,15.0,1.4999999999999999e-05,128,17.19160082936287,1.2210377595707869,0.0,0.0,0.0
psi-ne,transfer,calibration,10,262,16.0,1.6e-05,128,18.168418020009995,1.2797035488563366,0.0,0.0,0.0
psi-ne,transfer,calibration,10,262,17.0,1.7e-05,128,19.41324208676815,1.2201545220637477,0.0,0.0,0.0
psi-ne,transfer,calibration,10,262,18.0,1.8e-05,128,20.33338664472103,1.1614497209326675,0.0,0.0,0.0
psi-ne,transfer,calibration,10,262,19.000000000000004,1.9e-05,128,21.445554316043854,1.351717012158775,0.0,0.0,0.0
psi-ne,transfer,calibration,10,262,20.000000000000004,2e-05,128,22.68436013162136,0.9143467121690593,0.0,0.0,0.0
psi-ne,transfer,calibration,10,262,21.000000000000004,2.1000000000000002e-05,128,23.827786818146706,1.0371567293266648,0.0,0.0,0.0
psi-ne,transfer,calibration,10,262,22.0,2.2e-05,128,25.06253668665886,1.353750457321094,0.0,0.0,0.0
psi-ne,transfer,calibration,10,262,23.0,2.3e-05,128,26.129589185118675,1.113390310082705,0.0,0.0,0.0
psi-ne,transfer,calibration,10,262,24.0,2.4e-05,128,26.928231462836266,1.0988089223933817,0.0,0.0,0.0
psi-ne,transfer,calibration,10,262,25.000000000000004,2.5e-05,128,27.990059293806553,1.4263969549354005,0.0,0.0,0.0
psi-ne,transfer,calibration,11,273,5.000000000000001,5e-06,128,8.843092501163483,1.2651559548971147,0.0,0.0,0.0
psi-ne,transfer,calibration,11,273,6.0,6e-06,128,9.310560941696167,1.5143466861872164,0.0,0.0,0.0
psi-ne,transfer,calibration,11,273,7.000000000000001,7.000000000000001e-06,128,10.159343883395195,1.2277171836772276,0.0,0.0,0.0
psi-ne,transfer,calibration,11,273,8.000000000000002,8.000000000000001e-06,128,10.758559361100197,1.07915870845866,0.0,0.0,0.0
psi-ne,transfer,calibration,11,273,9.000000000000002,9.000000000000002e-06,128,11.664800509810448,1.4054797315677665,0.0,0.0,0.0
psi-ne,transfer,calibration,11,273,10.000000000000002,1e-05,128,12.314430132508278,1.7491579331577154,0.0,0.0,0.0
psi-ne,transfer,calibration,11,273,11.000000000000002,1.1000000000000001e-05,128,13.396616622805595,1.2152547184105351,0.0,0.0,0.0
psi-ne,transfer,calibration,11,273,12.000000000000002,1.2000000000000002e-05,128,14.133932456374168,1.1966120926720225,0.0,0.0,0.0
psi-ne,transfer,calibration,11,273,13.000000000000002,1.3000000000000001e-05,128,15.189389377832413,1.4173202318987435,0.0,0.0,0.0
psi-ne,transfer,calibration,11,273,14.000000000000002,1.4000000000000001e-05,128,16.40839470922947,1.3392432642480958,0.0,0.0,0.0
psi-ne,transfer,calibration,11,273,15.0,1.4999999999999999e-05,128,17.348403424024582,1.0523977609505433,0.0,0.0,0.0
psi-ne,transfer,calibration,11,273,16.0,1.6e-05,128,18.3810862749815,1.2358461617295027,0.0,0.0,0.0
psi-ne,transfer,calibration,11,273,17.0,1.7e-05,128,19.53385578095913,1.4010042916728878,0.0,0.0,0.0
psi-ne,transfer,calibration,11,273,18.0,1.8e-05,128,20.539002627134323,1.5211194730389745,0.0,0.0,0.0
psi-ne,transfer,calibration,11,273,19.000000000000004,1.9e-05,128,21.85996013879776,1.2355952841678493,0.0,0.0,0.0
psi-ne,transfer,calibration,11,273,20.000000000000004,2e-05,128,23.072966501116753,1.1975783022395736,0.0,0.0,0.0
psi-ne,transfer,calibration,11,273,21.000000000000004,2.1000000000000002e-05,128,24.13701604306698,1.0527317159920315,0.0,0.0,0.0
psi-ne,transfer,calibration,11,273,22.0,2.2e-05,128,25.239435106515884,1.324503847106932,0.0,0.0,0.0
psi-ne,transfer,calibration,11,273,23.0,2.3e-05,128,26.39255614578724,1.4303814030945468,0.0,0.0,0.0
psi-ne,transfer,calibration,11,273,24.0,2.4e-05,128,27.475015364587307,1.6393545345261307,0.0,0.0,0.0
psi-ne,transfer,calibration,11,273,25.000000000000004,2.5e-05,128,28.274643667042255,1.4229118066668565,0.0,0.0,0.0
psi-ne,transfer,calibration,12,385,5.000000000000001,5e-06,128,7.316909641027451,1.030367343052748,0.0,0.0,0.0
psi-ne,transfer,calibration,12,385,6.0,6e-06,128,8.169798493385315,1.0469843226877356,0.0,0.0,0.0
psi-ne,transfer,calibration,12,385,7.000000000000001,7.000000000000001e-06,128,8.671599060297012,1.0922449538416137,0.0,0.0,0.0
psi-ne,transfer,calibration,12,385,8.000000000000002,8.000000000000001e-06,128,9.577062129974365,0.980856153632076,0.0,0.0,0.0
psi-ne,transfer,calibration,12,385,9.000000000000002,9.000000000000002e-06,128,10.133332401514053,1.0875478683383217,0.0,0.0,0.0
psi-ne,transfer,calibration,12,385,10.000000000000002,1e-05,128,11.258972138166428,1.1007766738687728,0.0,0.0,0.0
psi-ne,transfer,calibration,12,385,11.000000000000002,1.1000000000000001e-05,128,11.844453305006027,1.0438650418437008,0.0,0.0,0.0
psi-ne,transfer,calibration,12,385,12.000000000000002,1.2000000000000002e-05,128,12.735632687807083,1.113963382614137,0.0,0.0,0.0
psi-ne,transfer,calibration,12,385,13.000000000000002,1.3000000000000001e-05,128,13.576375156641006,1.1528881930782724,0.0,0.0,0.0
psi-ne,transfer,calibration,12,385,14.000000000000002,1.4000000000000001e-05,128,14.750212103128433,1.0850922408547519,0.0,0.0,0.0
psi-ne,transfer,calibration,12,385,15.0,1.4999999999999999e-05,128,15.619783252477646,1.2347966312542549,0.0,0.0,0.0
psi-ne,transfer,calibration,12,385,16.0,1.6e-05,128,16.805598497390747,1.36487857618426,0.0,0.0,0.0
psi-ne,transfer,calibration,12,385,17.0,1.7e-05,128,17.761268332600594,1.2129589193095611,0.0,0.0,0.0
psi-ne,transfer,calibration,12,385,18.0,1.8e-05,128,18.78868855535984,1.4248138813554279,0.0,0.0,0.0
psi-ne,transfer,calibration,12,385,19.000000000000004,1.9e-05,128,20.094030246138573,1.0812767696633205,0.0,0.0,0.0
psi-ne,transfer,calibration,12,385,20.000000000000004,2e-05,128,21.36531461775303,1.5549890707209515,0.0,0.0,0.0
psi-ne,transfer,calibration,12,385,21.000000000000004,2.1000000000000002e-05,128,22.37679721415043,1.1534339849670905,0.0,0.0,0.0
psi-ne,transfer,calibration,12,385,22.0,2.2e-05,128,23.516809076070786,1.2226301970397213,0.0,0.0,0.0
psi-ne,transfer,calibration,12,385,23.0,2.3e-05,128,24.779210343956947,1.0725985383575312,0.0,0.0,0.0
psi-ne,transfer,calibration,12,385,24.0,2.4e-05,128,25.866340920329094,1.4235529221829764,0.0,0.0,0.0
psi-ne,transfer,calibration,12,385,25.000000000000004,2.5e-05,128,26.863611415028572,1.2141622574143343,0.0,0.0,0.0
psi-ne,transfer,calibration,13,386,5.000000000000001,5e-06,128,7.240419119596481,0.7940331868667113,0.0,0.0,0.0
psi-ne,transfer,calibration,13,386,6.0,6e-06,128,7.78482523560524,0.8120112996952252,0.0,0.0,0.0
psi-ne,transfer,calibration,13,386,7.000000000000001,7.000000000000001e-06,128,8.541065007448196,0.6802955040466886,0.0,0.0,0.0
psi-ne,transfer,calibration,13,386,8.000000000000002,8.000000000000001e-06,128,9.190867006778717,0.7846845447811159,0.0,0.0,0.0
psi-ne,transfer,calibration,13,386,9.000000000000002,9.000000000000002e-06,128,9.986258387565613,0.8331957324132855,0.0,0.0,0.0
psi-ne,transfer,calibration,13,386,10.000000000000002,1e-05,128,10.810833901166916,0.875994721451334,0.0,0.0,0.0
psi-ne,transfer,calibration,13,386,11.000000000000002,1.1000000000000001e-05,128,11.439497023820877,0.9164316197389749,0.0,0.0,0.0
psi-ne,transfer,calibration,13,386,12.000000000000002,1.2000000000000002e-05,128,12.565356075763702,0.795218429099319,0.0,0.0,0.0
psi-ne,transfer,calibration,13,386,13.000000000000002,1.3000000000000001e-05,128,13.369354948401451,0.5808999344529896,0.0,0.0,0.0
psi-ne,transfer,calibration,13,386,14.000000000000002,1.4000000000000001e-05,128,14.500694632530212,0.7738764452751639,0.0,0.0,0.0
psi-ne,transfer,calibration,13,386,15.0,1.4999999999999999e-05,128,15.344371914863586,0.8813147293260374,0.0,0.0,0.0
psi-ne,transfer,calibration,13,386,16.0,1.6e-05,128,16.519010335206985,0.7239217488752419,0.0,0.0,0.0
psi-ne,transfer,calibration,13,386,17.0,1.7e-05,128,17.66727876663208,1.0554914104904751,0.0,0.0,0.0
psi-ne,transfer,calibration,13,386,18.0,1.8e-05,128,18.639500722289085,0.9985828920753611,0.0,0.0,0.0
psi-ne,transfer,calibration,13,386,19.000000000000004,1.9e-05,128,19.894922971725464,0.8041701802402834,0.0,0.0,0.0
psi-ne,transfer,calibration,13,386,20.000000000000004,2e-05,128,21.139348700642586,0.9615861482291692,0.0,0.0,0.0
psi-ne,transfer,calibration,13,386,21.000000000000004,2.1000000000000002e-05,128,22.3700912296772,0.947743270416962,0.0,0.0,0.0
psi-ne,transfer,calibration,13,386,22.0,2.2e-05,128,23.457112595438957,0.9560819875124346,0.0,0.0,0.0
psi-ne,transfer,calibration,13,386,23.0,2.3e-05,128,24.613671988248825,0.7553950271779406,0.0,0.0,0.0
psi-ne,transfer,calibration,13,386,24.0,2.4e-05,128,25.8625870347023,0.7327127779103337,0.0,0.0,0.0
psi-ne,transfer,calibration,13,386,25.000000000000004,2.5e-05,128,26.765058666467667,0.9645953567777004,0.0,0.0,0.0
psi-ne,transfer,calibration,14,387,5.000000000000001,5e-06,128,8.252451658248901,1.6724089707988,0.0,0.0,0.0
psi-ne,transfer,calibration,14,387,6.0,6e-06,128,8.835719048976898,1.4510673977191426,0.0,0.0,0.0
psi-ne,transfer,calibration,14,387,7.000000000000001,7.000000000000001e-06,128,9.356447488069534,1.0978445806542125,0.0,0.0,0.0
psi-ne,transfer,calibration,14,387,8.000000000000002,8.000000000000001e-06,128,9.979818135499954,1.231105087748888,0.0,0.0,0.0
psi-ne,transfer,calibration,14,387,9.000000000000002,9.000000000000002e-06,128,11.126221060752869,1.4881371362963054,0.0,0.0,0.0
psi-ne,transfer,calibration,14,387,10.000000000000002,1e-05,128,11.55794370174408,1.2194924507622018,0.0,0.0,0.0
psi-ne,transfer,calibration,14,387,11.000000000000002,1.1000000000000001e-05,128,12.513540744781494,1.323456137633081,0.0,0.0,0.0
psi-ne,transfer,calibration,14,387,12.000000000000002,1.2000000000000002e-05,128,13.326626375317574,1.4594912616552496,0.0,0.0,0.0
psi-ne,transfer,calibration,14,387,13.000000000000002,1.3000000000000001e-05,128,14.334114477038383,1.3969803846432547,0.0,0.0,0.0
psi-ne,transfer,calibration,14,387,14.000000000000002,1.4000000000000001e-05,128,15.160145238041878,1.3653340304058434,0.0,0.0,0.0
psi-ne,transfer,calibration,14,387,15.0,1.4999999999999999e-05,128,16.389844685792923,1.050063064074105,0.0,0.0,0.0
psi-ne,transfer,calibration,14,387,16.0,1.6e-05,128,17.521511897444725,1.4021590430115531,0.0,0.0,0.0
psi-ne,transfer,calibration,14,387,17.0,1.7e-05,128,18.561446592211723,1.4743022550742908,0.0,0.0,0.0
psi-ne,transfer,calibration,14,387,18.0,1.8e-05,128,19.548280641436577,1.513455351965093,0.0,0.0,0.0
psi-ne,transfer,calibration,14,387,19.000000000000004,1.9e-05,128,20.735568836331367,1.44019523023427,0.0,0.0,0.0
psi-ne,transfer,calibration,14,387,20.000000000000004,2e-05,128,21.972396045923233,0.9436751908043159,0.0,0.0,0.0
psi-ne,transfer,calibration,14,387,21.000000000000004,2.1000000000000002e-05,128,23.09339413046837,1.7394483218587065,0.0,0.0,0.0
psi-ne,transfer,calibration,14,387,22.0,2.2e-05,128,24.12374520301819,1.4568258161560539,0.0,0.0,0.0
psi-ne,transfer,calibration,14,387,23.0,2.3e-05,128,25.2637679874897,1.280564200775962,0.0,0.0,0.0
psi-ne,transfer,calibration,14,387,24.0,2.4e-05,128,26.412290692329407,1.367665659108018,0.0,0.0,0.0
psi-ne,transfer,calibration,14,387,25.000000000000004,2.5e-05,128,27.393367007374763,1.2172409238797668,0.0,0.0,0.0
psi-ne,transfer,calibration,15,392,5.000000000000001,5e-06,128,8.265543043613434,0.8954076325066149,0.0,0.0,0.0
psi-ne,transfer,calibration,15,392,6.0,6e-06,128,8.923150479793549,0.938381709494999,0.0,0.0,0.0
psi-ne,transfer,calibration,15,392,7.000000000000001,7.000000000000001e-06,128,9.68268546462059,0.8383081243499151,0.0,0.0,0.0
psi-ne,transfer,calibration,15,392,8.000000000000002,8.000000000000001e-06,128,10.487267017364502,0.8529303268871846,0.0,0.0,0.0
psi-ne,transfer,calibration,15,392,9.000000000000002,9.000000000000002e-06,128,11.118352890014648,0.8161146690318266,0.0,0.0,0.0
psi-ne,transfer,calibration,15,392,10.000000000000002,1e-05,128,11.995560616254807,0.8969384992534005,0.0,0.0,0.0
psi-ne,transfer,calibration,15,392,11.000000000000002,1.1000000000000001e-05,128,12.877717673778534,0.8994382104881773,0.0,0.0,0.0
psi-ne,transfer,calibration,15,392,12.000000000000002,1.2000000000000002e-05,128,13.743301555514336,0.8679901109590162,0.0,0.0,0.0
psi-ne,transfer,calibration,15,392,13.000000000000002,1.3000000000000001e-05,128,14.865825355052948,1.074002320556312,0.0,0.0,0.0
psi-ne,transfer,calibration,15,392,14.000000000000002,1.4000000000000001e-05,128,15.640172451734543,0.9830276678864496,0.0,0.0,0.0
psi-ne,transfer,calibration,15,392,15.0,1.4999999999999999e-05,128,16.631894692778587,0.7811371446472045,0.0,0.0,0.0
psi-ne,transfer,calibration,15,392,16.0,1.6e-05,128,17.678365379571915,0.8722914053303934,0.0,0.0,0.0
psi-ne,transfer,calibration,15,392,17.0,1.7e-05,128,18.94431535899639,0.7931478714771749,0.0,0.0,0.0
psi-ne,transfer,calibration,15,392,18.0,1.8e-05,128,19.923449337482452,0.6727444529269503,0.0,0.0,0.0
psi-ne,transfer,calibration,15,392,19.000000000000004,1.9e-05,128,21.029123812913895,0.7985210762654864,0.0,0.0,0.0
psi-ne,transfer,calibration,15,392,20.000000000000004,2e-05,128,22.421032637357712,0.9071165503929054,0.0,0.0,0.0
psi-ne,transfer,calibration,15,392,21.000000000000004,2.1000000000000002e-05,128,23.612203031778336,0.9120835026811254,0.0,0.0,0.0
psi-ne,transfer,calibration,15,392,22.0,2.2e-05,128,24.77664214372635,0.9610833344314086,0.0,0.0,0.0
psi-ne,transfer,calibration,15,392,23.0,2.3e-05,128,25.77227231860161,1.0076862192171108,0.0,0.0,0.0
psi-ne,transfer,calibration,15,392,24.0,2.4e-05,128,26.92522570490837,1.0188159366282006,0.0,0.0,0.0
psi-ne,transfer,calibration,15,392,25.000000000000004,2.5e-05,128,27.946388475596905,0.6780053384797678,0.0,0.0,0.0
psi-ne,transfer,validation,0,0,5.000000000000001,5e-06,128,7.76634007692337,1.0266004975574399,0.0,0.0,0.0
psi-ne,transfer,validation,0,0,6.0,6e-06,128,8.419570341706276,1.0898898610143506,0.0,0.0,0.0
psi-ne,transfer,validation,0,0,7.000000000000001,7.000000000000001e-06,128,9.110297352075577,1.0674735119338798,0.0,0.0,0.0
psi-ne,transfer,validation,0,0,8.000000000000002,8.000000000000001e-06,128,9.73080588877201,1.1064791490270303,0.0,0.0,0.0
psi-ne,transfer,validation,0,0,9.000000000000002,9.000000000000002e-06,128,10.445666030049324,1.3181201868644967,0.0,0.0,0.0
psi-ne,transfer,validation,0,0,10.000000000000002,1e-05,128,11.31871423125267,1.046864625657068,0.0,0.0,0.0
psi-ne,transfer,validation,0,0,11.000000000000002,1.1000000000000001e-05,128,12.071082189679146,1.0931695434383353,0.0,0.0,0.0
psi-ne,transfer,validation,0,0,12.000000000000002,1.2000000000000002e-05,128,13.07450196146965,0.9856337859101304,0.0,0.0,0.0
psi-ne,transfer,validation,0,0,13.000000000000002,1.3000000000000001e-05,128,14.150011837482452,1.2642966717162494,0.0,0.0,0.0
psi-ne,transfer,validation,0,0,14.000000000000002,1.4000000000000001e-05,128,14.930746912956238,1.0134717871229857,0.0,0.0,0.0
psi-ne,transfer,validation,0,0,15.0,1.4999999999999999e-05,128,15.943665608763695,1.1135031640417585,0.0,0.0,0.0
psi-ne,transfer,validation,0,0,16.0,1.6e-05,128,17.07089039683342,1.3290061592835365,0.0,0.0,0.0
psi-ne,transfer,validation,0,0,17.0,1.7e-05,128,18.300606280565262,1.3709886490235168,0.0,0.0,0.0
psi-ne,transfer,validation,0,0,18.0,1.8e-05,128,19.39288105070591,1.2583822412348402,0.0,0.0,0.0
psi-ne,transfer,validation,0,0,19.000000000000004,1.9e-05,128,20.329228565096855,1.1180994323443425,0.0,0.0,0.0
psi-ne,transfer,validation,0,0,20.000000000000004,2e-05,128,21.709170892834663,1.2548344449411946,0.0,0.0,0.0
psi-ne,transfer,validation,0,0,21.000000000000004,2.1000000000000002e-05,128,22.791990287601948,1.223222112938355,0.0,0.0,0.0
psi-ne,transfer,validation,0,0,22.0,2.2e-05,128,24.150228425860405,1.5477014290054265,0.0,0.0,0.0
psi-ne,transfer,validation,0,0,23.0,2.3e-05,128,25.043716348707676,1.3179090776893825,0.0,0.0,0.0
psi-ne,transfer,validation,0,0,24.0,2.4e-05,128,26.091111712157726,1.6867771799588194,0.0,0.0,0.0
psi-ne,transfer,validation,0,0,25.000000000000004,2.5e-05,128,27.06278634816408,1.1823928845337326,0.0,0.0,0.0
psi-ne,transfer,validation,1,1,5.000000000000001,5e-06,128,7.554565370082855,0.8594229177195485,0.0,0.0,0.0
psi-ne,transfer,validation,1,1,6.0,6e-06,128,8.070188134908676,1.0008467056504695,0.0,0.0,0.0
psi-ne,transfer,validation,1,1,7.000000000000001,7.000000000000001e-06,128,8.702957540750504,0.9038963673778513,0.0,0.0,0.0
psi-ne,transfer,validation,1,1,8.000000000000002,8.000000000000001e-06,128,9.349590092897415,0.8441598590500308,0.0,0.0,0.0
psi-ne,transfer,validation,1,1,9.000000000000002,9.000000000000002e-06,128,10.015369713306427,0.9604496924527897,0.0,0.0,0.0
psi-ne,transfer,validation,1,1,10.000000000000002,1e-05,128,10.91245248913765,1.107175421925411,0.0,0.0,0.0
psi-ne,transfer,validation,1,1,11.000000000000002,1.1000000000000001e-05,128,11.544850796461105,0.9647597993414831,0.0,0.0,0.0
psi-ne,transfer,validation,1,1,12.000000000000002,1.2000000000000002e-05,128,12.570389807224274,1.1577338799993455,0.0,0.0,0.0
psi-ne,transfer,validation,1,1,13.000000000000002,1.3000000000000001e-05,128,13.313165307044983,0.8699779795139094,0.0,0.0,0.0
psi-ne,transfer,validation,1,1,14.000000000000002,1.4000000000000001e-05,128,14.385203748941422,0.7886106256832586,0.0,0.0,0.0
psi-ne,transfer,validation,1,1,15.0,1.4999999999999999e-05,128,15.35801488161087,1.0442460574916086,0.0,0.0,0.0
psi-ne,transfer,validation,1,1,16.0,1.6e-05,128,16.43743661046028,1.0199021068305654,0.0,0.0,0.0
psi-ne,transfer,validation,1,1,17.0,1.7e-05,128,17.48105812072754,1.0059777603422357,0.0,0.0,0.0
psi-ne,transfer,validation,1,1,18.0,1.8e-05,128,18.589349910616875,0.9932833663260708,0.0,0.0,0.0
psi-ne,transfer,validation,1,1,19.000000000000004,1.9e-05,128,19.707486391067505,1.0900866748148317,0.0,0.0,0.0
psi-ne,transfer,validation,1,1,20.000000000000004,2e-05,128,20.912035584449768,0.8368272005531411,0.0,0.0,0.0
psi-ne,transfer,validation,1,1,21.000000000000004,2.1000000000000002e-05,128,21.99613930284977,0.9275303282506098,0.0,0.0,0.0
psi-ne,transfer,validation,1,1,22.0,2.2e-05,128,22.969747856259346,0.9441878480831936,0.0,0.0,0.0
psi-ne,transfer,validation,1,1,23.0,2.3e-05,128,24.40480686724186,1.1397267539725942,0.0,0.0,0.0
psi-ne,transfer,validation,1,1,24.0,2.4e-05,128,25.35830293595791,0.931693779654681,0.0,0.0,0.0
psi-ne,transfer,validation,1,1,25.000000000000004,2.5e-05,128,26.40472438931465,0.992305079836077,0.0,0.0,0.0
psi-ne,transfer,validation,2,3,5.000000000000001,5e-06,128,7.653248131275177,0.7513798126747359,0.0,0.0,0.0
psi-ne,transfer,validation,2,3,6.0,6e-06,128,8.238917529582977,0.8293669250128602,0.0,0.0,0.0
psi-ne,transfer,validation,2,3,7.000000000000001,7.000000000000001e-06,128,8.936711430549622,0.7269386257382615,0.0,0.0,0.0
psi-ne,transfer,validation,2,3,8.000000000000002,8.000000000000001e-06,128,9.542026787996292,0.9688394752979567,0.0,0.0,0.0
psi-ne,transfer,validation,2,3,9.000000000000002,9.000000000000002e-06,128,10.383049666881561,0.6401646823542768,0.0,0.0,0.0
psi-ne,transfer,validation,2,3,10.000000000000002,1e-05,128,11.170209556818008,0.9989752709636724,0.0,0.0,0.0
psi-ne,transfer,validation,2,3,11.000000000000002,1.1000000000000001e-05,128,11.974396854639053,1.223778442417147,0.0,0.0,0.0
psi-ne,transfer,validation,2,3,12.000000000000002,1.2000000000000002e-05,128,12.779261857271194,0.9589938836413373,0.0,0.0,0.0
psi-ne,transfer,validation,2,3,13.000000000000002,1.3000000000000001e-05,128,13.594180554151535,1.1586123832997768,0.0,0.0,0.0
psi-ne,transfer,validation,2,3,14.000000000000002,1.4000000000000001e-05,128,14.642575740814209,0.738502311519591,0.0,0.0,0.0
psi-ne,transfer,validation,2,3,15.0,1.4999999999999999e-05,128,15.621542856097221,1.0900699174080564,0.0,0.0,0.0
psi-ne,transfer,validation,2,3,16.0,1.6e-05,128,16.56849244236946,1.178080519659558,0.0,0.0,0.0
psi-ne,transfer,validation,2,3,17.0,1.7e-05,128,17.61286687850952,1.159017812848292,0.0,0.0,0.0
psi-ne,transfer,validation,2,3,18.0,1.8e-05,128,18.664066076278687,0.8431331476602382,0.0,0.0,0.0
psi-ne,transfer,validation,2,3,19.000000000000004,1.9e-05,128,19.681704729795456,0.961318031297166,0.0,0.0,0.0
psi-ne,transfer,validation,2,3,20.000000000000004,2e-05,128,20.858716785907745,0.899497881268085,0.0,0.0,0.0
psi-ne,transfer,validation,2,3,21.000000000000004,2.1000000000000002e-05,128,22.11140276491642,1.002975267492954,0.0,0.0,0.0
psi-ne,transfer,validation,2,3,22.0,2.2e-05,128,22.8489992916584,0.9872783890173644,0.0,0.0,0.0
psi-ne,transfer,validation,2,3,23.0,2.3e-05,128,24.236665189266205,1.206011558077145,0.0,0.0,0.0
psi-ne,transfer,validation,2,3,24.0,2.4e-05,128,25.28953817486763,0.9222578501796332,0.0,0.0,0.0
psi-ne,transfer,validation,2,3,25.000000000000004,2.5e-05,128,26.20871527493,1.15157011837328,0.0,0.0,0.0
psi-ne,transfer,validation,3,4,5.000000000000001,5e-06,128,10.06694969534874,1.7052272468602092,0.0,0.0,0.0
psi-ne,transfer,validation,3,4,6.0,6e-06,128,11.02401414513588,1.2656700060604757,0.0,0.0,0.0
psi-ne,transfer,validation,3,4,7.000000000000001,7.000000000000001e-06,128,11.925922483205795,1.1721819938330225,0.0,0.0,0.0
psi-ne,transfer,validation,3,4,8.000000000000002,8.000000000000001e-06,128,12.848770394921303,1.5691425592732018,0.0,0.0,0.0
psi-ne,transfer,validation,3,4,9.000000000000002,9.000000000000002e-06,128,13.902000159025192,1.1528422029047842,0.0,0.0,0.0
psi-ne,transfer,validation,3,4,10.000000000000002,1e-05,128,14.892280921339989,1.028686152579787,0.0,0.0,0.0
psi-ne,transfer,validation,3,4,11.000000000000002,1.1000000000000001e-05,128,16.222426652908325,1.8782779371439695,0.0,0.0,0.0
psi-ne,transfer,validation,3,4,12.000000000000002,1.2000000000000002e-05,128,17.22141222655773,1.4192277922116558,0.0,0.0,0.0
psi-ne,transfer,validation,3,4,13.000000000000002,1.3000000000000001e-05,128,18.51962687075138,1.261828619328635,0.0,0.0,0.0
psi-ne,transfer,validation,3,4,14.000000000000002,1.4000000000000001e-05,128,19.75564719736576,1.6726333772751825,0.0,0.0,0.0
psi-ne,transfer,validation,3,4,15.0,1.4999999999999999e-05,128,21.18676856160164,1.7642384198732912,0.0,0.0,0.0
psi-ne,transfer,validation,3,4,16.0,1.6e-05,128,22.620900854468346,1.5140331831343126,0.0,0.0,0.0
psi-ne,transfer,validation,3,4,17.0,1.7e-05,128,23.96262228488922,1.2849820361037763,0.0,0.0,0.0
psi-ne,transfer,validation,3,4,18.0,1.8e-05,128,25.676106199622154,1.590852098840355,0.0,0.0,0.0
psi-ne,transfer,validation,3,4,19.000000000000004,1.9e-05,128,27.15757519006729,1.3322671682570468,0.0,0.0,0.0
psi-ne,transfer,validation,3,4,20.000000000000004,2e-05,128,28.541955031454563,1.389555471040696,0.0,0.0,0.0
psi-ne,transfer,validation,3,4,21.000000000000004,2.1000000000000002e-05,128,30.268092952668667,1.4914538524878467,0.0,0.0,0.0
psi-ne,transfer,validation,3,4,22.0,2.2e-05,128,31.680375225842,1.5085043269538179,0.0,0.0,0.0
psi-ne,transfer,validation,3,4,23.0,2.3e-05,128,33.21712602674961,1.7653265610600872,0.0,0.0,0.0
psi-ne,transfer,validation,3,4,24.0,2.4e-05,128,34.73794638365507,1.5071676536860148,0.0,0.0,0.0
psi-ne,transfer,validation,3,4,25.000000000000004,2.5e-05,128,35.96015904843807,1.5257331192397892,0.0,0.0,0.0
psi-ne,transfer,validation,4,128,5.000000000000001,5e-06,128,8.355992764234543,2.2220430000376417,0.0,0.0,0.0
psi-ne,transfer,validation,4,128,6.0,6e-06,128,9.079531043767929,2.1634345529331815,0.0,0.0,0.0
psi-ne,transfer,validation,4,128,7.000000000000001,7.000000000000001e-06,128,9.41132402420044,2.5325652564393164,0.0,0.0,0.0
psi-ne,transfer,validation,4,128,8.000000000000002,8.000000000000001e-06,128,10.451917946338654,2.5516108566849343,0.0,0.0,0.0
psi-ne,transfer,validation,4,128,9.000000000000002,9.000000000000002e-06,128,10.911595344543457,2.7162147420515788,0.0,0.0,0.0
psi-ne,transfer,validation,4,128,10.000000000000002,1e-05,128,11.863571882247925,2.330822661011395,0.0,0.0,0.0
psi-ne,transfer,validation,4,128,11.000000000000002,1.1000000000000001e-05,128,13.012246817350388,3.085359603796248,0.0,0.0,0.0
psi-ne,transfer,validation,4,128,12.000000000000002,1.2000000000000002e-05,128,13.674508273601532,2.1677184783671994,0.0,0.0,0.0
psi-ne,transfer,validation,4,128,13.000000000000002,1.3000000000000001e-05,128,14.449380487203598,3.203109285662971,0.0,0.0,0.0
psi-ne,transfer,validation,4,128,14.000000000000002,1.4000000000000001e-05,128,15.580626502633095,2.48410755902749,0.0,0.0,0.0
psi-ne,transfer,validation,4,128,15.0,1.4999999999999999e-05,128,16.41422986984253,1.9654152945919108,0.0,0.0,0.0
psi-ne,transfer,validation,4,128,16.0,1.6e-05,128,17.656002670526505,2.6721025514875403,0.0,0.0,0.0
psi-ne,transfer,validation,4,128,17.0,1.7e-05,128,18.954090788960457,2.4319386789292,0.0,0.0,0.0
psi-ne,transfer,validation,4,128,18.0,1.8e-05,128,19.658421099185944,2.201947771587749,0.0,0.0,0.0
psi-ne,transfer,validation,4,128,19.000000000000004,1.9e-05,128,20.891051098704338,2.647807707563794,0.0,0.0,0.0
psi-ne,transfer,validation,4,128,20.000000000000004,2e-05,128,21.814706921577454,2.825905353799024,0.0,0.0,0.0
psi-ne,transfer,validation,4,128,21.000000000000004,2.1000000000000002e-05,128,23.216048702597618,2.8143852569484276,0.0,0.0,0.0
psi-ne,transfer,validation,4,128,22.0,2.2e-05,128,24.23543632030487,3.0641016726093993,0.0,0.0,0.0
psi-ne,transfer,validation,4,128,23.0,2.3e-05,128,25.527731329202652,2.3773593152404775,0.0,0.0,0.0
psi-ne,transfer,validation,4,128,24.0,2.4e-05,128,26.4469034075737,2.4418290222124552,0.0,0.0,0.0
psi-ne,transfer,validation,4,128,25.000000000000004,2.5e-05,128,27.152481839060783,2.7573686252105007,0.0,0.0,0.0
psi-ne,transfer,validation,5,129,5.000000000000001,5e-06,128,7.99259826540947,1.6569619943787814,0.0,0.0,0.0
psi-ne,transfer,validation,5,129,6.0,6e-06,128,8.598596006631851,1.5520133534268958,0.0,0.0,0.0
psi-ne,transfer,validation,5,129,7.000000000000001,7.000000000000001e-06,128,9.191884368658066,1.2669679466181916,0.0,0.0,0.0
psi-ne,transfer,validation,5,129,8.000000000000002,8.000000000000001e-06,128,10.109686493873596,1.4688363442437642,0.0,0.0,0.0
psi-ne,transfer,validation,5,129,9.000000000000002,9.000000000000002e-06,128,10.740453600883484,1.6531391527533794,0.0,0.0,0.0
psi-ne,transfer,validation,5,129,10.000000000000002,1e-05,128,11.586000263690948,1.5408586341280992,0.0,0.0,0.0
psi-ne,transfer,validation,5,129,11.000000000000002,1.1000000000000001e-05,128,12.382348239421844,1.5399042577022932,0.0,0.0,0.0
psi-ne,transfer,validation,5,129,12.000000000000002,1.2000000000000002e-05,128,13.384770333766937,1.4801330677742086,0.0,0.0,0.0
psi-ne,transfer,validation,5,129,13.000000000000002,1.3000000000000001e-05,128,14.134085863828659,1.8775185360415296,0.0,0.0,0.0
psi-ne,transfer,validation,5,129,14.000000000000002,1.4000000000000001e-05,128,15.16397774219513,1.3557572553072057,0.0,0.0,0.0
psi-ne,transfer,validation,5,129,15.0,1.4999999999999999e-05,128,16.315659046173096,1.1546841360343068,0.0,0.0,0.0
psi-ne,transfer,validation,5,129,16.0,1.6e-05,128,17.339828729629517,1.414841387136443,0.0,0.0,0.0
psi-ne,transfer,validation,5,129,17.0,1.7e-05,128,18.478175967931747,1.3055667044019719,0.0,0.0,0.0
psi-ne,transfer,validation,5,129,18.0,1.8e-05,128,19.39825388789177,1.3880631393425216,0.0,0.0,0.0
psi-ne,transfer,validation,5,129,19.000000000000004,1.9e-05,128,20.667171359062195,1.3603356243217002,0.0,0.0,0.0
psi-ne,transfer,validation,5,129,20.000000000000004,2e-05,128,21.800686061382294,1.2891532881485839,0.0,0.0,0.0
psi-ne,transfer,validation,5,129,21.000000000000004,2.1000000000000002e-05,128,23.07537116110325,1.4490826757948267,0.0,0.0,0.0
psi-ne,transfer,validation,5,129,22.0,2.2e-05,128,24.261345639824867,1.7815862277996135,0.0,0.0,0.0
psi-ne,transfer,validation,5,129,23.0,2.3e-05,128,25.1610140055418,1.2541490036997276,0.0,0.0,0.0
psi-ne,transfer,validation,5,129,24.0,2.4e-05,128,26.196642875671387,1.6533399872712935,0.0,0.0,0.0
psi-ne,transfer,validation,5,129,25.000000000000004,2.5e-05,128,27.226042985916138,1.6474596021668737,0.0,0.0,0.0
psi-ne,transfer,validation,6,130,5.000000000000001,5e-06,128,8.307118117809296,1.0154640850156136,0.0,0.0,0.0
psi-ne,transfer,validation,6,130,6.0,6e-06,128,8.772241234779358,0.8266333319569976,0.0,0.0,0.0
psi-ne,transfer,validation,6,130,7.000000000000001,7.000000000000001e-06,128,9.489449828863144,0.7943182469934775,0.0,0.0,0.0
psi-ne,transfer,validation,6,130,8.000000000000002,8.000000000000001e-06,128,10.150156199932098,1.0646937240138676,0.0,0.0,0.0
psi-ne,transfer,validation,6,130,9.000000000000002,9.000000000000002e-06,128,10.815741941332817,1.0740126605724576,0.0,0.0,0.0
psi-ne,transfer,validation,6,130,10.000000000000002,1e-05,128,11.904380142688751,1.0555110557447778,0.0,0.0,0.0
psi-ne,transfer,validation,6,130,11.000000000000002,1.1000000000000001e-05,128,12.633561313152313,0.93049420804355,0.0,0.0,0.0
psi-ne,transfer,validation,6,130,12.000000000000002,1.2000000000000002e-05,128,13.616198122501373,0.9199656348083156,0.0,0.0,0.0
psi-ne,transfer,validation,6,130,13.000000000000002,1.3000000000000001e-05,128,14.479848459362984,0.9600903502862096,0.0,0.0,0.0
psi-ne,transfer,validation,6,130,14.000000000000002,1.4000000000000001e-05,128,15.563104882836342,1.0258997723715488,0.0,0.0,0.0
psi-ne,transfer,validation,6,130,15.0,1.4999999999999999e-05,128,16.613401234149933,0.8342886241405761,0.0,0.0,0.0
psi-ne,transfer,validation,6,130,16.0,1.6e-05,128,17.811935126781464,0.9866635055164226,0.0,0.0,0.0
psi-ne,transfer,validation,6,130,17.0,1.7e-05,128,18.817025393247604,1.0900143817914962,0.0,0.0,0.0
psi-ne,transfer,validation,6,130,18.0,1.8e-05,128,20.157085105776787,0.8734346519145284,0.0,0.0,0.0
psi-ne,transfer,validation,6,130,19.000000000000004,1.9e-05,128,21.115813225507736,0.9190314527658622,0.0,0.0,0.0
psi-ne,transfer,validation,6,130,20.000000000000004,2e-05,128,22.390563994646072,1.0652964238249718,0.0,0.0,0.0
psi-ne,transfer,validation,6,130,21.000000000000004,2.1000000000000002e-05,128,23.65948875248432,0.7448450321596302,0.0,0.0,0.0
psi-ne,transfer,validation,6,130,22.0,2.2e-05,128,24.55316685140133,0.9045952344459495,0.0,0.0,0.0
psi-ne,transfer,validation,6,130,23.0,2.3e-05,128,25.710206031799316,0.8899064077421804,0.0,0.0,0.0
psi-ne,transfer,validation,6,130,24.0,2.4e-05,128,26.957301288843155,0.8859411028660353,0.0,0.0,0.0
psi-ne,transfer,validation,6,130,25.000000000000004,2.5e-05,128,27.974192053079605,1.168711106930446,0.0,0.0,0.0
psi-ne,transfer,validation,7,131,5.000000000000001,5e-06,128,8.02244284749031,0.8832553875466768,0.0,0.0,0.0
psi-ne,transfer,validation,7,131,6.0,6e-06,128,8.805332452058792,0.9121076442454309,0.0,0.0,0.0
psi-ne,transfer,validation,7,131,7.000000000000001,7.000000000000001e-06,128,9.36343589425087,1.1639904331472533,0.0,0.0,0.0
psi-ne,transfer,validation,7,131,8.000000000000002,8.000000000000001e-06,128,10.296983063220978,1.0510287128813514,0.0,0.0,0.0
psi-ne,transfer,validation,7,131,9.000000000000002,9.000000000000002e-06,128,10.837685763835907,0.9554698191005084,0.0,0.0,0.0
psi-ne,transfer,validation,7,131,10.000000000000002,1e-05,128,11.698389440774918,0.9264675421871622,0.0,0.0,0.0
psi-ne,transfer,validation,7,131,11.000000000000002,1.1000000000000001e-05,128,12.661146879196167,1.1329921898715094,0.0,0.0,0.0
psi-ne,transfer,validation,7,131,12.000000000000002,1.2000000000000002e-05,128,13.43943902850151,1.093559533760962,0.0,0.0,0.0
psi-ne,transfer,validation,7,131,13.000000000000002,1.3000000000000001e-05,128,14.472681805491447,1.1706096910923096,0.0,0.0,0.0
psi-ne,transfer,validation,7,131,14.000000000000002,1.4000000000000001e-05,128,15.4200669080019,1.0630909192304887,0.0,0.0,0.0
psi-ne,transfer,validation,7,131,15.0,1.4999999999999999e-05,128,16.514742583036423,1.1179149698201343,0.0,0.0,0.0
psi-ne,transfer,validation,7,131,16.0,1.6e-05,128,17.517667323350906,0.9887597903127843,0.0,0.0,0.0
psi-ne,transfer,validation,7,131,17.0,1.7e-05,128,18.757324680685997,0.9537850506541696,0.0,0.0,0.0
psi-ne,transfer,validation,7,131,18.0,1.8e-05,128,19.799990817904472,1.3255231026268772,0.0,0.0,0.0
psi-ne,transfer,validation,7,131,19.000000000000004,1.9e-05,128,20.997641310095787,1.1672238721889743,0.0,0.0,0.0
psi-ne,transfer,validation,7,131,20.000000000000004,2e-05,128,22.245778992772102,1.2426228331026714,0.0,0.0,0.0
psi-ne,transfer,validation,7,131,21.000000000000004,2.1000000000000002e-05,128,23.117917641997337,1.1217992271967157,0.0,0.0,0.0
psi-ne,transfer,validation,7,131,22.0,2.2e-05,128,24.433448612689972,1.0779868534014245,0.0,0.0,0.0
psi-ne,transfer,validation,7,131,23.0,2.3e-05,128,25.443125262856483,1.3308270024086044,0.0,0.0,0.0
psi-ne,transfer,validation,7,131,24.0,2.4e-05,128,26.642376273870468,1.2089110941158845,0.0,0.0,0.0
psi-ne,transfer,validation,7,131,25.000000000000004,2.5e-05,128,27.56623876839876,1.262374157712107,0.0,0.0,0.0
psi-ne,transfer,validation,8,256,5.000000000000001,5e-06,128,8.320491433143616,0.9458433515225957,0.0,0.0,0.0
psi-ne,transfer,validation,8,256,6.0,6e-06,128,9.210867404937744,1.088568473185044,0.0,0.0,0.0
psi-ne,transfer,validation,8,256,7.000000000000001,7.000000000000001e-06,128,10.034845471382141,0.94328736678231,0.0,0.0,0.0
psi-ne,transfer,validation,8,256,8.000000000000002,8.000000000000001e-06,128,10.507363349199295,1.0990136510529929,0.0,0.0,0.0
psi-ne,transfer,validation,8,256,9.000000000000002,9.000000000000002e-06,128,11.317575842142105,0.936246151411959,0.0,0.0,0.0
psi-ne,transfer,validation,8,256,10.000000000000002,1e-05,128,12.072368115186691,0.902876692154991,0.0,0.0,0.0
psi-ne,transfer,validation,8,256,11.000000000000002,1.1000000000000001e-05,128,12.784943282604218,0.9426722042677564,0.0,0.0,0.0
psi-ne,transfer,validation,8,256,12.000000000000002,1.2000000000000002e-05,128,13.771906524896622,1.0767755452642698,0.0,0.0,0.0
psi-ne,transfer,validation,8,256,13.000000000000002,1.3000000000000001e-05,128,14.627685740590096,1.0091453293041805,0.0,0.0,0.0
psi-ne,transfer,validation,8,256,14.000000000000002,1.4000000000000001e-05,128,15.684273511171341,1.0927153683064743,0.0,0.0,0.0
psi-ne,transfer,validation,8,256,15.0,1.4999999999999999e-05,128,16.717896565794945,0.8150513490265321,0.0,0.0,0.0
psi-ne,transfer,validation,8,256,16.0,1.6e-05,128,17.548227712512016,1.0934001797763913,0.0,0.0,0.0
psi-ne,transfer,validation,8,256,17.0,1.7e-05,128,18.75444896519184,0.8560924805335989,0.0,0.0,0.0
psi-ne,transfer,validation,8,256,18.0,1.8e-05,128,19.917696192860603,0.8181632151832302,0.0,0.0,0.0
psi-ne,transfer,validation,8,256,19.000000000000004,1.9e-05,128,20.86402414739132,1.0332353737463187,0.0,0.0,0.0
psi-ne,transfer,validation,8,256,20.000000000000004,2e-05,128,21.900416880846024,0.8612689583598219,0.0,0.0,0.0
psi-ne,transfer,validation,8,256,21.000000000000004,2.1000000000000002e-05,128,23.18574371933937,1.4638673568925635,0.0,0.0,0.0
psi-ne,transfer,validation,8,256,22.0,2.2e-05,128,24.059974044561386,1.0379268379067275,0.0,0.0,0.0
psi-ne,transfer,validation,8,256,23.0,2.3e-05,128,25.17325659096241,1.2588723135811573,0.0,0.0,0.0
psi-ne,transfer,validation,8,256,24.0,2.4e-05,128,26.11955100297928,1.0007908399286147,0.0,0.0,0.0
psi-ne,transfer,validation,8,256,25.000000000000004,2.5e-05,128,26.985947772860527,0.9220175351195058,0.0,0.0,0.0
psi-ne,transfer,validation,9,261,5.000000000000001,5e-06,128,8.755054205656052,1.3751665970758349,0.0,0.0,0.0
psi-ne,transfer,validation,9,261,6.0,6e-06,128,9.459920942783356,1.2887142637779319,0.0,0.0,0.0
psi-ne,transfer,validation,9,261,7.000000000000001,7.000000000000001e-06,128,10.117934793233871,1.3323919738323509,0.0,0.0,0.0
psi-ne,transfer,validation,9,261,8.000000000000002,8.000000000000001e-06,128,11.092713132500648,1.420634235924075,0.0,0.0,0.0
psi-ne,transfer,validation,9,261,9.000000000000002,9.000000000000002e-06,128,11.832663640379906,1.2924957880573742,0.0,0.0,0.0
psi-ne,transfer,validation,9,261,10.000000000000002,1e-05,128,12.677886366844177,1.0519959797915157,0.0,0.0,0.0
psi-ne,transfer,validation,9,261,11.000000000000002,1.1000000000000001e-05,128,13.514898270368576,1.4213646307525043,0.0,0.0,0.0
psi-ne,transfer,validation,9,261,12.000000000000002,1.2000000000000002e-05,128,14.615785405039787,1.2296087844797352,0.0,0.0,0.0
psi-ne,transfer,validation,9,261,13.000000000000002,1.3000000000000001e-05,128,15.633239060640335,1.2970268904573055,0.0,0.0,0.0
psi-ne,transfer,validation,9,261,14.000000000000002,1.4000000000000001e-05,128,16.74094319343567,1.1743848291626768,0.0,0.0,0.0
psi-ne,transfer,validation,9,261,15.0,1.4999999999999999e-05,128,17.918257996439934,1.4805343327126386,0.0,0.0,0.0
psi-ne,transfer,validation,9,261,16.0,1.6e-05,128,18.927372634410858,1.681695444025873,0.0,0.0,0.0
psi-ne,transfer,validation,9,261,17.0,1.7e-05,128,20.082712441682816,1.0868587244438694,0.0,0.0,0.0
psi-ne,transfer,validation,9,261,18.0,1.8e-05,128,21.481640577316284,1.4091423072494813,0.0,0.0,0.0
psi-ne,transfer,validation,9,261,19.000000000000004,1.9e-05,128,22.591567873954773,1.5363062620318604,0.0,0.0,0.0
psi-ne,transfer,validation,9,261,20.000000000000004,2e-05,128,23.52698564529419,1.0780286074717536,0.0,0.0,0.0
psi-ne,transfer,validation,9,261,21.000000000000004,2.1000000000000002e-05,128,24.827972173690796,1.2479334500906223,0.0,0.0,0.0
psi-ne,transfer,validation,9,261,22.0,2.2e-05,128,26.067104265093803,1.4428246369887288,0.0,0.0,0.0
psi-ne,transfer,validation,9,261,23.0,2.3e-05,128,27.429052233695984,1.6090374338758577,0.0,0.0,0.0
psi-ne,transfer,validation,9,261,24.0,2.4e-05,128,28.569044664502144,1.4392030347122484,0.0,0.0,0.0
psi-ne,transfer,validation,9,261,25.000000000000004,2.5e-05,128,29.522697500884533,1.435107677378358,0.0,0.0,0.0
psi-ne,transfer,validation,10,262,5.000000000000001,5e-06,128,8.619670629501343,1.223597525285021,0.0,0.0,0.0
psi-ne,transfer,validation,10,262,6.0,6e-06,128,9.111171275377274,1.4244060573736923,0.0,0.0,0.0
psi-ne,transfer,validation,10,262,7.000000000000001,7.000000000000001e-06,128,10.002133399248123,1.2535068770476046,0.0,0.0,0.0
psi-ne,transfer,validation,10,262,8.000000000000002,8.000000000000001e-06,128,10.742122814059258,1.0773942966329733,0.0,0.0,0.0
psi-ne,transfer,validation,10,262,9.000000000000002,9.000000000000002e-06,128,11.522425279021263,1.1902028604045531,0.0,0.0,0.0
psi-ne,transfer,validation,10,262,10.000000000000002,1e-05,128,12.325426653027534,1.1976365600303056,0.0,0.0,0.0
psi-ne,transfer,validation,10,262,11.000000000000002,1.1000000000000001e-05,128,13.291146516799927,1.1986308723956134,0.0,0.0,0.0
psi-ne,transfer,validation,10,262,12.000000000000002,1.2000000000000002e-05,128,14.103941962122917,1.3710806920404162,0.0,0.0,0.0
psi-ne,transfer,validation,10,262,13.000000000000002,1.3000000000000001e-05,128,15.153036773204803,1.3055065675825266,0.0,0.0,0.0
psi-ne,transfer,validation,10,262,14.000000000000002,1.4000000000000001e-05,128,15.929956704378128,1.3916100805546023,0.0,0.0,0.0
psi-ne,transfer,validation,10,262,15.0,1.4999999999999999e-05,128,16.887049332261086,1.2155707627023777,0.0,0.0,0.0
psi-ne,transfer,validation,10,262,16.0,1.6e-05,128,18.148171797394753,1.4320923495387474,0.0,0.0,0.0
psi-ne,transfer,validation,10,262,17.0,1.7e-05,128,19.235255047678947,1.1268788156725216,0.0,0.0,0.0
psi-ne,transfer,validation,10,262,18.0,1.8e-05,128,20.502650886774063,1.1593132274031577,0.0,0.0,0.0
psi-ne,transfer,validation,10,262,19.000000000000004,1.9e-05,128,21.478244468569756,1.3426351474243727,0.0,0.0,0.0
psi-ne,transfer,validation,10,262,20.000000000000004,2e-05,128,22.772886350750923,1.1991922128918293,0.0,0.0,0.0
psi-ne,transfer,validation,10,262,21.000000000000004,2.1000000000000002e-05,128,23.831391781568527,1.3618988822668092,0.0,0.0,0.0
psi-ne,transfer,validation,10,262,22.0,2.2e-05,128,24.862834334373474,1.1885845606619272,0.0,0.0,0.0
psi-ne,transfer,validation,10,262,23.0,2.3e-05,128,25.914708331227303,1.2308360822621598,0.0,0.0,0.0
psi-ne,transfer,validation,10,262,24.0,2.4e-05,128,27.271020531654358,1.2694568927759418,0.0,0.0,0.0
psi-ne,transfer,validation,10,262,25.000000000000004,2.5e-05,128,27.859471812844276,1.3579657567150187,0.0,0.0,0.0
psi-ne,transfer,validation,11,273,5.000000000000001,5e-06,128,8.703397065401077,1.1237280653687753,0.0,0.0,0.0
psi-ne,transfer,validation,11,273,6.0,6e-06,128,9.274138242006302,1.2617822724772076,0.0,0.0,0.0
psi-ne,transfer,validation,11,273,7.000000000000001,7.000000000000001e-06,128,10.06155750155449,1.100601210226402,0.0,0.0,0.0
psi-ne,transfer,validation,11,273,8.000000000000002,8.000000000000001e-06,128,10.76058067381382,1.374859995045338,0.0,0.0,0.0
psi-ne,transfer,validation,11,273,9.000000000000002,9.000000000000002e-06,128,11.572963163256645,1.327375937396187,0.0,0.0,0.0
psi-ne,transfer,validation,11,273,10.000000000000002,1e-05,128,12.241159409284592,1.1255782481789844,0.0,0.0,0.0
psi-ne,transfer,validation,11,273,11.000000000000002,1.1000000000000001e-05,128,13.226969957351685,1.0739735204175433,0.0,0.0,0.0
psi-ne,transfer,validation,11,273,12.000000000000002,1.2000000000000002e-05,128,14.196622639894485,1.4220729738202618,0.0,0.0,0.0
psi-ne,transfer,validation,11,273,13.000000000000002,1.3000000000000001e-05,128,15.048574283719063,1.292570014711274,0.0,0.0,0.0
psi-ne,transfer,validation,11,273,14.000000000000002,1.4000000000000001e-05,128,16.34982107579708,1.13857337137869,0.0,0.0,0.0
psi-ne,transfer,validation,11,273,15.0,1.4999999999999999e-05,128,17.190901577472687,1.4849275104039112,0.0,0.0,0.0
psi-ne,transfer,validation,11,273,16.0,1.6e-05,128,18.205912470817566,1.4609459804179579,0.0,0.0,0.0
psi-ne,transfer,validation,11,273,17.0,1.7e-05,128,19.137012347579002,1.0436778425953088,0.0,0.0,0.0
psi-ne,transfer,validation,11,273,18.0,1.8e-05,128,20.572085991501808,1.159425258036432,0.0,0.0,0.0
psi-ne,transfer,validation,11,273,19.000000000000004,1.9e-05,128,21.705081775784492,1.3218721280919576,0.0,0.0,0.0
psi-ne,transfer,validation,11,273,20.000000000000004,2e-05,128,23.02290652692318,1.5174678296078203,0.0,0.0,0.0
psi-ne,transfer,validation,11,273,21.000000000000004,2.1000000000000002e-05,128,24.090868204832077,1.4731805595680847,0.0,0.0,0.0
psi-ne,transfer,validation,11,273,22.0,2.2e-05,128,25.135892942547798,1.235609061479499,0.0,0.0,0.0
psi-ne,transfer,validation,11,273,23.0,2.3e-05,128,26.285496056079865,1.3469111230493864,0.0,0.0,0.0
psi-ne,transfer,validation,11,273,24.0,2.4e-05,128,27.398604027926922,1.3473107437639686,0.0,0.0,0.0
psi-ne,transfer,validation,11,273,25.000000000000004,2.5e-05,128,28.2525427788496,1.5274107098866312,0.0,0.0,0.0
psi-ne,transfer,validation,12,385,5.000000000000001,5e-06,128,7.564945071935654,1.1965114245862247,0.0,0.0,0.0
psi-ne,transfer,validation,12,385,6.0,6e-06,128,8.183609932661057,1.1715852967937213,0.0,0.0,0.0
psi-ne,transfer,validation,12,385,7.000000000000001,7.000000000000001e-06,128,8.81120240688324,1.2712350758439805,0.0,0.0,0.0
psi-ne,transfer,validation,12,385,8.000000000000002,8.000000000000001e-06,128,9.599339574575424,1.032956735391793,0.0,0.0,0.0
psi-ne,transfer,validation,12,385,9.000000000000002,9.000000000000002e-06,128,10.192864090204239,1.2525460618778161,0.0,0.0,0.0
psi-ne,transfer,validation,12,385,10.000000000000002,1e-05,128,10.99882584810257,1.30275310901085,0.0,0.0,0.0
psi-ne,transfer,validation,12,385,11.000000000000002,1.1000000000000001e-05,128,11.793313980102539,1.0551602544176382,0.0,0.0,0.0
psi-ne,transfer,validation,12,385,12.000000000000002,1.2000000000000002e-05,128,12.747199296951294,1.1391493396855423,0.0,0.0,0.0
psi-ne,transfer,validation,12,385,13.000000000000002,1.3000000000000001e-05,128,13.773733466863632,1.1589802410729801,0.0,0.0,0.0
psi-ne,transfer,validation,12,385,14.000000000000002,1.4000000000000001e-05,128,14.76469761133194,0.961100629214193,0.0,0.0,0.0
psi-ne,transfer,validation,12,385,15.0,1.4999999999999999e-05,128,15.766122713685036,1.2359583180681633,0.0,0.0,0.0
psi-ne,transfer,validation,12,385,16.0,1.6e-05,128,16.79885157942772,1.1320948093341117,0.0,0.0,0.0
psi-ne,transfer,validation,12,385,17.0,1.7e-05,128,18.009858012199402,1.6609008323037098,0.0,0.0,0.0
psi-ne,transfer,validation,12,385,18.0,1.8e-05,128,18.92675556242466,1.0871774677792316,0.0,0.0,0.0
psi-ne,transfer,validation,12,385,19.000000000000004,1.9e-05,128,20.12918485701084,1.4556248058635786,0.0,0.0,0.0
psi-ne,transfer,validation,12,385,20.000000000000004,2e-05,128,21.438884362578392,1.3084232880028484,0.0,0.0,0.0
psi-ne,transfer,validation,12,385,21.000000000000004,2.1000000000000002e-05,128,22.49136783182621,1.1927177361451164,0.0,0.0,0.0
psi-ne,transfer,validation,12,385,22.0,2.2e-05,128,23.703124061226845,1.20521984259935,0.0,0.0,0.0
psi-ne,transfer,validation,12,385,23.0,2.3e-05,128,24.62347422540188,1.212872427522887,0.0,0.0,0.0
psi-ne,transfer,validation,12,385,24.0,2.4e-05,128,25.909365758299828,1.09226023947155,0.0,0.0,0.0
psi-ne,transfer,validation,12,385,25.000000000000004,2.5e-05,128,26.83276590704918,0.9426099837498887,0.0,0.0,0.0
psi-ne,transfer,validation,13,386,5.000000000000001,5e-06,128,7.221019208431244,0.8371286918509367,0.0,0.0,0.0
psi-ne,transfer,validation,13,386,6.0,6e-06,128,7.957470417022705,0.6394527611502824,0.0,0.0,0.0
psi-ne,transfer,validation,13,386,7.000000000000001,7.000000000000001e-06,128,8.495795279741287,0.7247492932875722,0.0,0.0,0.0
psi-ne,transfer,validation,13,386,8.000000000000002,8.000000000000001e-06,128,9.114477097988129,1.0811333409205701,0.0,0.0,0.0
psi-ne,transfer,validation,13,386,9.000000000000002,9.000000000000002e-06,128,9.990215450525284,0.737807809288926,0.0,0.0,0.0
psi-ne,transfer,validation,13,386,10.000000000000002,1e-05,128,10.797100186347961,0.8739268777554521,0.0,0.0,0.0
psi-ne,transfer,validation,13,386,11.000000000000002,1.1000000000000001e-05,128,11.58516052365303,0.8824122468986586,0.0,0.0,0.0
psi-ne,transfer,validation,13,386,12.000000000000002,1.2000000000000002e-05,128,12.522761851549149,0.9304931751757674,0.0,0.0,0.0
psi-ne,transfer,validation,13,386,13.000000000000002,1.3000000000000001e-05,128,13.351484462618828,0.753968562785707,0.0,0.0,0.0
psi-ne,transfer,validation,13,386,14.000000000000002,1.4000000000000001e-05,128,14.561689242720604,0.9319375338107759,0.0,0.0,0.0
psi-ne,transfer,validation,13,386,15.0,1.4999999999999999e-05,128,15.421258643269539,0.7735144338205312,0.0,0.0,0.0
psi-ne,transfer,validation,13,386,16.0,1.6e-05,128,16.411710813641548,0.9632922289203458,0.0,0.0,0.0
psi-ne,transfer,validation,13,386,17.0,1.7e-05,128,17.67532953619957,0.9723027251984842,0.0,0.0,0.0
psi-ne,transfer,validation,13,386,18.0,1.8e-05,128,18.74184910953045,0.7221865622329567,0.0,0.0,0.0
psi-ne,transfer,validation,13,386,19.000000000000004,1.9e-05,128,19.901793226599693,0.6929644897952937,0.0,0.0,0.0
psi-ne,transfer,validation,13,386,20.000000000000004,2e-05,128,21.11706553399563,0.968833933429841,0.0,0.0,0.0
psi-ne,transfer,validation,13,386,21.000000000000004,2.1000000000000002e-05,128,22.338887721300125,1.048882796773902,0.0,0.0,0.0
psi-ne,transfer,validation,13,386,22.0,2.2e-05,128,23.41955417394638,0.7446445301016935,0.0,0.0,0.0
psi-ne,transfer,validation,13,386,23.0,2.3e-05,128,24.780547261238098,0.9573441490848904,0.0,0.0,0.0
psi-ne,transfer,validation,13,386,24.0,2.4e-05,128,25.852189421653748,0.9773504101292098,0.0,0.0,0.0
psi-ne,transfer,validation,13,386,25.000000000000004,2.5e-05,128,26.96638709306717,1.046827944650282,0.0,0.0,0.0
psi-ne,transfer,validation,14,387,5.000000000000001,5e-06,128,8.211696147918701,1.2543355860134613,0.0,0.0,0.0
psi-ne,transfer,validation,14,387,6.0,6e-06,128,8.695387333631516,1.3182365799847322,0.0,0.0,0.0
psi-ne,transfer,validation,14,387,7.000000000000001,7.000000000000001e-06,128,9.226937800645828,1.1235915659998144,0.0,0.0,0.0
psi-ne,transfer,validation,14,387,8.000000000000002,8.000000000000001e-06,128,9.883876979351044,1.3995479862248874,0.0,0.0,0.0
psi-ne,transfer,validation,14,387,9.000000000000002,9.000000000000002e-06,128,10.84568938612938,1.1105691147040848,0.0,0.0,0.0
psi-ne,transfer,validation,14,387,10.000000000000002,1e-05,128,11.621928587555885,1.606995952444224,0.0,0.0,0.0
psi-ne,transfer,validation,14,387,11.000000000000002,1.1000000000000001e-05,128,12.511763706803322,1.0976787591961883,0.0,0.0,0.0
psi-ne,transfer,validation,14,387,12.000000000000002,1.2000000000000002e-05,128,13.29314874112606,1.5339628398224363,0.0,0.0,0.0
psi-ne,transfer,validation,14,387,13.000000000000002,1.3000000000000001e-05,128,14.11028303205967,1.3705912611989246,0.0,0.0,0.0
psi-ne,transfer,validation,14,387,14.000000000000002,1.4000000000000001e-05,128,15.238899990916252,1.3344327163964445,0.0,0.0,0.0
psi-ne,transfer,validation,14,387,15.0,1.4999999999999999e-05,128,16.274086952209473,1.4772782421878363,0.0,0.0,0.0
psi-ne,transfer,validation,14,387,16.0,1.6e-05,128,17.327802285552025,1.2736764148213018,0.0,0.0,0.0
psi-ne,transfer,validation,14,387,17.0,1.7e-05,128,18.47335623204708,1.1338304735841438,0.0,0.0,0.0
psi-ne,transfer,validation,14,387,18.0,1.8e-05,128,19.7422965914011,1.322623207092286,0.0,0.0,0.0
psi-ne,transfer,validation,14,387,19.000000000000004,1.9e-05,128,20.720705196261406,1.581532659013857,0.0,0.0,0.0
psi-ne,transfer,validation,14,387,20.000000000000004,2e-05,128,21.798992186784744,1.1690217120055915,0.0,0.0,0.0
psi-ne,transfer,validation,14,387,21.000000000000004,2.1000000000000002e-05,128,23.120781436562538,1.3230227471856402,0.0,0.0,0.0
psi-ne,transfer,validation,14,387,22.0,2.2e-05,128,24.287401095032692,1.5906251872006205,0.0,0.0,0.0
psi-ne,transfer,validation,14,387,23.0,2.3e-05,128,25.188713744282722,1.7542916360637222,0.0,0.0,0.0
psi-ne,transfer,validation,14,387,24.0,2.4e-05,128,26.504785522818565,1.5399795301538655,0.0,0.0,0.0
psi-ne,transfer,validation,14,387,25.000000000000004,2.5e-05,128,27.347766250371933,1.4416507748244458,0.0,0.0,0.0
psi-ne,transfer,validation,15,392,5.000000000000001,5e-06,128,8.504310250282288,0.7948248351063009,0.0,0.0,0.0
psi-ne,transfer,validation,15,392,6.0,6e-06,128,8.994900286197662,0.9197916916630965,0.0,0.0,0.0
psi-ne,transfer,validation,15,392,7.000000000000001,7.000000000000001e-06,128,9.588416039943695,0.7192254014732303,0.0,0.0,0.0
psi-ne,transfer,validation,15,392,8.000000000000002,8.000000000000001e-06,128,10.35854372382164,0.8928847441339383,0.0,0.0,0.0
psi-ne,transfer,validation,15,392,9.000000000000002,9.000000000000002e-06,128,11.136331021785736,0.633337152313734,0.0,0.0,0.0
psi-ne,transfer,validation,15,392,10.000000000000002,1e-05,128,11.986547261476517,0.900010150782976,0.0,0.0,0.0
psi-ne,transfer,validation,15,392,11.000000000000002,1.1000000000000001e-05,128,12.727866411209106,0.752324972976094,0.0,0.0,0.0
psi-ne,transfer,validation,15,392,12.000000000000002,1.2000000000000002e-05,128,13.874483212828636,0.7705136218516808,0.0,0.0,0.0
psi-ne,transfer,validation,15,392,13.000000000000002,1.3000000000000001e-05,128,14.707187682390213,0.9428873311351935,0.0,0.0,0.0
psi-ne,transfer,validation,15,392,14.000000000000002,1.4000000000000001e-05,128,15.724629506468773,0.6625284588212514,0.0,0.0,0.0
psi-ne,transfer,validation,15,392,15.0,1.4999999999999999e-05,128,16.5315899848938,1.1584653752101663,0.0,0.0,0.0
psi-ne,transfer,validation,15,392,16.0,1.6e-05,128,17.73315142095089,0.8816612744120662,0.0,0.0,0.0
psi-ne,transfer,validation,15,392,17.0,1.7e-05,128,18.965827733278275,0.8278796892192439,0.0,0.0,0.0
psi-ne,transfer,validation,15,392,18.0,1.8e-05,128,20.009035497903824,0.688839004936113,0.0,0.0,0.0
psi-ne,transfer,validation,15,392,19.000000000000004,1.9e-05,128,21.244816452264786,1.0932029236975995,0.0,0.0,0.0
psi-ne,transfer,validation,15,392,20.000000000000004,2e-05,128,22.48365990817547,1.0156005407710733,0.0,0.0,0.0
psi-ne,transfer,validation,15,392,21.000000000000004,2.1000000000000002e-05,128,23.557870775461197,0.8958621011575602,0.0,0.0,0.0
psi-ne,transfer,validation,15,392,22.0,2.2e-05,128,24.741326734423637,1.1172653303022697,0.0,0.0,0.0
psi-ne,transfer,validation,15,392,23.0,2.3e-05,128,25.804123550653458,0.8055819103545473,0.0,0.0,0.0
psi-ne,transfer,validation,15,392,24.0,2.4e-05,128,26.95080214738846,0.9352191509066745,0.0,0.0,0.0
psi-ne,transfer,validation,15,392,25.000000000000004,2.5e-05,128,27.96862779557705,0.8895690053136384,0.0,0.0,0.0
psi-ed,transfer,calibration,0,3,-10.0,-9.999999999999999e-06,128,0.4296875,44.451710137795274,0.0,0.0,0.0
psi-ed,transfer,calibration,0,3,-8.0,-8e-06,128,0.75,47.85826771653543,0.0,0.0,0.0
psi-ed,transfer,calibration,0,3,-6.0,-6e-06,128,1.0,43.59055118110236,0.0,0.0,0.0
psi-ed,transfer,calibration,0,3,-4.0,-4e-06,128,-0.3828125,42.15938730314961,0.0,0.0,0.0
psi-ed,transfer,calibration,0,3,-2.0,-2e-06,128,-0.078125,42.18282480314961,0.0,0.0,0.0
psi-ed,transfer,calibration,0,3,0.0,0.0,128,0.359375,49.98006889763779,0.0,0.0,0.0
psi-ed,transfer,calibration,0,3,2.0,2e-06,128,-0.0234375,40.038816437007874,0.0,0.0,0.0
psi-ed,transfer,calibration,0,3,4.0,4e-06,128,-0.4609375,43.51027312992126,0.0,0.0,0.0
psi-ed,transfer,calibration,0,3,6.0,6e-06,128,0.34375,49.48720472440945,0.0,0.0,0.0
psi-ed,transfer,calibration,0,3,8.0,8e-06,128,-0.390625,51.720226377952756,0.0,0.0,0.0
psi-ed,transfer,calibration,0,3,10.0,9.999999999999999e-06,128,-1.1953125,55.46548966535433,0.0,0.0,0.0
psi-ed,transfer,calibration,1,11,-10.0,-9.999999999999999e-06,128,0.4140625,46.84295029527559,0.0,0.0,0.0
psi-ed,transfer,calibration,1,11,-8.0,-8e-06,128,0.8203125,48.22730068897638,0.0,0.0,0.0
psi-ed,transfer,calibration,1,11,-6.0,-6e-06,128,0.9453125,45.54816683070866,0.0,0.0,0.0
psi-ed,transfer,calibration,1,11,-4.0,-4e-06,128,-0.484375,43.81077755905512,0.0,0.0,0.0
psi-ed,transfer,calibration,1,11,-2.0,-2e-06,128,-0.03125,44.156496062992126,0.0,0.0,0.0
psi-ed,transfer,calibration,1,11,0.0,0.0,128,0.4140625,51.819328248031496,0.0,0.0,0.0
psi-ed,transfer,calibration,1,11,2.0,2e-06,128,-0.0390625,41.78586368110236,0.0,0.0,0.0
psi-ed,transfer,calibration,1,11,4.0,4e-06,128,-0.484375,45.385580708661415,0.0,0.0,0.0
psi-ed,transfer,calibration,1,11,6.0,6e-06,128,0.3359375,51.21696604330709,0.0,0.0,0.0
psi-ed,transfer,calibration,1,11,8.0,8e-06,128,-0.3671875,54.94285187007874,0.0,0.0,0.0
psi-ed,transfer,calibration,1,11,10.0,9.999999999999999e-06,128,-1.234375,57.56668307086614,0.0,0.0,0.0
psi-ed,transfer,calibration,2,13,-10.0,-9.999999999999999e-06,128,0.5234375,44.251414862204726,0.0,0.0,0.0
psi-ed,transfer,calibration,2,13,-8.0,-8e-06,128,0.9375,45.539370078740156,0.0,0.0,0.0
psi-ed,transfer,calibration,2,13,-6.0,-6e-06,128,0.9765625,42.62149360236221,0.0,0.0,0.0
psi-ed,transfer,calibration,2,13,-4.0,-4e-06,128,-0.203125,40.76156496062992,0.0,0.0,0.0
psi-ed,transfer,calibration,2,13,-2.0,-2e-06,128,0.0703125,40.71155265748032,0.0,0.0,0.0
psi-ed,transfer,calibration,2,13,0.0,0.0,128,0.4609375,49.163816437007874,0.0,0.0,0.0
psi-ed,transfer,calibration,2,13,2.0,2e-06,128,0.109375,39.342273622047244,0.0,0.0,0.0
psi-ed,transfer,calibration,2,13,4.0,4e-06,128,-0.421875,42.434793307086615,0.0,0.0,0.0
psi-ed,transfer,calibration,2,13,6.0,6e-06,128,0.34375,47.32972440944882,0.0,0.0,0.0
psi-ed,transfer,calibration,2,13,8.0,8e-06,128,-0.2890625,50.31735974409449,0.0,0.0,0.0
psi-ed,transfer,calibration,2,13,10.0,9.999999999999999e-06,128,-1.0390625,55.171690452755904,0.0,0.0,0.0
psi-ed,transfer,calibration,3,1,-10.0,-9.999999999999999e-06,128,0.4609375,41.60476131889764,0.0,0.0,0.0
psi-ed,transfer,calibration,3,1,-8.0,-8e-06,128,0.75,44.25196850393701,0.0,0.0,0.0
psi-ed,transfer,calibration,3,1,-6.0,-6e-06,128,0.953125,41.69857283464567,0.0,0.0,0.0
psi-ed,transfer,calibration,3,1,-4.0,-4e-06,128,-0.3359375,36.870509350393704,0.0,0.0,0.0
psi-ed,transfer,calibration,3,1,-2.0,-2e-06,128,0.0703125,38.34934793307087,0.0,0.0,0.0
psi-ed,transfer,calibration,3,1,0.0,0.0,128,0.4296875,47.664308562992126,0.0,0.0,0.0
psi-ed,transfer,calibration,3,1,2.0,2e-06,128,0.1171875,38.07277312992126,0.0,0.0,0.0
psi-ed,transfer,calibration,3,1,4.0,4e-06,128,-0.4765625,39.65298966535433,0.0,0.0,0.0
psi-ed,transfer,calibration,3,1,6.0,6e-06,128,0.3828125,46.53734005905512,0.0,0.0,0.0
psi-ed,transfer,calibration,3,1,8.0,8e-06,128,-0.375,48.39370078740158,0.0,0.0,0.0
psi-ed,transfer,calibration,3,1,10.0,9.999999999999999e-06,128,-1.109375,51.342273622047244,0.0,0.0,0.0
psi-ed,transfer,calibration,4,134,-10.0,-9.999999999999999e-06,128,1.0078125,83.23615895669292,0.0,0.0,0.0
psi-ed,transfer,calibration,4,134,-8.0,-8e-06,128,1.1875,96.73622047244095,0.0,0.0,0.0
psi-ed,transfer,calibration,4,134,-6.0,-6e-06,128,0.4375,94.9251968503937,0.0,0.0,0.0
psi-ed,transfer,calibration,4,134,-4.0,-4e-06,128,-0.6328125,77.63576525590551,0.0,0.0,0.0
psi-ed,transfer,calibration,4,134,-2.0,-2e-06,128,-0.125,75.76377952755905,0.0,0.0,0.0
psi-ed,transfer,calibration,4,134,0.0,0.0,128,-0.1640625,84.27995816929133,0.0,0.0,0.0
psi-ed,transfer,calibration,4,134,2.0,2e-06,128,-0.09375,77.83366141732283,0.0,0.0,0.0
psi-ed,transfer,calibration,4,134,4.0,4e-06,128,0.2578125,77.57867864173228,0.0,0.0,0.0
psi-ed,transfer,calibration,4,134,6.0,6e-06,128,1.015625,83.46432086614173,0.0,0.0,0.0
psi-ed,transfer,calibration,4,134,8.0,8e-06,128,-1.609375,95.18479330708661,0.0,0.0,0.0
psi-ed,transfer,calibration,4,134,10.0,9.999999999999999e-06,128,-1.625,92.85039370078741,0.0,0.0,0.0
psi-ed,transfer,calibration,5,141,-10.0,-9.999999999999999e-06,128,1.2265625,69.90889517716535,0.0,0.0,0.0
psi-ed,transfer,calibration,5,141,-8.0,-8e-06,128,1.2265625,82.49157234251969,0.0,0.0,0.0
psi-ed,transfer,calibration,5,141,-6.0,-6e-06,128,0.6953125,79.03241879921259,0.0,0.0,0.0
psi-ed,transfer,calibration,5,141,-4.0,-4e-06,128,-0.3359375,63.05948572834646,0.0,0.0,0.0
psi-ed,transfer,calibration,5,141,-2.0,-2e-06,128,0.0703125,64.09737942913385,0.0,0.0,0.0
psi-ed,transfer,calibration,5,141,0.0,0.0,128,-0.0546875,70.35131643700787,0.0,0.0,0.0
psi-ed,transfer,calibration,5,141,2.0,2e-06,128,0.0703125,63.813914862204726,0.0,0.0,0.0
psi-ed,transfer,calibration,5,141,4.0,4e-06,128,0.546875,63.4308562992126,0.0,0.0,0.0
psi-ed,transfer,calibration,5,141,6.0,6e-06,128,1.0,70.0,0.0,0.0,0.0
psi-ed,transfer,calibration,5,141,8.0,8e-06,128,-1.46875,75.92027559055119,0.0,0.0,0.0
psi-ed,transfer,calibration,5,141,10.0,9.999999999999999e-06,128,-1.3203125,76.01470226377953,0.0,0.0,0.0
psi-ed,transfer,calibration,6,128,-10.0,-9.999999999999999e-06,128,1.140625,76.15329724409449,0.0,0.0,0.0
psi-ed,transfer,calibration,6,128,-8.0,-8e-06,128,1.3828125,90.36411171259843,0.0,0.0,0.0
psi-ed,transfer,calibration,6,128,-6.0,-6e-06,128,0.65625,87.66043307086615,0.0,0.0,0.0
psi-ed,transfer,calibration,6,128,-4.0,-4e-06,128,-0.390625,70.36589566929133,0.0,0.0,0.0
psi-ed,transfer,calibration,6,128,-2.0,-2e-06,128,0.125,71.00787401574803,0.0,0.0,0.0
psi-ed,transfer,calibration,6,128,0.0,0.0,128,0.1171875,78.27749753937007,0.0,0.0,0.0
psi-ed,transfer,calibration,6,128,2.0,2e-06,128,0.078125,71.30093503937007,0.0,0.0,0.0
psi-ed,transfer,calibration,6,128,4.0,4e-06,128,0.453125,71.32062007874016,0.0,0.0,0.0
psi-ed,transfer,calibration,6,128,6.0,6e-06,128,1.03125,77.16437007874016,0.0,0.0,0.0
psi-ed,transfer,calibration,6,128,8.0,8e-06,128,-1.4765625,88.20417076771653,0.0,0.0,0.0
psi-ed,transfer,calibration,6,128,10.0,9.999999999999999e-06,128,-1.421875,84.26156496062993,0.0,0.0,0.0
psi-ed,transfer,calibration,7,130,-10.0,-9.999999999999999e-06,128,0.09375,48.794291338582674,0.0,0.0,0.0
psi-ed,transfer,calibration,7,130,-8.0,-8e-06,128,0.4453125,50.68989911417323,0.0,0.0,0.0
psi-ed,transfer,calibration,7,130,-6.0,-6e-06,128,1.390625,40.42888779527559,0.0,0.0,0.0
psi-ed,transfer,calibration,7,130,-4.0,-4e-06,128,-0.609375,43.62573818897638,0.0,0.0,0.0
psi-ed,transfer,calibration,7,130,-2.0,-2e-06,128,-0.140625,45.28715551181102,0.0,0.0,0.0
psi-ed,transfer,calibration,7,130,0.0,0.0,128,0.4765625,52.06243848425197,0.0,0.0,0.0
psi-ed,transfer,calibration,7,130,2.0,2e-06,127,-0.3228346456692913,46.58542682164726,0.0078125,0.0,0.0
psi-ed,transfer,calibration,7,130,4.0,4e-06,128,-0.7890625,46.62444635826772,0.0,0.0,0.0
psi-ed,transfer,calibration,7,130,6.0,6e-06,128,-0.1484375,52.552595964566926,0.0,0.0,0.0
psi-ed,transfer,calibration,7,130,8.0,8e-06,128,-0.234375,48.1808562992126,0.0,0.0,0.0
psi-ed,transfer,calibration,7,130,10.0,9.999999999999999e-06,128,-1.3203125,58.55013533464567,0.0,0.0,0.0
psi-ed,transfer,calibration,8,273,-10.0,-9.999999999999999e-06,128,1.1640625,73.24058809055119,0.0,0.0,0.0
psi-ed,transfer,calibration,8,273,-8.0,-8e-06,128,0.4296875,72.60919045275591,0.0,0.0,0.0
psi-ed,transfer,calibration,8,273,-6.0,-6e-06,128,0.5234375,64.72385580708661,0.0,0.0,0.0
psi-ed,transfer,calibration,8,273,-4.0,-4e-06,128,0.046875,72.32849409448819,0.0,0.0,0.0
psi-ed,transfer,calibration,8,273,-2.0,-2e-06,128,0.4921875,65.22828494094489,0.0,0.0,0.0
psi-ed,transfer,calibration,8,273,0.0,0.0,128,0.1875,83.0984251968504,0.0,0.0,0.0
psi-ed,transfer,calibration,8,273,2.0,2e-06,128,0.125,62.67716535433071,0.0,0.0,0.0
psi-ed,transfer,calibration,8,273,4.0,4e-06,128,0.2265625,72.72779281496064,0.0,0.0,0.0
psi-ed,transfer,calibration,8,273,6.0,6e-06,128,1.0,73.13385826771653,0.0,0.0,0.0
psi-ed,transfer,calibration,8,273,8.0,8e-06,128,-0.25,90.39370078740157,0.0,0.0,0.0
psi-ed,transfer,calibration,8,273,10.0,9.999999999999999e-06,128,-0.328125,78.11195866141732,0.0,0.0,0.0
psi-ed,transfer,calibration,9,261,-10.0,-9.999999999999999e-06,128,1.46875,77.24311023622047,0.0,0.0,0.0
psi-ed,transfer,calibration,9,261,-8.0,-8e-06,128,0.8828125,76.32474163385827,0.0,0.0078125,0.0
psi-ed,transfer,calibration,9,261,-6.0,-6e-06,128,1.2421875,79.41332431102362,0.0,0.0,0.0
psi-ed,transfer,calibration,9,261,-4.0,-4e-06,128,0.125,63.023622047244096,0.0,0.015625,0.0
psi-ed,transfer,calibration,9,261,-2.0,-2e-06,128,0.0859375,75.60672982283465,0.0,0.0078125,0.0
psi-ed,transfer,calibration,9,261,0.0,0.0,128,0.9765625,88.29078494094489,0.0,0.0234375,0.0
psi-ed,transfer,calibration,9,261,2.0,2e-06,128,0.65625,72.4005905511811,0.0,0.0078125,0.0
psi-ed,transfer,calibration,9,261,4.0,4e-06,128,0.40625,66.87303149606299,0.0,0.0078125,0.0
psi-ed,transfer,calibration,9,261,6.0,6e-06,128,1.109375,82.69660433070867,0.0,0.0234375,0.0
psi-ed,transfer,calibration,9,261,8.0,8e-06,128,0.2890625,95.46696604330708,0.0,0.015625,0.0
psi-ed,transfer,calibration,9,261,10.0,9.999999999999999e-06,128,-1.34375,78.57381889763779,0.0,0.0078125,0.0
psi-ed,transfer,calibration,10,262,-10.0,-9.999999999999999e-06,128,1.03125,52.95964566929134,0.0,0.0,0.0
psi-ed,transfer,calibration,10,262,-8.0,-8e-06,128,0.2421875,53.775529035433074,0.0,0.0,0.0
psi-ed,transfer,calibration,10,262,-6.0,-6e-06,128,0.296875,46.38361220472441,0.0,0.0,0.0
psi-ed,transfer,calibration,10,262,-4.0,-4e-06,128,0.125,52.75590551181102,0.0,0.0,0.0
psi-ed,transfer,calibration,10,262,-2.0,-2e-06,128,0.1640625,49.272084153543304,0.0,0.0,0.0
psi-ed,transfer,calibration,10,262,0.0,0.0,128,-0.0234375,59.15692667322835,0.0,0.0,0.0
psi-ed,transfer,calibration,10,262,2.0,2e-06,128,-0.0234375,44.82621801181102,0.0,0.0,0.0
psi-ed,transfer,calibration,10,262,4.0,4e-06,128,0.25,52.56692913385827,0.0,0.0,0.0
psi-ed,transfer,calibration,10,262,6.0,6e-06,128,0.6171875,51.89167076771653,0.0,0.0,0.0
psi-ed,transfer,calibration,10,262,8.0,8e-06,128,-0.28125,67.05413385826772,0.0,0.0,0.0
psi-ed,transfer,calibration,10,262,10.0,9.999999999999999e-06,128,-0.3671875,55.368048720472444,0.0,0.0,0.0
psi-ed,transfer,calibration,11,274,-10.0,-9.999999999999999e-06,128,1.1875,65.55511811023622,0.0,0.0,0.0
psi-ed,transfer,calibration,11,274,-8.0,-8e-06,128,0.640625,59.255659448818896,0.0,0.0,0.0
psi-ed,transfer,calibration,11,274,-6.0,-6e-06,128,1.203125,65.06077755905511,0.0,0.0,0.0
psi-ed,transfer,calibration,11,274,-4.0,-4e-06,128,0.2109375,48.498462106299215,0.0,0.0,0.0
psi-ed,transfer,calibration,11,274,-2.0,-2e-06,128,-0.0625,62.35826771653543,0.0,0.0,0.0
psi-ed,transfer,calibration,11,274,0.0,0.0,128,0.96875,74.17224409448819,0.0,0.0,0.0
psi-ed,transfer,calibration,11,274,2.0,2e-06,128,0.765625,59.01550196850393,0.0,0.0,0.0
psi-ed,transfer,calibration,11,274,4.0,4e-06,128,0.4296875,54.07375738188976,0.0,0.0,0.0
psi-ed,transfer,calibration,11,274,6.0,6e-06,128,1.046875,69.03715551181102,0.0,0.0,0.0
psi-ed,transfer,calibration,11,274,8.0,8e-06,128,0.5625,77.01968503937007,0.0,0.0,0.0
psi-ed,transfer,calibration,11,274,10.0,9.999999999999999e-06,128,-1.0234375,63.07818651574803,0.0,0.0,0.0
psi-ed,transfer,calibration,12,390,-10.0,-9.999999999999999e-06,128,1.421875,55.48991141732284,0.0,0.0,0.0
psi-ed,transfer,calibration,12,390,-8.0,-8e-06,128,0.8203125,54.29029281496063,0.0,0.0,0.0
psi-ed,transfer,calibration,12,390,-6.0,-6e-06,128,1.09375,56.306102362204726,0.0,0.0,0.0
psi-ed,transfer,calibration,12,390,-4.0,-4e-06,128,0.15625,42.49507874015748,0.0,0.0,0.0
psi-ed,transfer,calibration,12,390,-2.0,-2e-06,128,0.078125,55.83636811023622,0.0,0.0,0.0
psi-ed,transfer,calibration,12,390,0.0,0.0,128,0.7421875,68.22434793307086,0.0,0.0,0.0
psi-ed,transfer,calibration,12,390,2.0,2e-06,128,0.5078125,55.93694635826772,0.0,0.0,0.0
psi-ed,transfer,calibration,12,390,4.0,4e-06,128,0.421875,47.757627952755904,0.0,0.0,0.0
psi-ed,transfer,calibration,12,390,6.0,6e-06,128,0.953125,58.07652559055118,0.0,0.0,0.0
psi-ed,transfer,calibration,12,390,8.0,8e-06,128,0.203125,66.17888779527559,0.0,0.0,0.0
psi-ed,transfer,calibration,12,390,10.0,9.999999999999999e-06,128,-0.984375,60.55093503937008,0.0,0.0,0.0
psi-ed,transfer,calibration,13,386,-10.0,-9.999999999999999e-06,128,1.4921875,50.897576279527556,0.0,0.0,0.0
psi-ed,transfer,calibration,13,386,-8.0,-8e-06,128,0.8828125,51.82080462598425,0.0,0.0,0.0
psi-ed,transfer,calibration,13,386,-6.0,-6e-06,128,1.0859375,53.08704478346457,0.0,0.0,0.0
psi-ed,transfer,calibration,13,386,-4.0,-4e-06,128,0.15625,38.8257874015748,0.0,0.0,0.0
psi-ed,transfer,calibration,13,386,-2.0,-2e-06,127,-0.06299212598425197,51.837270341207415,0.0078125,0.0,0.0
psi-ed,transfer,calibration,13,386,0.0,0.0,128,0.78125,63.463582677165356,0.0,0.0,0.0
psi-ed,transfer,calibration,13,386,2.0,2e-06,128,0.5,52.86614173228347,0.0,0.0,0.0
psi-ed,transfer,calibration,13,386,4.0,4e-06,128,0.3515625,43.11165108267716,0.0,0.0,0.0
psi-ed,transfer,calibration,13,386,6.0,6e-06,128,0.921875,55.6316437007874,0.0,0.0,0.0
psi-ed,transfer,calibration,13,386,8.0,8e-06,128,0.3515625,60.57621801181102,0.0,0.0,0.0
psi-ed,transfer,calibration,13,386,10.0,9.999999999999999e-06,128,-1.046875,56.04502952755905,0.0,0.0,0.0
psi-ed,transfer,calibration,14,388,-10.0,-9.999999999999999e-06,128,1.3984375,56.06834399606299,0.0,0.0,0.0
psi-ed,transfer,calibration,14,388,-8.0,-8e-06,128,0.8046875,55.27651328740158,0.0,0.0,0.0
psi-ed,transfer,calibration,14,388,-6.0,-6e-06,128,1.078125,56.450541338582674,0.0,0.0,0.0
psi-ed,transfer,calibration,14,388,-4.0,-4e-06,128,0.0625,43.71259842519685,0.0,0.0,0.0
psi-ed,transfer,calibration,14,388,-2.0,-2e-06,128,0.0078125,56.181040846456696,0.0,0.0,0.0
psi-ed,transfer,calibration,14,388,0.0,0.0,128,0.65625,67.86515748031496,0.0,0.0,0.0
psi-ed,transfer,calibration,14,388,2.0,2e-06,128,0.328125,56.269438976377955,0.0,0.0,0.0
psi-ed,transfer,calibration,14,388,4.0,4e-06,128,0.375,49.41732283464567,0.0,0.0,0.0
psi-ed,transfer,calibration,14,388,6.0,6e-06,128,0.8984375,58.95810777559055,0.0,0.0,0.0
psi-ed,transfer,calibration,14,388,8.0,8e-06,128,0.1796875,67.73911171259843,0.0,0.0,0.0
psi-ed,transfer,calibration,14,388,10.0,9.999999999999999e-06,128,-1.078125,61.206446850393704,0.0,0.0,0.0
psi-ed,transfer,calibration,15,392,-10.0,-9.999999999999999e-06,128,1.4453125,53.44580462598425,0.0,0.0,0.0
psi-ed,transfer,calibration,15,392,-8.0,-8e-06,128,0.84375,53.75492125984252,0.0,0.0,0.0
psi-ed,transfer,calibration,15,392,-6.0,-6e-06,128,1.0234375,54.44826525590551,0.0,0.0,0.0
psi-ed,transfer,calibration,15,392,-4.0,-4e-06,128,0.0390625,40.856729822834644,0.0,0.0,0.0
psi-ed,transfer,calibration,15,392,-2.0,-2e-06,128,0.0,54.36220472440945,0.0,0.0,0.0
psi-ed,transfer,calibration,15,392,0.0,0.0,128,0.625,66.34645669291339,0.0,0.0078125,0.0
psi-ed,transfer,calibration,15,392,2.0,2e-06,128,0.4375,55.50787401574803,0.0,0.0,0.0
psi-ed,transfer,calibration,15,392,4.0,4e-06,128,0.3984375,46.6195250984252,0.0,0.0,0.0
psi-ed,transfer,calibration,15,392,6.0,6e-06,128,0.921875,55.94660433070866,0.0,0.0,0.0
psi-ed,transfer,calibration,15,392,8.0,8e-06,128,0.078125,66.0568405511811,0.0,0.0,0.0
psi-ed,transfer,calibration,15,392,10.0,9.999999999999999e-06,128,-0.9765625,59.69235974409449,0.0,0.0,0.0
psi-ed,transfer,validation,0,3,-10.0,-9.999999999999999e-06,128,-0.5546875,55.06785187007874,0.0,0.0,0.0
psi-ed,transfer,validation,0,3,-8.0,-8e-06,128,-1.265625,46.921013779527556,0.0,0.0,0.0
psi-ed,transfer,validation,0,3,-6.0,-6e-06,128,-1.359375,41.36589566929134,0.0,0.0,0.0
psi-ed,transfer,validation,0,3,-4.0,-4e-06,128,-0.203125,48.777312992125985,0.0,0.0,0.0
psi-ed,transfer,validation,0,3,-2.0,-2e-06,128,-0.015625,46.81865157480315,0.0,0.0,0.0
psi-ed,transfer,validation,0,3,0.0,0.0,128,-0.6875,44.86220472440945,0.0,0.0,0.0
psi-ed,transfer,validation,0,3,2.0,2e-06,128,-2.21875,50.99114173228347,0.0,0.0,0.0
psi-ed,transfer,validation,0,3,4.0,4e-06,128,-0.6796875,45.49501722440945,0.0,0.0,0.0
psi-ed,transfer,validation,0,3,6.0,6e-06,128,0.203125,50.91904527559055,0.0,0.0,0.0
psi-ed,transfer,validation,0,3,8.0,8e-06,128,-0.3671875,48.87985974409449,0.0,0.0,0.0
psi-ed,transfer,validation,0,3,10.0,9.999999999999999e-06,128,-1.1328125,56.95072588582677,0.0,0.0,0.0
psi-ed,transfer,validation,1,11,-10.0,-9.999999999999999e-06,128,-0.578125,57.55290354330709,0.0,0.0,0.0
psi-ed,transfer,validation,1,11,-8.0,-8e-06,128,-1.3828125,47.49796998031496,0.0,0.0,0.0
psi-ed,transfer,validation,1,11,-6.0,-6e-06,128,-1.3515625,43.88330462598425,0.0,0.0,0.0
psi-ed,transfer,validation,1,11,-4.0,-4e-06,128,-0.21875,50.20374015748032,0.0,0.0,0.0
psi-ed,transfer,validation,1,11,-2.0,-2e-06,128,-0.0546875,48.493048720472444,0.0,0.0,0.0
psi-ed,transfer,validation,1,11,0.0,0.0,128,-0.8515625,47.27700541338583,0.0,0.0,0.0
psi-ed,transfer,validation,1,11,2.0,2e-06,128,-2.3046875,52.08753690944882,0.0,0.0,0.0
psi-ed,transfer,validation,1,11,4.0,4e-06,128,-0.796875,47.69069881889764,0.0,0.0,0.0
psi-ed,transfer,validation,1,11,6.0,6e-06,128,0.2109375,52.93940698818898,0.0,0.0,0.0
psi-ed,transfer,validation,1,11,8.0,8e-06,128,-0.40625,49.72342519685039,0.0,0.0,0.0
psi-ed,transfer,validation,1,11,10.0,9.999999999999999e-06,128,-1.296875,60.05290354330709,0.0,0.0,0.0
psi-ed,transfer,validation,2,13,-10.0,-9.999999999999999e-06,128,-0.453125,53.38361220472441,0.0,0.0,0.0
psi-ed,transfer,validation,2,13,-8.0,-8e-06,128,-1.1640625,45.476808562992126,0.0,0.0,0.0
psi-ed,transfer,validation,2,13,-6.0,-6e-06,128,-1.09375,40.44783464566929,0.0,0.0,0.0
psi-ed,transfer,validation,2,13,-4.0,-4e-06,128,-0.1171875,45.52159202755905,0.0,0.0,0.0
psi-ed,transfer,validation,2,13,-2.0,-2e-06,128,0.0546875,44.74501722440945,0.0,0.0,0.0
psi-ed,transfer,validation,2,13,0.0,0.0,128,-0.65625,42.92027559055118,0.0,0.0,0.0
psi-ed,transfer,validation,2,13,2.0,2e-06,128,-2.046875,48.548966535433074,0.0,0.0,0.0
psi-ed,transfer,validation,2,13,4.0,4e-06,128,-0.59375,44.05413385826772,0.0,0.0,0.0
psi-ed,transfer,validation,2,13,6.0,6e-06,128,0.390625,49.78321850393701,0.0,0.0,0.0
psi-ed,transfer,validation,2,13,8.0,8e-06,128,-0.3359375,45.97287155511811,0.0,0.0,0.0
psi-ed,transfer,validation,2,13,10.0,9.999999999999999e-06,128,-1.046875,55.100147637795274,0.0,0.0,0.0
psi-ed,transfer,validation,3,1,-10.0,-9.999999999999999e-06,128,-0.4140625,50.118540846456696,0.0,0.0,0.0
psi-ed,transfer,validation,3,1,-8.0,-8e-06,128,-1.125,43.24409448818898,0.0,0.0,0.0
psi-ed,transfer,validation,3,1,-6.0,-6e-06,128,-1.234375,39.55093503937008,0.0,0.0,0.0
psi-ed,transfer,validation,3,1,-4.0,-4e-06,128,-0.25,43.95275590551181,0.0,0.0,0.0
psi-ed,transfer,validation,3,1,-2.0,-2e-06,128,-0.0078125,41.976316437007874,0.0,0.0,0.0
psi-ed,transfer,validation,3,1,0.0,0.0,128,-0.6015625,40.57228100393701,0.0,0.0,0.0
psi-ed,transfer,validation,3,1,2.0,2e-06,128,-2.0546875,46.94974163385827,0.0,0.0,0.0
psi-ed,transfer,validation,3,1,4.0,4e-06,128,-0.671875,43.16707677165354,0.0,0.0,0.0
psi-ed,transfer,validation,3,1,6.0,6e-06,128,0.3515625,47.28487942913386,0.0,0.0,0.0
psi-ed,transfer,validation,3,1,8.0,8e-06,128,-0.2265625,43.13724163385827,0.0,0.0,0.0
psi-ed,transfer,validation,3,1,10.0,9.999999999999999e-06,128,-0.9296875,52.979269192913385,0.0,0.0,0.0
psi-ed,transfer,validation,4,134,-10.0,-9.999999999999999e-06,128,-1.5,105.60629921259843,0.0,0.0,0.0
psi-ed,transfer,validation,4,134,-8.0,-8e-06,128,-2.59375,75.78641732283465,0.0,0.0,0.0
psi-ed,transfer,validation,4,134,-6.0,-6e-06,128,-2.9609375,82.90397391732283,0.0,0.0,0.0
psi-ed,transfer,validation,4,134,-4.0,-4e-06,128,0.3515625,92.1195250984252,0.0,0.0,0.0
psi-ed,transfer,validation,4,134,-2.0,-2e-06,128,-0.1171875,84.78143454724409,0.0,0.0,0.0
psi-ed,transfer,validation,4,134,0.0,0.0,128,-1.0,72.75590551181102,0.0,0.0,0.0
psi-ed,transfer,validation,4,134,2.0,2e-06,128,-3.1171875,76.04127706692914,0.0,0.0,0.0
psi-ed,transfer,validation,4,134,4.0,4e-06,128,-1.65625,88.60531496062993,0.0,0.0,0.0
psi-ed,transfer,validation,4,134,6.0,6e-06,128,-0.5625,85.98031496062993,0.0,0.0,0.0
psi-ed,transfer,validation,4,134,8.0,8e-06,128,-1.6484375,87.42661171259843,0.0,0.0,0.0
psi-ed,transfer,validation,4,134,10.0,9.999999999999999e-06,128,-1.9453125,103.12296998031496,0.0,0.0,0.0
psi-ed,transfer,validation,5,141,-10.0,-9.999999999999999e-06,128,-1.03125,87.73129921259843,0.0,0.0,0.0
psi-ed,transfer,validation,5,141,-8.0,-8e-06,128,-2.1796875,61.55013533464567,0.0,0.0,0.0
psi-ed,transfer,validation,5,141,-6.0,-6e-06,128,-2.328125,71.46628937007874,0.0,0.0,0.0
psi-ed,transfer,validation,5,141,-4.0,-4e-06,128,0.5078125,76.8345841535433,0.0,0.0,0.0
psi-ed,transfer,validation,5,141,-2.0,-2e-06,128,0.0546875,67.70564714566929,0.0,0.0,0.0
psi-ed,transfer,validation,5,141,0.0,0.0,128,-0.5,57.68503937007874,0.0,0.0,0.0
psi-ed,transfer,validation,5,141,2.0,2e-06,128,-2.484375,61.999753937007874,0.0,0.0,0.0
psi-ed,transfer,validation,5,141,4.0,4e-06,128,-1.328125,75.68676181102362,0.0,0.0,0.0
psi-ed,transfer,validation,5,141,6.0,6e-06,128,-0.265625,74.03912401574803,0.0,0.0,0.0
psi-ed,transfer,validation,5,141,8.0,8e-06,128,-1.625,73.48031496062993,0.0,0.0,0.0
psi-ed,transfer,validation,5,141,10.0,9.999999999999999e-06,128,-1.546875,84.98991141732283,0.0,0.0,0.0
psi-ed,transfer,validation,6,128,-10.0,-9.999999999999999e-06,128,-1.1875,98.53149606299213,0.0,0.0,0.0
psi-ed,transfer,validation,6,128,-8.0,-8e-06,128,-2.3203125,68.72336368110236,0.0,0.0,0.0
psi-ed,transfer,validation,6,128,-6.0,-6e-06,128,-2.6015625,79.69039124015748,0.0,0.0,0.0
psi-ed,transfer,validation,6,128,-4.0,-4e-06,128,0.5390625,84.45515501968504,0.0,0.0,0.0
psi-ed,transfer,validation,6,128,-2.0,-2e-06,128,-0.0546875,77.9576156496063,0.0,0.0,0.0
psi-ed,transfer,validation,6,128,0.0,0.0,128,-0.609375,66.0036909448819,0.0,0.0,0.0
psi-ed,transfer,validation,6,128,2.0,2e-06,128,-2.625,69.60629921259843,0.0,0.0,0.0
psi-ed,transfer,validation,6,128,4.0,4e-06,128,-1.3359375,81.87838336614173,0.0,0.0,0.0
psi-ed,transfer,validation,6,128,6.0,6e-06,128,-0.3671875,78.02946604330708,0.0,0.0,0.0
psi-ed,transfer,validation,6,128,8.0,8e-06,128,-1.3984375,80.43054872047244,0.0,0.0,0.0
psi-ed,transfer,validation,6,128,10.0,9.999999999999999e-06,128,-1.84375,96.10137795275591,0.0,0.0,0.0
psi-ed,transfer,validation,7,130,-10.0,-9.999999999999999e-06,127,-0.3464566929133858,56.00599925009373,0.0078125,0.0,0.0
psi-ed,transfer,validation,7,130,-8.0,-8e-06,128,-0.75,49.41732283464567,0.0,0.0,0.0
psi-ed,transfer,validation,7,130,-6.0,-6e-06,128,-1.2265625,54.42858021653543,0.0,0.0,0.0
psi-ed,transfer,validation,7,130,-4.0,-4e-06,128,-0.3984375,49.895115649606296,0.0,0.0,0.0
psi-ed,transfer,validation,7,130,-2.0,-2e-06,128,0.0859375,43.748462106299215,0.0,0.0,0.0
psi-ed,transfer,validation,7,130,0.0,0.0,128,-0.6796875,50.23517470472441,0.0,0.0,0.0
psi-ed,transfer,validation,7,130,2.0,2e-06,128,-1.65625,60.857283464566926,0.0,0.0,0.0
psi-ed,transfer,validation,7,130,4.0,4e-06,128,-0.8203125,47.313914862204726,0.0,0.0,0.0
psi-ed,transfer,validation,7,130,6.0,6e-06,128,0.6640625,62.00436761811024,0.0,0.0,0.0
psi-ed,transfer,validation,7,130,8.0,8e-06,128,-0.328125,53.63951771653543,0.0,0.0,0.0
psi-ed,transfer,validation,7,130,10.0,9.999999999999999e-06,128,-0.375,53.874015748031496,0.0,0.0,0.0
psi-ed,transfer,validation,8,273,-10.0,-9.999999999999999e-06,128,0.1875,71.47637795275591,0.0,0.0,0.0
psi-ed,transfer,validation,8,273,-8.0,-8e-06,128,-0.5625,69.41338582677166,0.0,0.0,0.0
psi-ed,transfer,validation,8,273,-6.0,-6e-06,128,-0.1640625,58.23271407480315,0.0,0.0,0.0
psi-ed,transfer,validation,8,273,-4.0,-4e-06,128,-1.1796875,71.17218257874016,0.0,0.0,0.0
psi-ed,transfer,validation,8,273,-2.0,-2e-06,128,-0.15625,77.125,0.0,0.0,0.0
psi-ed,transfer,validation,8,273,0.0,0.0,128,-0.578125,73.09621062992126,0.0,0.0,0.0
psi-ed,transfer,validation,8,273,2.0,2e-06,128,-2.0078125,61.283403051181104,0.0,0.0,0.0
psi-ed,transfer,validation,8,273,4.0,4e-06,128,-0.59375,77.64468503937007,0.0,0.0,0.0
psi-ed,transfer,validation,8,273,6.0,6e-06,128,0.25,69.84251968503936,0.0,0.0,0.0
psi-ed,transfer,validation,8,273,8.0,8e-06,128,-0.53125,68.03051181102362,0.0,0.0,0.0
psi-ed,transfer,validation,8,273,10.0,9.999999999999999e-06,128,-1.234375,90.68479330708661,0.0,0.0,0.0
psi-ed,transfer,validation,9,261,-10.0,-9.999999999999999e-06,128,-0.296875,89.28125,0.0,0.0078125,0.0
psi-ed,transfer,validation,9,261,-8.0,-8e-06,128,-0.9140625,77.92169045275591,0.0,0.0,0.0
psi-ed,transfer,validation,9,261,-6.0,-6e-06,128,-0.5859375,69.92956446850394,0.0,0.0,0.0
psi-ed,transfer,validation,9,261,-4.0,-4e-06,128,-1.125,74.44094488188976,0.0,0.0,0.0
psi-ed,transfer,validation,9,261,-2.0,-2e-06,128,-0.2734375,78.43645423228347,0.0,0.0,0.0
psi-ed,transfer,validation,9,261,0.0,0.0,128,-0.125,64.77165354330708,0.0,0.0,0.0
psi-ed,transfer,validation,9,261,2.0,2e-06,128,-2.09375,67.48720472440945,0.0,0.0,0.0
psi-ed,transfer,validation,9,261,4.0,4e-06,128,-1.1328125,85.70663139763779,0.0,0.0,0.0
psi-ed,transfer,validation,9,261,6.0,6e-06,128,0.328125,78.67888779527559,0.0,0.0078125,0.0
psi-ed,transfer,validation,9,261,8.0,8e-06,128,-0.5546875,72.39068651574803,0.0,0.0,0.0
psi-ed,transfer,validation,9,261,10.0,9.999999999999999e-06,128,-1.5,84.4724409448819,0.0,0.0,0.0
psi-ed,transfer,validation,10,262,-10.0,-9.999999999999999e-06,128,0.078125,53.978100393700785,0.0,0.0,0.0
psi-ed,transfer,validation,10,262,-8.0,-8e-06,128,-0.5859375,50.2445250984252,0.0,0.0,0.0
psi-ed,transfer,validation,10,262,-6.0,-6e-06,128,-0.203125,40.99778543307087,0.0,0.0,0.0
psi-ed,transfer,validation,10,262,-4.0,-4e-06,128,-0.9453125,53.21745816929134,0.0,0.0,0.0
psi-ed,transfer,validation,10,262,-2.0,-2e-06,128,-0.1875,54.89370078740158,0.0,0.0,0.0
psi-ed,transfer,validation,10,262,0.0,0.0,128,-0.6953125,53.31588336614173,0.0,0.0,0.0
psi-ed,transfer,validation,10,262,2.0,2e-06,128,-1.7578125,44.704662893700785,0.0,0.0,0.0
psi-ed,transfer,validation,10,262,4.0,4e-06,128,-0.59375,57.32972440944882,0.0,0.0,0.0
psi-ed,transfer,validation,10,262,6.0,6e-06,128,0.0,50.488188976377955,0.0,0.0,0.0
psi-ed,transfer,validation,10,262,8.0,8e-06,128,-0.4375,49.33464566929134,0.0,0.0,0.0
psi-ed,transfer,validation,10,262,10.0,9.999999999999999e-06,128,-1.140625,66.18479330708661,0.0,0.0,0.0
psi-ed,transfer,validation,11,274,-10.0,-9.999999999999999e-06,128,-0.1796875,73.91234005905511,0.0,0.0,0.0
psi-ed,transfer,validation,11,274,-8.0,-8e-06,128,-0.875,62.61417322834646,0.0,0.0,0.0
psi-ed,transfer,validation,11,274,-6.0,-6e-06,128,-0.4296875,52.62493848425197,0.0,0.0,0.0
psi-ed,transfer,validation,11,274,-4.0,-4e-06,128,-0.6796875,62.18793061023622,0.0,0.0,0.0
psi-ed,transfer,validation,11,274,-2.0,-2e-06,128,-0.078125,63.03321850393701,0.0,0.0,0.0
psi-ed,transfer,validation,11,274,0.0,0.0,128,-0.171875,54.41117125984252,0.0,0.0,0.0
psi-ed,transfer,validation,11,274,2.0,2e-06,128,-1.7109375,56.25436761811024,0.0,0.0,0.0
psi-ed,transfer,validation,11,274,4.0,4e-06,128,-1.0234375,68.29078494094489,0.0,0.0,0.0
psi-ed,transfer,validation,11,274,6.0,6e-06,128,0.3125,65.16141732283465,0.0,0.0,0.0
psi-ed,transfer,validation,11,274,8.0,8e-06,128,-0.4296875,57.53832431102362,0.0,0.0,0.0
psi-ed,transfer,validation,11,274,10.0,9.999999999999999e-06,128,-1.4765625,66.81834399606299,0.0,0.0,0.0
psi-ed,transfer,validation,12,390,-10.0,-9.999999999999999e-06,128,-0.15625,64.36909448818898,0.0,0.0,0.0
psi-ed,transfer,validation,12,390,-8.0,-8e-06,128,-0.734375,54.070620078740156,0.0,0.0,0.0
psi-ed,transfer,validation,12,390,-6.0,-6e-06,128,-0.46875,52.455708661417326,0.0,0.0,0.0
psi-ed,transfer,validation,12,390,-4.0,-4e-06,128,-1.0078125,53.59836368110236,0.0,0.0,0.0
psi-ed,transfer,validation,12,390,-2.0,-2e-06,128,-0.1484375,55.98566683070866,0.0,0.0,0.0
psi-ed,transfer,validation,12,390,0.0,0.0,128,-0.1015625,44.95810777559055,0.0,0.0,0.0
psi-ed,transfer,validation,12,390,2.0,2e-06,128,-1.8125,50.468503937007874,0.0,0.0,0.0
psi-ed,transfer,validation,12,390,4.0,4e-06,128,-0.984375,63.19660433070866,0.0,0.0,0.0
psi-ed,transfer,validation,12,390,6.0,6e-06,128,0.3203125,55.164308562992126,0.0,0.0,0.0
psi-ed,transfer,validation,12,390,8.0,8e-06,128,-0.4140625,51.63035187007874,0.0,0.0,0.0
psi-ed,transfer,validation,12,390,10.0,9.999999999999999e-06,127,-1.031496062992126,61.64979377577792,0.0078125,0.0,0.0
psi-ed,transfer,validation,13,386,-10.0,-9.999999999999999e-06,128,-0.2578125,59.49993848425197,0.0,0.0,0.0
psi-ed,transfer,validation,13,386,-8.0,-8e-06,128,-0.75,51.511811023622045,0.0,0.0,0.0
psi-ed,transfer,validation,13,386,-6.0,-6e-06,128,-0.4375,47.17716535433071,0.0,0.0,0.0
psi-ed,transfer,validation,13,386,-4.0,-4e-06,128,-0.9765625,50.14905265748032,0.0,0.0,0.0
psi-ed,transfer,validation,13,386,-2.0,-2e-06,128,-0.140625,51.06668307086614,0.0,0.0,0.0
psi-ed,transfer,validation,13,386,0.0,0.0,128,-0.171875,43.38754921259842,0.0,0.0,0.0
psi-ed,transfer,validation,13,386,2.0,2e-06,128,-1.546875,46.470226377952756,0.0,0.0,0.0
psi-ed,transfer,validation,13,386,4.0,4e-06,128,-0.890625,56.66510826771653,0.0,0.0,0.0
psi-ed,transfer,validation,13,386,6.0,6e-06,128,0.2421875,51.318836122047244,0.0,0.0,0.0
psi-ed,transfer,validation,13,386,8.0,8e-06,128,-0.390625,49.31077755905512,0.0,0.0,0.0
psi-ed,transfer,validation,13,386,10.0,9.999999999999999e-06,128,-1.0625,55.79133858267716,0.0,0.0,0.0
psi-ed,transfer,validation,14,388,-10.0,-9.999999999999999e-06,128,-0.2734375,64.76716289370079,0.0,0.0,0.0
psi-ed,transfer,validation,14,388,-8.0,-8e-06,128,-0.8359375,55.99649360236221,0.0,0.0,0.0
psi-ed,transfer,validation,14,388,-6.0,-6e-06,128,-0.5546875,53.493048720472444,0.0,0.0,0.0
psi-ed,transfer,validation,14,388,-4.0,-4e-06,128,-1.140625,55.99581692913386,0.0,0.0,0.0
psi-ed,transfer,validation,14,388,-2.0,-2e-06,128,-0.2890625,56.207123523622045,0.0,0.0,0.0
psi-ed,transfer,validation,14,388,0.0,0.0,128,-0.3046875,46.62296998031496,0.0,0.0,0.0
psi-ed,transfer,validation,14,388,2.0,2e-06,128,-1.8671875,50.63576525590551,0.0,0.0,0.0
psi-ed,transfer,validation,14,388,4.0,4e-06,128,-1.09375,63.40846456692913,0.0,0.0,0.0
psi-ed,transfer,validation,14,388,6.0,6e-06,128,0.21875,54.80216535433071,0.0,0.0,0.0
psi-ed,transfer,validation,14,388,8.0,8e-06,128,-0.5390625,52.691375492125985,0.0,0.0,0.0
psi-ed,transfer,validation,14,388,10.0,9.999999999999999e-06,128,-1.171875,61.52928149606299,0.0,0.0,0.0
psi-ed,transfer,validation,15,392,-10.0,-9.999999999999999e-06,128,-0.2109375,63.83704478346457,0.0,0.0,0.0
psi-ed,transfer,validation,15,392,-8.0,-8e-06,128,-0.71875,53.38484251968504,0.0,0.0,0.0
psi-ed,transfer,validation,15,392,-6.0,-6e-06,128,-0.5078125,52.40938730314961,0.0,0.0,0.0
psi-ed,transfer,validation,15,392,-4.0,-4e-06,128,-0.96875,53.21161417322835,0.0,0.0,0.0
psi-ed,transfer,validation,15,392,-2.0,-2e-06,128,-0.2265625,53.49944635826772,0.0,0.0,0.0
psi-ed,transfer,validation,15,392,0.0,0.0,128,-0.234375,44.306840551181104,0.0,0.0,0.0
psi-ed,transfer,validation,15,392,2.0,2e-06,128,-1.734375,49.23597440944882,0.0,0.0,0.0
psi-ed,transfer,validation,15,392,4.0,4e-06,128,-0.96875,59.463582677165356,0.0,0.0,0.0
psi-ed,transfer,validation,15,392,6.0,6e-06,128,0.1875,52.7992125984252,0.0,0.0,0.0
psi-ed,transfer,validation,15,392,8.0,8e-06,128,-0.5,51.32283464566929,0.0,0.0,0.0
psi-ed,transfer,validation,15,392,10.0,9.999999999999999e-06,128,-1.1171875,59.15938730314961,0.0,0.0,0.0
